OrderID,OrderDate,Region,City,RepID,ProductID,Channel,CustomerSegment,Units,UnitPrice,DiscountPct,ShipDays,Returned
ORD-101056,2024-07-22,North,Chandigarh,R214,P1017,Online,SMB,2,12691.1,0.0,2.0,No
ORD-100301,2024-08-07,West,Ahmedabad,R201,P1014,Online,Consumer,2,39625.68,0.0,3.0,No
ORD-105366,2025-11-22,North,Delhi,R214,P1043,Retail,SMB,4,276.7,0.2,8.0,Yes
ORD-103508,2024-04-05,North,Jaipur,R206,P1031,Retail,SMB,3,858.12,0.0,4.0,No
ORD-104463,2025-02-03,East,Patna,R208,P1026,Retail,SMB,5,8567.02,0.0,3.0,No
ORD-104966,2025-06-30,North,Lucknow,R210,P1041,Partner,Corporate,2,807.65,0.05,6.0,No
ORD-100234,2025-07-08,North,Jaipur,R218,P1006,Online,SMB,2,49997.05,0.0,3.0,No
ORD-102718,2025-03-21,North,Chandigarh,R202,P1035,Partner,SMB,3,340.1,0.0,5.0,No
ORD-105806,2024-03-22,West,Pune,R217,P1013,Online,SMB,4,59993.19,0.0,9.0,No
ORD-103423,2025-08-07,North,Delhi,R214,P1052,Partner,SMB,5,19413.96,0.0,11.0,No
ORD-104726,2025-02-09,East,Kolkata,R200,P1018,Partner,Consumer,3,13776.08,0.05,9.0,No
ORD-104317,2025-08-10,West,Pune,R205,P1048,Retail,SMB,2,17450.56,0.0,9.0,No
ORD-100285,2025-03-25,East,Guwahati,R216,P1034,Retail,Corporate,4,693.4,0.0,8.0,No
ORD-102922,2025-04-01,West,Mumbai,R217,P1045,Partner,Consumer,4,439.26,0.0,5.0,No
ORD-104564,2025-07-28,East,Bhubaneswar,R208,P1046,Online,Consumer,1,14181.16,0.0,8.0,No
ORD-104583,2025-10-19,East,Patna,R204,P1007,Online,Corporate,6,66656.81,0.0,11.0,No
ORD-102804,2025-02-08,West,Surat,R205,P1049,Online,Consumer,3,14996.35,0.1,1.0,No
ORD-104079,2025-07-03,West,Pune,R209,P1022,Online,SMB,3,18225.06,0.05,6.0,No
ORD-105174,2024-06-08,South,Bengaluru,R215,P1040,Retail,SMB,3,876.5,0.15,5.0,No
ORD-100079,2025-02-22,South,Bengaluru,R207,P1007,Partner,Corporate,4,67195.94,0.0,10.0,No
ORD-103875,2024-07-06,South,Chennai,R219,P1007,Partner,SMB,2,66799.96,0.2,2.0,Yes
ORD-104295,2025-03-26,East,Bhubaneswar,R216,P1047,Partner,SMB,5,19793.05,0.05,3.0,No
ORD-100314,2024-07-04,South,Bengaluru,R215,P1033,Retail,Corporate,4,877.9,0.2,5.0,No
ORD-102582,2025-04-16,North,Jaipur,R202,P1034,Partner,Corporate,3,703.23,0.0,2.0,No
ORD-102105,2024-02-24,South,Kochi,R215,P1017,Retail,SMB,7,12031.36,0.0,9.0,No
ORD-101847,2024-06-28,West,Surat,R217,P1053,Partner,Corporate,1,31286.43,0.15,4.0,No
ORD-104517,2025-08-09,North,Lucknow,R202,P1031,Online,Corporate,4,853.87,0.15,1.0,No
ORD-101652,2025-11-28,South,Bengaluru,R207,P1035,Retail,Corporate,2,326.13,0.1,1.0,No
ORD-105535,2024-01-31,South,Chennai,R219,P1032,Online,Corporate,3,845.73,0.1,11.0,No
ORD-104082,2025-08-25,East,Guwahati,R212,P1025,Partner,Corporate,2,16419.49,0.0,2.0,No
ORD-102921,2025-09-20,South,Kochi,R207,P1041,Online,SMB,5,838.22,0.1,3.0,No
ORD-103183,2024-12-20,East,Bhubaneswar,R208,P1006,Partner,Consumer,9,50795.78,0.2,5.0,No
ORD-101256,2025-10-03,East,Bhubaneswar,R204,P1048,Online,SMB,7,17489.49,0.0,9.0,No
ORD-105702,2025-11-19,SOUTH,Bengaluru,R207,P1054,Partner,Corporate,3,18372.43,0.0,3.0,No
ORD-103769,2025-02-12,North,Delhi,R214,P1014,Online,Consumer,3,39840.61,0.0,2.0,No
ORD-100433,2025-08-09,North,Jaipur,R202,P1019,Partner,Corporate,4,9268.46,0.0,11.0,No
ORD-105574,2024-01-11,West,Ahmedabad,R209,P1022,Retail,Consumer,4,18596.34,0.0,8.0,Yes
ORD-103766,2025-03-19,South,Bengaluru,R211,P1050,Partner,SMB,1,14458.83,0.0,1.0,No
ORD-105312,2024-11-23,South,Bengaluru,R207,P1018,Online,Corporate,5,13364.96,0.2,3.0,No
ORD-103751,2024-11-24,North,Chandigarh,R206,P1050,Partner,Corporate,6,14612.18,0.05,4.0,No
ORD-102739,2024-02-10,North,Lucknow,R202,P1028,Partner,SMB,2,21738.96,0.0,1.0,No
ORD-102394,2024-03-20,North,Delhi,R214,P1002,Partner,Consumer,4,79017.77,0.0,5.0,No
ORD-101060,2024-08-12,North,Jaipur,R214,P1025,Retail,SMB,1,16867.03,0.1,4.0,No
ORD-100605,2024-04-29,North,Delhi,R210,P1019,Partner,SMB,4,9344.55,0.0,1.0,No
ORD-101892,2025-10-17,South,Chennai,R215,P1043,Retail,Corporate,4,277.74,0.0,9.0,No
ORD-103444,2024-09-12,East,Guwahati,R208,P1026,Retail,SMB,5,8674.8,0.0,8.0,No
ORD-100147,2025-04-27,West,Surat,R209,P1053,Retail,Corporate,4,31773.05,0.15,1.0,No
ORD-103107,2024-03-10,South,Bengaluru,R203,P1045,Online,SMB,4,438.39,0.0,1.0,No
ORD-104703,2025-05-01,North,Chandigarh,R218,P1006,Retail,Corporate,4,50184.56,0.0,8.0,No
ORD-101831,2025-10-21,North,Lucknow,R202,P1011,Partner,SMB,4,62384.15,0.15,5.0,No
ORD-101999,2025-11-13,West,Pune,R201,P1037,Online,Consumer,3,919.57,0.0,10.0,No
ORD-104539,2025-02-05,West,Mumbai,R205,P1044,Retail,SMB,3,886.18,0.15,8.0,No
ORD-105546,2024-06-05,East,Patna,R208,P1043,Online,Corporate,3,271.33,0.0,5.0,No
ORD-101326,2025-05-21,South,Kochi,R219,P1048,Online,Corporate,4,17530.11,0.05,9.0,No
ORD-103113,2025-04-27,South,Chennai,R207,P1015,Online,Consumer,3,33151.81,0.0,10.0,No
ORD-103191,2025-02-01,East,Guwahati,R208,P1007,Online,SMB,4,68305.09,0.1,8.0,No
ORD-101624,2024-08-15,South,Bengaluru,R219,P1040,Retail,Consumer,2,880.82,0.1,8.0,No
ORD-100808,2024-02-20,West,Surat,R217,P1001,Online,Corporate,1,65950.53,0.0,4.0,No
ORD-102606,2025-10-11,East,Kolkata,R200,P1006,Retail,Consumer,1,51367.71,0.2,3.0,No
ORD-101247,2025-02-12,North,Jaipur,R206,P1017,Online,SMB,4,12095.43,0.05,3.0,No
ORD-100045,2024-06-23,North,Delhi,R214,P1009,Partner,SMB,1,45366.16,0.0,7.0,No
ORD-104367,2025-05-22,South,Hyderabad,R215,P1006,Online,Consumer,3,50894.93,0.0,1.0,No
ORD-104320,2024-11-18,North,Lucknow,R214,P1031,Retail,Consumer,5,832.8,0.0,1.0,No
ORD-104186,2025-05-16,South,Kochi,R219,P1018,Retail,Corporate,7,13847.15,0.05,2.0,Yes
ORD-104205,2024-02-06,West,Ahmedabad,R209,P1018,Online,Corporate,2,13374.35,0.0,7.0,No
ORD-102711,2024-05-11,North,Lucknow,R210,P1003,Online,Corporate,2,32112.5,0.15,9.0,No
ORD-100125,2024-09-27,South,Hyderabad,R207,P1046,Partner,Corporate,1,14348.07,0.0,8.0,No
ORD-100730,2024-09-21,East,Patna,R212,P1012,Online,Corporate,3,92321.8,0.05,4.0,No
ORD-105080,2025-10-22,South,Kochi,R219,P1037,Retail,Consumer,4,929.37,0.0,7.0,No
ORD-105012,2024-09-23,North,Jaipur,R202,P1045,Online,SMB,3,448.87,0.0,6.0,No
ORD-101993,2025-10-04,South,Bengaluru,R219,P1015,Partner,Corporate,5,34000.65,0.15,4.0,No
ORD-103039,2024-05-13,North,Delhi,R206,P1041,Partner,Corporate,4,810.78,0.05,6.0,No
ORD-100276,2025-08-08,East,Patna,R216,P1043,Retail,Corporate,1,284.79,0.05,9.0,No
ORD-100727,2025-06-23,North,Lucknow,R210,P1028,Retail,SMB,5,22177.53,0.0,8.0,No
ORD-102897,2025-08-24,East,Kolkata,R208,P1003,Retail,Consumer,1,33348.32,0.1,7.0,Yes
ORD-100169,2024-11-25,West,Pune,R209,P1023,Partner,SMB,4,25771.22,0.1,,No
ORD-102399,2025-08-15,East,Kolkata,R216,P1009,Online,Consumer,6,44836.2,0.1,6.0,No
ORD-100248,2025-09-12,West,Pune,R209,P1008,Retail,SMB,3,41795.8,0.0,4.0,No
ORD-100179,2025-11-09,North,Jaipur,R210,P1023,Online,Consumer,3,25455.28,0.0,3.0,No
ORD-103290,2025-07-03,West,Mumbai,R217,P1020,Online,Corporate,4,12178.37,0.0,8.0,No
ORD-104924,2024-03-13,East,Patna,R216,P1016,Partner,Corporate,2,25505.52,0.0,,No
ORD-100943,2025-07-21,North,Jaipur,R214,P1035,Retail,SMB,2,340.92,0.0,3.0,No
ORD-103814,2024-05-26,North,Chandigarh,R218,P1046,Partner,SMB,3,14334.9,0.0,8.0,No
ORD-105215,2025-08-10,East,Bhubaneswar,R200,P1002,Online,SMB,4,78418.04,0.0,2.0,No
ORD-105789,2024-03-09,East,Patna,R204,P1018,Retail,Corporate,2,13533.69,0.0,7.0,No
ORD-101893,2024-03-17,North,Lucknow,R202,P1018,Retail,Consumer,2,13990.46,0.0,1.0,No
ORD-103836,2024-08-23,West,Ahmedabad,R205,P1031,Retail,SMB,2,834.1,0.1,3.0,No
ORD-103982,2025-12-22,North,Delhi,R218,P1017,Partner,Consumer,3,12644.19,0.0,3.0,Yes
ORD-102912,2024-12-30,West,Pune,R205,P1020,Online,SMB,6,12059.41,0.2,2.0,Yes
ORD-103721,2025-08-12,East,Guwahati,R204,P1015,Retail,SMB,1,33702.1,0.0,4.0,No
ORD-104784,2024-09-29,East,Guwahati,R212,P1004,Retail,Corporate,3,75375.56,0.0,10.0,No
ORD-103504,2024-02-22,East,Bhubaneswar,R204,P1007,Partner,SMB,4,67596.43,0.0,6.0,No
ORD-104120,2025-11-05,North,Delhi,R202,P1016,Partner,Consumer,4,24837.89,0.05,4.0,No
ORD-104711,2024-12-29,East,Guwahati,R212,P1010,Partner,Corporate,4,71794.55,0.15,11.0,No
ORD-101998,2025-05-25,East,Bhubaneswar,R212,P1004,Partner,SMB,3,73906.66,0.0,8.0,No
ORD-105992,2025-01-29,East,Bhubaneswar,R200,P1017,Partner,Corporate,2,12237.51,0.0,1.0,No
ORD-102023,2025-04-17,East,Kolkata,R216,P1045,Online,Corporate,2,443.21,0.0,5.0,No
ORD-103581,2025-11-10,North,Jaipur,R214,P1024,Partner,Corporate,3,13197.91,0.0,8.0,No
ORD-103607,2025-01-14,South,Hyderabad,R215,P1022,Partner,SMB,2,18562.17,0.0,4.0,No
ORD-104258,2024-02-17,West,Ahmedabad,R209,P1006,Partner,SMB,1,50958.58,0.0,7.0,No
ORD-101230,2025-06-10, North,Lucknow,R202,P1042,Retail,Corporate,2,871.77,0.05,6.0,No
ORD-103393,2024-06-28,West,Surat,R209,P1041,Partner,SMB,3,847.44,0.0,2.0,No
ORD-105874,2024-11-22,North,Lucknow,R210,P1008,Online,Consumer,4,40903.25,0.0,11.0,No
ORD-103586,2024-07-31,East,Kolkata,R216,P1016,Retail,SMB,3,24435.44,0.0,7.0,No
ORD-104789,2025-05-17,North,Jaipur,R218,P1027,Partner,SMB,2,22483.41,0.0,9.0,No
ORD-100383,2025-09-13,West,Ahmedabad,R217,P1051,Partner,Corporate,1,34697.92,0.05,1.0,No
ORD-100642,2025-11-07,South,Kochi,R203,P1034,Online,Consumer,5,696.8,0.0,1.0,No
ORD-101016,2024-09-10,East,Bhubaneswar,R216,P1022,Online,Corporate,3,18088.39,0.05,1.0,No
ORD-104555,2024-12-05,North,Chandigarh,R206,P1033,Partner,Corporate,7,839.57,0.0,9.0,No
ORD-102565,2025-05-26,West,Ahmedabad,R201,P1052,Retail,Consumer,2,19219.19,0.15,2.0,No
ORD-104863,2024-02-09,South,Kochi,R203,P1031,Partner,SMB,4,851.27,0.0,3.0,No
ORD-103601,2025-08-31,North,Delhi,R202,P1016,Online,Consumer,2,25411.34,0.05,10.0,No
ORD-104907,2024-12-05,South,Bengaluru,R215,P1026,Partner,Consumer,8,8403.39,0.0,1.0,No
ORD-100250,2024-07-30,East,Guwahati,R200,P1021,Retail,Consumer,5,17427.14,0.0,7.0,No
ORD-100354,2024-12-18,South,Bengaluru,R207,P1011,Partner,Consumer,2,60883.86,0.15,4.0,No
ORD-105338,2025-11-14,South,Bengaluru,R219,P1010,Retail,Corporate,5,74938.54,0.05,4.0,No
ORD-104994,2024-08-09,East,Patna,R204,P1044,Partner,Consumer,2,876.78,0.05,2.0,No
ORD-100161,2025-07-21,East,Bhubaneswar,R208,P1037,Retail,Corporate,4,915.41,0.0,8.0,No
ORD-103296,2025-09-18,North,Lucknow,R202,P1041,Partner,SMB,3,834.73,0.0,6.0,No
ORD-103230,2025-01-23,North,Lucknow,R214,P1048,Retail,SMB,2,17415.68,0.1,11.0,No
ORD-101299,2025-07-24,North,Delhi,R206,P1014,Retail,Corporate,2,39270.36,0.0,3.0,No
ORD-105861,2025-10-14,North,Jaipur,R214,P1023,Retail,SMB,6,25589.15,0.1,4.0,No
ORD-103770,2024-08-15,North,Delhi,R210,P1011,Online,Consumer,1,62210.68,0.0,11.0,No
ORD-105971,2024-09-27,South,Hyderabad,R203,P1006,Retail,Consumer,4,50034.71,0.0,7.0,No
ORD-102075,2024-12-28,East,Guwahati,R212,P1051,Partner,SMB,5,34349.97,0.0,2.0,No
ORD-102577,2024-10-27,North,Lucknow,R202,P1009,Retail,Corporate,5,43435.11,0.1,6.0,No
ORD-104219,2024-07-30,East,Guwahati,R204,P1006,Partner,SMB,4,51586.6,0.0,6.0,No
ORD-103264,2024-06-12,North,Chandigarh,R202,P1013,Partner,SMB,7,57021.53,0.0,11.0,No
ORD-101494,2024-03-26,South,Kochi,R215,P1009,Retail,Consumer,4,43584.21,0.0,10.0,No
ORD-104230,2024-07-24,West,Mumbai,R201,P1011,Retail,Consumer,5,61992.52,0.0,10.0,No
ORD-105944,2024-10-07,South,Kochi,R203,P1001,Partner,Consumer,4,64793.23,0.0,9.0,No
ORD-102819,2024-07-03,North,Chandigarh,R202,P1025,Retail,Corporate,4,16983.2,0.0,6.0,No
ORD-104682,2024-08-19,East,Bhubaneswar,R208,P1028,Retail,Consumer,2,22210.03,0.1,5.0,No
ORD-103350,2025-01-28,East,Kolkata,R200,P1003,Partner,Corporate,5,32467.87,0.0,9.0,No
ORD-101463,2024-03-24,South,Hyderabad,R207,P1037,Retail,SMB,2,926.88,0.05,3.0,No
ORD-105649,2025-07-05,East,Kolkata,R200,P1053,Partner,Consumer,2,31257.95,0.05,1.0,No
ORD-102954,2024-08-03,East,Kolkata,R208,P1021,Partner,Consumer,5,17156.39,0.15,,No
ORD-102397,2024-06-05,South,Chennai,R207,P1028,Partner,Corporate,4,22655.62,0.05,11.0,No
ORD-104761,2025-06-29,South,Hyderabad,R215,P1044,Retail,Corporate,1,888.54,0.15,8.0,No
ORD-104285,2024-10-22,East,Bhubaneswar,R216,P1039,Online,Corporate,5,583.16,0.0,11.0,No
ORD-100545,2024-02-28,South,Hyderabad,R219,P1041,Partner,SMB,4,826.26,0.05,5.0,No
ORD-103516,2024-05-23,South,Kochi,R215,P1009,Online,Corporate,4,44356.5,0.05,4.0,No
ORD-103067,2024-02-08,EAST,Bhubaneswar,R216,P1020,Retail,SMB,4,12042.57,0.0,,No
ORD-100634,2025-03-26,North,Lucknow,R206,P1020,Retail,SMB,4,11804.86,0.05,2.0,No
ORD-105569,2024-04-13,East,Bhubaneswar,R208,P1003,Retail,Consumer,1,33785.94,0.05,6.0,No
ORD-100689,2024-05-06,West,Surat,R209,P1051,Partner,SMB,2,33372.37,0.0,4.0,No
ORD-103015,2024-11-06,South,Kochi,R203,P1030,Online,SMB,3,8010.75,0.0,,No
ORD-102161,2024-05-17,West,Ahmedabad,R205,P1045,Retail,Consumer,2,444.5,0.0,3.0,No
ORD-104392,2025-05-31,East,Patna,R212,P1002,Online,Consumer,2,74911.92,0.0,4.0,No
ORD-102088,2025-01-02,East,Kolkata,R212,P1042,Online,SMB,2,860.13,0.0,11.0,No
ORD-102473,2024-05-26,West,Pune,R213,P1032,Partner,Consumer,2,843.69,0.1,6.0,No
ORD-102488,2025-09-06,South,Bengaluru,R207,P1003,Retail,SMB,6,33621.14,0.0,6.0,No
ORD-101854,2025-08-21,North,Lucknow,R218,P1004,Retail,Corporate,3,73360.95,0.0,6.0,No
ORD-104487,2025-12-05,North,Chandigarh,R218,P1023,Online,SMB,4,25347.98,0.05,4.0,Yes
ORD-101743,2025-04-16,North,Delhi,R214,P1004,Retail,Consumer,4,73804.36,0.0,5.0,No
ORD-100555,2025-12-24,North,Jaipur,R206,P1013,Partner,SMB,5,59631.57,0.0,4.0,No
ORD-100444,2025-05-28,East,Patna,R204,P1029,Retail,SMB,2,16128.14,0.0,1.0,No
ORD-102688,2024-11-29,North,Lucknow,R214,P1007,Online,Consumer,5,67859.83,0.0,9.0,No
ORD-103938,2025-12-17,East,Guwahati,R200,P1042,Retail,SMB,4,839.62,0.1,9.0,No
ORD-102928,2024-06-28,South,Kochi,R207,P1013,Online,Consumer,4,59753.45,0.05,1.0,No
ORD-102779,2025-01-13,North,Lucknow,R218,P1015,Partner,Consumer,1,33239.56,0.1,6.0,No
ORD-105870,2024-03-02,West,Pune,R213,P1039,Retail,Corporate,4,589.97,0.05,11.0,No
ORD-103153,2024-02-03,South,Chennai,R211,P1042,Partner,SMB,4,855.8,0.1,4.0,No
ORD-103521,2025-05-04,East,Bhubaneswar,R212,P1009,Online,SMB,3,43988.89,0.15,6.0,No
ORD-102107,2024-06-13,East,Bhubaneswar,R200,P1047,Online,SMB,3,18990.3,0.05,5.0,No
ORD-105814,2025-09-08,East,Kolkata,R204,P1048,Retail,Consumer,6,17812.86,0.05,2.0,No
ORD-102377,2024-07-06,West,Mumbai,R205,P1020,Retail,Consumer,2,11811.37,0.0,9.0,No
ORD-105772,2025-11-04,North,Jaipur,R206,P1018,Partner,Corporate,6,14086.01,0.0,4.0,No
ORD-102594,2025-07-17,East,Kolkata,R212,P1048,Retail,Corporate,4,18167.9,0.0,4.0,No
ORD-105554,2025-04-01,North,Jaipur,R218,P1005,Partner,Consumer,3,27959.22,0.0,4.0,No
ORD-105381,2024-03-20,South,Chennai,R207,P1037,Online,Corporate,3,903.83,0.15,3.0,No
ORD-104232,2024-10-21,East,Bhubaneswar,R204,P1052,Online,SMB,6,18661.11,0.1,2.0,No
ORD-104646,2025-06-04,South,Kochi,R219,P1007,Retail,Consumer,2,65085.5,0.0,8.0,No
ORD-101987,2025-10-04,West,Pune,R201,P1011,Online,Consumer,3,59965.25,0.0,7.0,No
ORD-105994,2024-08-24,East,Bhubaneswar,R212,P1034,Online,Consumer,2,693.53,0.1,2.0,No
ORD-105110,2024-02-06,South,Bengaluru,R207,P1045,Retail,Corporate,2,443.63,0.0,2.0,No
ORD-102193,2024-11-17,West,Mumbai,R205,P1038,Online,SMB,4,328.34,0.15,9.0,No
ORD-105578,2024-01-16,South,Chennai,R207,P1016,Retail,Consumer,3,24673.95,0.0,6.0,No
ORD-100136,2024-02-21,South,Bengaluru,R219,P1020,Retail,Corporate,-1,12220.05,0.0,5.0,No
ORD-100607,2025-08-02,West,Mumbai,R209,P1005,Partner,Corporate,2,28181.99,0.0,7.0,No
ORD-100496,2025-11-30,East,Patna,R204,P1002,Online,Consumer,6,78096.97,0.0,6.0,No
ORD-103735,2024-11-01,North,Delhi,R218,P1055,Online,Consumer,5,13736.13,0.0,9.0,No
ORD-105259,2025-08-13, South,Bengaluru,R219,P1035,Online,Corporate,4,331.37,0.0,5.0,No
ORD-105069,2024-05-14,South,Hyderabad,R215,P1045,Online,Corporate,2,440.45,0.0,11.0,No
ORD-101771,2024-11-10,South,Chennai,R219,P1018,Retail,Corporate,5,14023.47,0.1,9.0,No
ORD-103207,2024-04-20,East,Guwahati,R208,P1046,Partner,Corporate,3,14165.27,0.1,4.0,No
ORD-103080,2024-05-12,East,Patna,R216,P1014,Partner,Consumer,5,39546.61,0.15,5.0,No
ORD-103307,2025-05-14,North,Delhi,R210,P1055,Retail,Consumer,5,13506.34,0.15,2.0,No
ORD-105109,2025-11-18,North,Lucknow,R210,P1005,Partner,Corporate,6,28376.27,0.0,4.0,No
ORD-102653,2024-12-23,South,Kochi,R207,P1030,Retail,Consumer,10,8097.15,0.0,3.0,No
ORD-102213,2025-03-18,East,Bhubaneswar,R216,P1030,Partner,SMB,2,8099.63,0.0,7.0,No
ORD-101399,2024-07-26,East,Patna,R200,P1006,Partner,Corporate,1,50719.79,0.0,4.0,No
ORD-103853,2024-07-22,South,Kochi,R219,P1005,Online,Corporate,3,28610.69,0.0,7.0,No
ORD-105713,2025-09-10,East,Patna,R200,P1032,Online,SMB,3,853.53,0.15,11.0,No
ORD-103896,2025-01-25,East,Patna,R204,P1014,Retail,Consumer,3,39940.27,0.2,2.0,No
ORD-101122,2025-12-23,North,Lucknow,R202,P1032,Retail,Consumer,9,868.38,0.0,8.0,No
ORD-105540,2024-09-17,South,Chennai,R207,P1001,Partner,SMB,-4,64237.48,0.15,3.0,No
ORD-105341,2025-03-06,South,Bengaluru,R207,P1036,Partner,Consumer,4,464.26,0.0,7.0,No
ORD-102948,2024-11-24,East,Bhubaneswar,R212,P1009,Retail,Corporate,4,43751.28,0.1,11.0,No
ORD-103253,2025-02-25,South,Chennai,R215,P1008,Retail,Consumer,2,43244.71,0.05,4.0,Yes
ORD-102847,2025-02-12,North,Delhi,R218,P1029,Retail,Corporate,5,15967.4,0.1,10.0,No
ORD-102223,2025-08-24,East,Guwahati,R212,P1003,Retail,SMB,5,33218.02,0.15,8.0,No
ORD-104692,2025-03-18,North,Lucknow,R214,P1009,Online,Corporate,2,43992.73,0.0,7.0,No
ORD-100552,2025-03-13,North,Chandigarh,R218,P1007,Online,SMB,2,66549.9,0.05,4.0,No
ORD-100028,2024-01-24,West,Surat,R209,P1033,Retail,SMB,1,869.95,0.0,8.0,No
ORD-104941,2025-04-26,South,Hyderabad,R203,P1002,Partner,Corporate,2,77947.94,0.0,7.0,No
ORD-100503,2024-08-13,South,Kochi,R207,P1013,Partner,SMB,2,59593.55,0.0,4.0,No
ORD-103844,2024-04-14,West,Surat,R205,P1045,Online,Corporate,2,439.6,0.0,10.0,No
ORD-104879,2024-10-20,West,Ahmedabad,R209,P1052,Online,Consumer,5,18782.45,0.05,8.0,No
ORD-104701,2024-10-01,South,Bengaluru,R203,P1024,Partner,Corporate,3,12703.93,0.0,7.0,No
ORD-100867,2025-02-19,North,Jaipur,R206,P1049,Retail,Consumer,2,15601.84,0.05,8.0,No
ORD-100611,2024-10-30,West,Mumbai,R205,P1046,Partner,SMB,2,14590.17,0.15,8.0,No
ORD-104338,2024-12-15,West,Mumbai,R201,P1027,Online,Corporate,4,23371.57,0.05,6.0,Yes
ORD-102470,2025-05-23,South,Kochi,R203,P1007,Partner,Corporate,3,66313.58,0.0,1.0,No
ORD-101233,2025-10-08,North,Delhi,R210,P1045,Retail,SMB,9,454.69,0.0,10.0,No
ORD-102338,2025-04-13,South,Bengaluru,R219,P1027,Retail,Consumer,2,22874.65,0.15,8.0,No
ORD-100997,2024-12-24,West,Pune,R217,P1005,Retail,Consumer,5,29631.61,0.0,8.0,No
ORD-101634,2024-09-09,West,Pune,R201,P1005,Online,Corporate,2,29541.68,0.0,6.0,No
ORD-101416,2024-10-31,East,Guwahati,R204,P1003,Retail,Consumer,2,33355.96,0.0,10.0,No
ORD-101028,2025-09-29,North,Lucknow,R214,P1020,Online,Consumer,2,12282.57,0.2,7.0,No
ORD-105314,2024-12-14,North,Lucknow,R210,P1052,Online,Consumer,7,19090.55,0.0,1.0,No
ORD-100573,2024-04-04,South,Kochi,R219,P1042,Retail,Corporate,2,833.84,0.0,3.0,No
ORD-104573,2025-05-19,North,Jaipur,R214,P1035,Retail,Corporate,3,333.69,0.0,9.0,No
ORD-103922,2024-02-19,East,Kolkata,R200,P1032,Retail,Corporate,1,855.05,0.05,11.0,No
ORD-102032,2024-03-15,East,Patna,R212,P1020,Retail,Corporate,3,12294.77,0.0,7.0,No
ORD-102867,2025-06-10,South,Chennai,R215,P1039,Retail,Corporate,2,600.45,0.0,11.0,No
ORD-103917,2025-11-15,East,Kolkata,R216,P1040,Retail,Corporate,4,874.03,0.0,6.0,No
ORD-103716,2024-01-15,West,Pune,R209,P1005,Online,Consumer,3,28365.23,0.0,6.0,No
ORD-103275,2025-08-04,North,Chandigarh,R202,P1054,Online,Consumer,3,18481.78,0.15,1.0,No
ORD-103732,2025-01-22,West,Mumbai,R213,P1017,Partner,Corporate,2,12711.08,0.0,6.0,No
ORD-104365,2025-05-11,West,Surat,R201,P1043,Partner,Consumer,4,279.79,0.05,5.0,No
ORD-102011,2025-08-05,West,Mumbai,R209,P1035,Online,SMB,3,321.44,0.0,2.0,No
ORD-101156,2025-04-24,North,Lucknow,R218,P1007,Retail,Consumer,6,67313.01,0.0,11.0,No
ORD-100820,2024-12-24,West,Surat,R213,P1011,Online,Corporate,2,62447.98,0.0,6.0,No
ORD-101885,2025-12-13,North,Chandigarh,R218,P1010,Online,SMB,6,71730.39,0.0,9.0,No
ORD-100021,2024-05-09,West,Ahmedabad,R201,P1016,Retail,SMB,3,24997.39,0.0,9.0,No
ORD-100200,2024-09-24,East,Guwahati,R212,P1024,Partner,Consumer,2,12715.52,0.0,9.0,No
ORD-102646,2025-02-03,East,Guwahati,R204,P1054,Partner,Corporate,3,18812.86,0.0,1.0,No
ORD-102914,2024-06-09,West,Mumbai,R213,P1003,Retail,SMB,4,32191.45,0.15,2.0,No
ORD-104584,2025-07-01,West,Ahmedabad,R217,P1042,Partner,SMB,4,861.95,0.0,7.0,No
ORD-102437,2025-03-15,South,Chennai,R215,P1021,Partner,Corporate,2,17206.33,0.05,11.0,No
ORD-100958,2024-08-06,South,Chennai,R215,P1027,Online,Corporate,2,22659.85,0.0,3.0,No
ORD-103455,2024-07-10,North,Lucknow,R218,P1001,Partner,Corporate,1,62927.46,0.0,4.0,No
ORD-102292,2025-04-20,East,Kolkata,R212,P1015,Online,SMB,4,32866.32,0.1,10.0,No
ORD-104434,2025-01-14,South,Chennai,R207,P1022,Online,Corporate,1,17892.94,0.15,6.0,No
ORD-101926,2024-12-17,West,Surat,R201,P1038,Partner,Consumer,1,325.32,0.05,8.0,No
ORD-102742,2024-08-09,West,Mumbai,R201,P1052,Partner,SMB,3,18981.2,0.0,8.0,No
ORD-105034,2024-10-14,West,Mumbai,R201,P1002,Retail,Consumer,4,78993.24,0.0,8.0,Yes
ORD-101662,2024-11-24,South,Kochi,R219,P1011,Retail,Corporate,3,60186.16,0.0,3.0,No
ORD-104576,2025-10-19,West,Mumbai,R209,P1007,Retail,Consumer,7,66286.91,0.05,7.0,No
ORD-101519,2025-12-29,East,Kolkata,R216,P1052,Retail,Consumer,5,18899.91,0.1,3.0,No
ORD-104070,2025-09-12,West,Mumbai,R209,P1034,Online,Consumer,3,709.3,0.0,3.0,Yes
ORD-100119,2024-07-23,North,Lucknow,R206,P1030,Partner,Consumer,1,8095.24,0.0,1.0,No
ORD-104616,2024-12-13,East,Bhubaneswar,R212,P1045,Online,Corporate,9,454.8,0.0,4.0,No
ORD-103287,2024-11-17,East,Guwahati,R200,P1054,Online,SMB,4,18264.28,0.0,2.0,No
ORD-101475,2024-12-29,South,Bengaluru,R211,P1009,Online,Consumer,5,44322.69,0.1,,No
ORD-100044,2024-02-18,North,Chandigarh,R214,P1018,Partner,Corporate,1,14016.63,0.1,9.0,No
ORD-104408,2024-04-20,South,Bengaluru,R207,P1033,Online,Consumer,6,842.01,0.1,11.0,No
ORD-104117,2024-08-03,North,Chandigarh,R210,P1005,Online,SMB,3,28440.09,0.0,7.0,No
ORD-100386,2024-03-21,West,Mumbai,R205,P1037,Partner,SMB,2,923.1,0.0,5.0,No
ORD-103600,2024-06-20,North,Chandigarh,R210,P1021,Online,Corporate,1,16872.48,0.1,4.0,No
ORD-104095,2025-11-27,East,Patna,R212,P1040,Online,SMB,8,858.24,0.0,5.0,No
ORD-104284,2025-03-04,South,Hyderabad,R215,P1017,Partner,SMB,4,12359.95,0.0,11.0,No
ORD-103849,2025-03-29,East,Kolkata,R208,P1020,Partner,Corporate,3,11794.35,0.15,8.0,No
ORD-103772,2024-03-30,South,Bengaluru,R219,P1029,Online,Consumer,3,15653.63,0.0,2.0,No
ORD-105466,2025-03-09,North,Delhi,R202,P1034,Online,SMB,5,713.41,0.0,8.0,No
ORD-102257,2024-07-17,South,Chennai,R215,P1019,Partner,Corporate,6,9461.71,0.1,10.0,No
ORD-105290,2024-12-19,East,Patna,R212,P1045,Partner,SMB,5,458.85,0.0,9.0,No
ORD-100004,2025-12-08,West,Mumbai,R205,P1024,Online,Consumer,9,13177.14,0.0,11.0,No
ORD-103427,2024-11-01,North,Lucknow,R218,P1055,Partner,Corporate,4,13583.63,0.0,5.0,No
ORD-104152,2025-07-10,North,Chandigarh,R218,P1051,Online,Corporate,5,34494.27,0.2,3.0,No
ORD-100580,2024-01-17,North,Jaipur,R202,P1055,Retail,Corporate,6,13876.58,0.0,7.0,No
ORD-100268,2025-10-25,North,Chandigarh,R210,P1038,Retail,SMB,4,330.58,0.0,11.0,No
ORD-101135,2025-01-23,West,Ahmedabad,R209,P1006,Retail,SMB,4,50937.31,0.0,2.0,Yes
ORD-105490,2025-08-13,East,Kolkata,R216,P1047,Online,Consumer,2,19907.9,0.1,3.0,No
ORD-102282,2024-07-30,South,Kochi,R211,P1052,Retail,SMB,5,19442.0,0.1,4.0,No
ORD-101655,2024-07-22,South,Kochi,R219,P1030,Online,Consumer,2,8185.13,0.05,7.0,No
ORD-101783,2024-06-20,North,Lucknow,R202,P1016,Retail,Consumer,2,24414.97,0.0,10.0,No
ORD-103692,2024-09-05,South,Kochi,R207,P1049,Retail,Consumer,2,15087.87,0.0,8.0,No
ORD-104511,2025-08-13,South,Kochi,R211,P1034,Partner,Consumer,5,715.37,0.0,9.0,No
ORD-102116,2024-02-21,North,Jaipur,R214,P1051,Online,Consumer,2,33784.58,0.0,4.0,No
ORD-101540,2024-03-07,West,Ahmedabad,R217,P1054,Retail,Consumer,2,18202.6,0.15,10.0,No
ORD-105592,2025-10-27,North,Delhi,R210,P1040,Online,Consumer,4,856.91,0.0,3.0,No
ORD-105774,2024-08-03,West,Surat,R213,P1013,Online,Corporate,5,57312.65,0.0,2.0,No
ORD-100714,2025-12-05,West,Surat,R209,P1032,Retail,SMB,2,845.76,0.1,8.0,No
ORD-104322,2024-10-17,East,Bhubaneswar,R216,P1033,Online,Consumer,4,842.87,0.0,11.0,No
ORD-101513,2024-01-07,South,Bengaluru,R203,P1035,Online,Corporate,2,321.75,0.0,8.0,No
ORD-105803,2024-08-08,East,Patna,R204,P1042,Online,SMB,3,841.81,0.05,2.0,No
ORD-102539,2025-07-18,West,Pune,R209,P1042,Retail,Corporate,4,831.24,0.1,4.0,No
ORD-102388,2025-02-02,North,Delhi,R214,P1044,Online,Consumer,4,870.74,0.2,2.0,No
ORD-103016,2024-03-15,South,Bengaluru,R219,P1013,Partner,Consumer,4,58836.66,0.0,7.0,No
ORD-105641,2025-09-26,South,Chennai,R219,P1055,Retail,SMB,3,13804.38,0.0,2.0,No
ORD-104197,2025-07-13,South,Hyderabad,R211,P1049,Partner,SMB,2,15063.47,0.0,6.0,No
ORD-100662,2025-03-25,North,Jaipur,R214,P1032,Retail,SMB,4,863.71,0.1,6.0,No
ORD-103808,2024-01-30,South,Kochi,R215,P1036,Partner,SMB,1,472.62,0.1,4.0,No
ORD-101073,2024-06-08,South,Kochi,R215,P1010,Retail,Corporate,4,72318.04,0.05,11.0,No
ORD-104545,2025-10-11,South,Kochi,R211,P1016,Online,SMB,5,25304.16,0.1,5.0,No
ORD-105051,2024-12-30,East,Bhubaneswar,R200,P1003,Partner,Consumer,5,32829.86,0.0,8.0,No
ORD-104989,2025-04-11,West,Surat,R209,P1016,Online,Consumer,2,25103.04,0.0,10.0,Yes
ORD-104460,2024-09-02,East,Patna,R216,P1005,Online,Consumer,5,29494.42,0.1,1.0,No
ORD-102090,2025-09-10,East,Patna,R208,P1036,Retail,Consumer,4,484.4,0.1,6.0,No
ORD-105811,2024-08-26,East,Guwahati,R200,P1002,Retail,SMB,4,77503.19,0.0,8.0,No
ORD-101081,2025-12-14,East,Patna,R204,P1014,Partner,Consumer,7,40293.79,0.1,1.0,No
ORD-103971,2024-08-18,West,Pune,R201,P1006,Online,Corporate,2,50641.01,0.15,3.0,No
ORD-104560,2025-01-12,East,Kolkata,R212,P1034,Partner,Corporate,1,692.93,0.0,5.0,No
ORD-102851,2025-09-01,North,Lucknow,R202,P1041,Partner,SMB,3,834.96,0.0,3.0,No
ORD-102471,2025-11-11,West,Mumbai,R205,P1011,Retail,Corporate,6,62836.06,0.15,6.0,No
ORD-104089,2024-09-19,West,Pune,R209,P1037,Partner,SMB,6,903.94,0.0,8.0,No
ORD-101352,2024-10-28,North,Delhi,R206,P1033,Retail,Consumer,4,871.0,0.0,8.0,No
ORD-103969,2025-04-24,North,Lucknow,R218,P1007,Partner,Corporate,2,65523.08,0.0,5.0,No
ORD-104294,2024-08-28,West,Ahmedabad,R201,P1005,Online,SMB,5,28256.37,0.1,2.0,No
ORD-100416,2024-03-07,North,Chandigarh,R214,P1027,Partner,SMB,1,23683.02,0.0,3.0,No
ORD-102331,2025-06-12,West,Mumbai,R217,P1008,Partner,Consumer,3,41057.71,0.1,2.0,No
ORD-104929,2025-07-26,West,Surat,R213,P1034,Retail,Consumer,2,714.93,0.0,1.0,No
ORD-100308,2024-03-05,North,Lucknow,R210,P1025,Partner,Corporate,3,17129.78,0.1,8.0,Yes
ORD-101304,2025-12-19,West,Surat,R213,P1031,Online,Corporate,12,827.13,0.15,6.0,No
ORD-105843,2025-09-04,South,Chennai,R215,P1055,Partner,Corporate,4,14052.87,0.0,11.0,No
ORD-100792,2024-12-04,South,Chennai,R211,P1024,Online,SMB,3,12836.04,0.15,6.0,No
ORD-101758,2024-03-18,West,Ahmedabad,R217,P1014,Partner,Corporate,3,39975.76,0.0,9.0,No
ORD-100222,2025-07-08,North,Delhi,R206,P1036,Retail,Consumer,1,470.98,0.0,2.0,No
ORD-102692,2024-04-05,South,Kochi,R203,P1034,Partner,Consumer,4,722.42,0.0,3.0,No
ORD-104685,2024-11-14,South,Kochi,R207,P1038,Retail,SMB,1,330.58,0.0,6.0,No
ORD-100368,2024-08-16,North,Lucknow,R218,P1053,Retail,Corporate,5,30813.27,0.0,7.0,No
ORD-101764,2024-01-26,East,Bhubaneswar,R216,P1035,Partner,SMB,2,336.8,0.0,8.0,Yes
ORD-100623,2024-01-31,East,Kolkata,R212,P1007,Partner,Corporate,2,68004.08,0.1,2.0,No
ORD-100233,2024-11-24,South,Kochi,R215,P1010,Retail,SMB,1,72239.41,0.15,7.0,Yes
ORD-103573,2025-02-10,North,Delhi,R218,P1035,Partner,Corporate,1,339.77,0.0,6.0,No
ORD-103052,2025-12-30,South,Bengaluru,R215,P1054,Retail,Consumer,3,18618.32,0.0,3.0,No
ORD-100554,2025-11-06,South,Kochi,R211,P1009,Partner,Corporate,5,43870.49,0.05,7.0,No
ORD-102320,2024-09-26,North,Jaipur,R210,P1004,Partner,Corporate,1,74296.81,0.1,3.0,No
ORD-103190,2025-12-10,East,Kolkata,R200,P1030,Online,Corporate,5,8122.15,0.15,2.0,No
ORD-104190,2025-09-06,South,Chennai,R215,P1016,Partner,Consumer,1,24423.52,0.0,9.0,No
ORD-105637,2025-11-24,East,Patna,R200,P1019,Online,Corporate,7,9663.45,0.0,6.0,No
ORD-105079,2025-10-04,West,Mumbai,R209,P1019,Retail,Corporate,4,9167.98,0.0,2.0,No
ORD-101669,2025-05-05,South,Kochi,R211,P1050,Online,SMB,3,14892.42,0.0,9.0,No
ORD-101070,2025-11-14,South,Kochi,R203,P1005,Retail,Consumer,4,28104.23,0.0,5.0,No
ORD-104558,2024-12-21,West,Mumbai,R217,P1023,Retail,Consumer,8,25918.79,0.2,8.0,No
ORD-104268,2025-08-22,West,Mumbai,R213,P1024,Retail,Corporate,5,13081.85,0.0,5.0,No
ORD-105081,2025-11-19,West,Ahmedabad,R217,P1026,Partner,SMB,4,8707.87,0.0,2.0,No
ORD-104774,2025-07-15,North,Lucknow,R206,P1055,Partner,Corporate,5,13733.24,0.2,6.0,Yes
ORD-101483,2025-07-16,West,Ahmedabad,R217,P1053,Online,SMB,3,30329.65,0.0,10.0,No
ORD-103740,2024-08-18,North,Jaipur,R218,P1035,Online,SMB,5,326.55,0.0,3.0,No
ORD-104288,2025-08-13,East,Bhubaneswar,R212,P1050,Partner,Corporate,3,14837.14,0.0,10.0,No
ORD-100438,2025-02-28,East,Patna,R216,P1007,Online,Consumer,2,64892.42,0.2,11.0,No
ORD-105173,2025-10-28,West,Surat,R201,P1010,Retail,SMB,3,74340.82,0.1,8.0,No
ORD-100116,2024-06-26,North,Jaipur,R210,P1031,Retail,SMB,6,876.51,0.05,6.0,No
ORD-103587,2024-03-05,North,Chandigarh,R214,P1030,Partner,Consumer,3,8323.42,0.1,10.0,No
ORD-101751,2025-10-08,South,Chennai,R219,P1014,Partner,Consumer,6,38585.07,0.0,6.0,No
ORD-100871,2025-10-19,South,Chennai,R211,P1009,Online,Corporate,6,45226.55,0.0,9.0,No
ORD-103865,2024-07-19,East,Patna,R208,P1055,Retail,Corporate,1,13634.64,0.0,4.0,No
ORD-104704,2024-01-30,West,Mumbai,R213,P1044,Online,Corporate,1,870.73,0.1,8.0,No
ORD-100385,2024-12-11,North,Chandigarh,R210,P1003,Retail,Consumer,4,33547.96,0.1,4.0,No
ORD-101453,2024-12-29,NORTH,Jaipur,R210,P1015,Partner,Corporate,6,33157.34,0.2,4.0,No
ORD-101753,2025-06-17,West,Mumbai,R209,P1047,Retail,Consumer,2,18895.67,0.1,3.0,No
ORD-102573,2024-11-14,South,Bengaluru,R207,P1005,Retail,Consumer,3,28908.82,0.2,9.0,No
ORD-101907,2025-11-23,North,Lucknow,R210,P1012,Partner,Consumer,6,92455.09,0.0,6.0,No
ORD-103426,2025-02-11,North,Chandigarh,R218,P1015,Online,Corporate,4,33141.72,0.2,2.0,No
ORD-102873,2025-06-03,South,Hyderabad,R207,P1016,Retail,SMB,2,24656.17,0.0,8.0,No
ORD-100636,2024-02-15,South,Kochi,R211,P1049,Retail,Corporate,1,15549.96,0.0,2.0,No
ORD-104982,2024-10-17,East,Guwahati,R200,P1026,Online,Corporate,3,8682.35,0.15,3.0,No
ORD-100758,2025-11-17,South,Hyderabad,R203,P1047,Partner,SMB,4,18842.08,0.0,3.0,No
ORD-103185,2025-07-03,West,Pune,R205,P1048,Retail,SMB,4,17989.04,0.05,5.0,No
ORD-101734,2024-12-14,South,Chennai,R215,P1018,Retail,Consumer,3,14115.55,0.0,10.0,No
ORD-103712,2025-08-03,South,Chennai,R211,P1051,Online,SMB,3,35185.7,0.0,7.0,No
ORD-102615,2025-07-13,West,Pune,R205,P1042,Partner,SMB,4,871.26,0.1,1.0,No
ORD-104050,2024-01-25,East,Patna,R204,P1001,Retail,Consumer,2,64523.29,0.0,7.0,No
ORD-105438,2024-08-02,East,Guwahati,R208,P1027,Online,Corporate,8,23685.73,0.0,3.0,No
ORD-101897,2025-01-25,North,Delhi,R202,P1045,Partner,Consumer,2,460.66,0.0,2.0,No
ORD-100331,2025-05-17,South,Kochi,R203,P1019,Online,Consumer,1,9619.73,0.0,2.0,No
ORD-104544,2024-12-30,West,Pune,R209,P1050,Online,SMB,5,14875.9,0.0,7.0,No
ORD-102256,2024-01-28,North,Jaipur,R206,P1007,Retail,Consumer,2,66721.51,0.05,5.0,No
ORD-104040,2024-04-26,East,Patna,R200,P1007,Retail,Consumer,3,65364.29,0.0,3.0,No
ORD-100473,2024-09-10,West,Ahmedabad,R217,P1039,Partner,Corporate,3,577.27,0.0,6.0,No
ORD-103295,2025-09-19,North,Lucknow,R202,P1053,Partner,Corporate,3,31980.55,0.0,10.0,No
ORD-102823,2025-12-05,South,Chennai,R219,P1032,Retail,Corporate,6,838.54,0.0,7.0,No
ORD-102682,2025-09-29,East,Guwahati,R204,P1005,Online,Corporate,5,28631.04,0.05,1.0,Yes
ORD-105924,2024-01-05,West,Pune,R201,P1039,Retail,Consumer,5,575.83,0.1,3.0,No
ORD-105672,2025-12-14,North,Jaipur,R206,P1054,Partner,Corporate,7,18627.33,0.1,5.0,No
ORD-102353,2025-09-02,East,Patna,R212,P1024,Retail,SMB,3,12690.07,0.0,6.0,No
ORD-100343,2024-12-02,West,Surat,R217,P1028,Retail,Corporate,3,22330.44,0.0,7.0,No
ORD-102579,2025-02-15,West,Ahmedabad,R201,P1014,Partner,SMB,3,39113.64,0.0,4.0,No
ORD-104973,2024-07-15,West,Ahmedabad,R217,P1037,Retail,Corporate,5,904.95,0.0,5.0,No
ORD-100745,2025-10-10,West,Pune,R213,P1033,Retail,SMB,4,851.73,0.0,7.0,No
ORD-101768,2025-10-02,West,Pune,R201,P1045,Retail,Consumer,4,440.31,0.1,4.0,No
ORD-100718,2024-02-19,East,Kolkata,R216,P1026,Retail,Consumer,2,8698.34,0.0,3.0,No
ORD-104820,2025-11-04,North,Lucknow,R210,P1029,Retail,Consumer,5,16425.42,0.0,9.0,No
ORD-105650,2025-10-10,North,Lucknow,R210,P1028,Partner,Corporate,2,23038.88,0.0,6.0,No
ORD-105329,2025-05-30,North,Delhi,R202,P1029,Online,Consumer,2,15865.02,0.0,6.0,No
ORD-103977,2024-02-22,East,Guwahati,R200,P1006,Online,SMB,1,51213.16,0.0,2.0,No
ORD-104949,2025-07-19,South,Chennai,R207,P1013,Online,Corporate,1,58062.4,0.05,2.0,No
ORD-102304,2024-11-22,North,Jaipur,R202,P1021,Online,SMB,4,17003.37,0.1,9.0,No
ORD-102997,2024-01-11,West,Mumbai,R201,P1018,Retail,Corporate,4,13765.25,0.0,11.0,No
ORD-105496,2024-01-12,West,Ahmedabad,R209,P1016,Partner,SMB,5,24631.0,0.0,9.0,No
ORD-101117,2024-01-05,East,Bhubaneswar,R204,P1054,Partner,Corporate,2,19037.22,0.1,4.0,No
ORD-105847,2024-09-26,West,Surat,R209,P1046,Partner,Corporate,3,13935.96,0.05,8.0,Yes
ORD-102133,2025-03-24,North,Delhi,R210,P1015,Partner,SMB,4,32661.54,0.0,11.0,No
ORD-100141,2024-02-25,East,Bhubaneswar,R204,P1054,Retail,Consumer,3,18424.94,0.15,11.0,No
ORD-105542,2025-11-24,South,Kochi,R207,P1050,Online,Corporate,6,14990.59,0.05,3.0,No
ORD-100795,2025-10-07,South,Bengaluru,R207,P1007,Online,Consumer,6,65516.73,0.0,7.0,No
ORD-101404,2025-02-03,East,Patna,R204,P1030,Retail,Consumer,5,8231.25,0.1,1.0,No
ORD-102076,2025-04-17,North,Delhi,R210,P1039,Partner,Consumer,2,609.03,0.0,10.0,No
ORD-105361,2025-08-10,North,Delhi,R206,P1011,Partner,SMB,3,62952.53,0.1,6.0,No
ORD-101448,2025-05-20,North,Delhi,R210,P1052,Retail,Consumer,2,18517.74,0.05,3.0,No
ORD-103832,2024-05-04,South,Chennai,R219,P1048,Online,Consumer,5,18083.02,0.05,1.0,No
ORD-101064,2024-06-27,South,Bengaluru,R215,P1007,Retail,SMB,5,64928.42,0.0,4.0,No
ORD-101850,2024-05-28,South,Kochi,R203,P1036,Partner,SMB,1,474.13,0.1,4.0,No
ORD-102661,2024-07-02,West,Surat,R201,P1030,Partner,Corporate,2,7914.81,0.05,4.0,No
ORD-104441,2025-03-03,East,Kolkata,R204,P1015,Partner,Consumer,3,33328.76,0.0,8.0,Yes
ORD-105925,2024-01-22,West,Pune,R205,P1030,Online,SMB,1,7922.38,0.0,2.0,No
ORD-102398,2025-12-17,South,Chennai,R211,P1002,Retail,Consumer,8,75576.1,0.05,1.0,No
ORD-101331,2024-10-30,South,Kochi,R211,P1024,Partner,Corporate,3,12607.55,0.1,3.0,No
ORD-105356,2024-11-08,South,Bengaluru,R215,P1053,Online,SMB,3,31534.44,0.0,1.0,Yes
ORD-105862,2024-08-17,South,Kochi,R203,P1004,Online,SMB,1,72034.58,0.0,1.0,No
ORD-105295,2025-04-10,South,Kochi,R203,P1003,Retail,Corporate,4,32536.3,0.2,1.0,No
ORD-101377,2025-12-21,West,Ahmedabad,R213,P1041,Retail,SMB,5,836.6,0.05,8.0,No
ORD-104426,2025-02-22,South,Hyderabad,R219,P1051,Retail,Corporate,2,35114.41,0.0,5.0,No
ORD-100366,2025-08-14,West,Ahmedabad,R201,P1006,Online,Consumer,2,51534.82,0.0,4.0,No
ORD-100784,2024-10-11,South,Bengaluru,R211,P1012,Retail,Corporate,5,88861.53,0.0,11.0,No
ORD-103684,2024-02-25,North,Jaipur,R206,P1031,Online,Consumer,3,829.18,0.0,9.0,No
ORD-102362,2024-11-23,North,Lucknow,R218,P1006,Online,Corporate,3,50958.3,0.05,3.0,No
ORD-104683,2024-10-07,East,Bhubaneswar,R216,P1047,Retail,Corporate,4,19737.68,0.15,7.0,No
ORD-103162,2024-08-05,East,Patna,R216,P1026,Retail,Corporate,3,8787.92,0.0,3.0,No
ORD-104313,2024-12-15,West,Mumbai,R217,P1023,Online,Consumer,4,24602.84,0.0,1.0,Yes
ORD-105459,2024-08-28,West,Mumbai,R201,P1047,Partner,Corporate,4,19731.5,0.0,10.0,Yes
ORD-103813,2024-08-03,North,Jaipur,R206,P1038,Retail,Consumer,2,335.51,0.0,1.0,No
ORD-104921,2024-06-03,East,Bhubaneswar,R200,P1042,Partner,SMB,3,842.07,0.1,2.0,No
ORD-102903,2024-08-22, South,Kochi,R207,P1050,Retail,Consumer,2,15062.24,0.0,10.0,No
ORD-102228,2024-02-05,East,Guwahati,R216,P1032,Retail,SMB,7,864.4,0.15,3.0,No
ORD-105928,2025-01-09,South,Kochi,R219,P1038,Partner,Corporate,3,323.98,0.0,9.0,No
ORD-101625,2024-10-13,North,Jaipur,R218,P1053,Partner,SMB,8,31741.47,0.0,7.0,No
ORD-101933,2025-11-30,West,Ahmedabad,R205,P1021,Online,Consumer,7,17348.7,0.0,6.0,No
ORD-101684,2024-03-22, East,Bhubaneswar,R212,P1009,Online,SMB,1,43575.95,0.0,,No
ORD-104706,2025-05-15,South,Chennai,R207,P1036,Online,Corporate,3,477.24,0.0,1.0,No
ORD-105797,2025-01-18,East,Bhubaneswar,R208,P1016,Partner,Consumer,1,24417.48,0.0,3.0,No
ORD-100905,2025-09-09,South,Kochi,R219,P1015,Online,Consumer,2,33782.1,0.05,1.0,No
ORD-100712,2025-02-17,East,Patna,R200,P1009,Online,Consumer,1,43652.64,0.0,6.0,No
ORD-104140,2024-08-02,North,Lucknow,R202,P1002,Retail,SMB,5,78974.25,0.0,3.0,No
ORD-102355,2025-03-18,West,Surat,R201,P1005,Retail,Corporate,3,29274.14,0.0,4.0,No
ORD-100988,2025-03-08,East,Patna,R204,P1025,Partner,SMB,3,16696.96,0.15,6.0,No
ORD-104356,2024-01-12,East,Patna,R216,P1012,Online,SMB,1,91735.41,0.05,6.0,No
ORD-102273,2024-09-04,North,Chandigarh,R218,P1050,Partner,Corporate,1,14953.06,0.0,9.0,Yes
ORD-101179,2025-08-27,East,Patna,R212,P1037,Online,Consumer,4,895.08,0.0,8.0,No
ORD-102472,2024-06-06,West,Ahmedabad,R217,P1022,Partner,SMB,1,18478.48,0.0,10.0,No
ORD-104608,2024-06-24,South,Chennai,R207,P1034,Retail,Consumer,5,709.12,0.0,9.0,No
ORD-104135,2025-07-22,North,Lucknow,R206,P1024,Retail,Consumer,3,13319.08,0.05,9.0,No
ORD-105098,2024-09-17,West,Mumbai,R209,P1004,Online,Consumer,6,74442.62,0.15,10.0,No
ORD-104199,2025-10-22,South,Kochi,R219,P1039,Retail,Corporate,8,577.45,0.0,1.0,No
ORD-100407,2025-01-12,South,Chennai,R207,P1019,Retail,Consumer,5,9648.04,0.0,,No
ORD-102666,2024-03-30,South,Kochi,R215,P1049,Online,Consumer,3,15595.55,0.0,7.0,No
ORD-101447,2024-12-17,North,Delhi,R218,P1012,Retail,Consumer,6,89768.61,0.0,3.0,No
ORD-100126,2024-07-29,East,Patna,R212,P1015,Online,Consumer,5,32860.03,0.0,5.0,No
ORD-105367,2024-06-29,West,Mumbai,R217,P1015,Online,SMB,3,33034.66,0.05,10.0,No
ORD-105390,2024-05-25,South,Chennai,R207,P1027,Online,Consumer,3,22717.97,0.0,4.0,No
ORD-101236,2025-04-11,North,Jaipur,R202,P1028,Retail,SMB,1,21969.49,0.0,9.0,No
ORD-104860,2025-04-29,South,Chennai,R215,P1016,Partner,Corporate,1,24487.6,0.0,4.0,No
ORD-100181,2025-03-15,North,Delhi,R210,P1042,Retail,Corporate,6,863.04,0.05,2.0,No
ORD-100687,2024-11-21,South,Bengaluru,R219,P1009,Online,Consumer,9,45274.44,0.0,10.0,No
ORD-101666,2024-10-01,East,Bhubaneswar,R204,P1054,Retail,SMB,10,18491.06,0.0,7.0,No
ORD-103382,2025-08-23,South,Bengaluru,R203,P1004,Online,SMB,3,75467.22,0.1,3.0,No
ORD-100219,2024-10-30,North,Chandigarh,R206,P1004,Retail,Corporate,7,74105.41,0.2,6.0,No
ORD-104983,2025-04-22,South,Kochi,R215,P1027,Online,Consumer,2,23127.18,0.05,6.0,No
ORD-105214,2024-05-17,North,Jaipur,R210,P1040,Online,Corporate,3,882.23,0.05,2.0,No
ORD-100929,2025-01-13,East,Bhubaneswar,R216,P1014,Partner,Corporate,3,39802.21,0.0,11.0,No
ORD-105484,2024-06-15,East,Guwahati,R212,P1007,Partner,SMB,5,68118.85,0.0,1.0,No
ORD-100115,2024-06-12,West,Pune,R209,P1049,Retail,Corporate,1,14923.22,0.1,8.0,No
ORD-104283,2025-11-18,West,Surat,R217,P1013,Partner,Corporate,9,59695.01,0.0,3.0,No
ORD-102217,2024-02-10,North,Chandigarh,R210,P1026,Retail,Consumer,1,8350.07,0.0,6.0,No
ORD-101812,2024-07-12,South,Hyderabad,R211,P1041,Retail,SMB,4,832.64,0.0,1.0,No
ORD-100420,2025-06-06,West,Ahmedabad,R217,P1041,Online,Corporate,9,826.62,0.05,10.0,No
ORD-100101,2024-02-11,North,Delhi,R218,P1019,Online,Consumer,4,9351.64,0.15,9.0,No
ORD-102197,2025-05-13,East,Bhubaneswar,R208,P1050,Online,Corporate,2,14795.02,0.15,3.0,No
ORD-101657,2025-11-25,West,Surat,R213,P1024,Retail,Consumer,5,12673.34,0.0,5.0,No
ORD-105933,2024-03-15,South,Chennai,R211,P1004,Retail,SMB,2,72708.52,0.05,6.0,No
ORD-103669,2024-11-13,North,Delhi,R210,P1002,Online,Consumer,8,78370.36,0.15,2.0,No
ORD-104579,2024-10-09,North,Chandigarh,R214,P1021,Online,Consumer,5,17576.53,0.0,3.0,No
ORD-105296,2024-01-05,East,Kolkata,R200,P1007,Retail,Consumer,4,67882.09,0.2,2.0,No
ORD-101988,2024-04-14,East,Guwahati,R216,P1052,Retail,SMB,2,19504.73,0.0,10.0,No
ORD-105306,2025-05-30,West,Mumbai,R217,P1053,Partner,Corporate,3,31782.05,0.2,1.0,No
ORD-102064,2025-05-25,West,Ahmedabad,R213,P1028,Online,Corporate,2,21897.59,0.1,3.0,No
ORD-102723,2025-11-26,North,Lucknow,R214,P1032,Online,SMB,4,852.84,0.0,4.0,No
ORD-100217,2025-01-15,South,Kochi,R211,P1052,Retail,Consumer,3,18781.41,0.1,9.0,No
ORD-104575,2025-12-18,South,Bengaluru,R211,P1051,Online,Corporate,1,34115.84,0.0,8.0,No
ORD-103019,2024-03-27,West,Mumbai,R217,P1032,Partner,Corporate,2,877.1,0.15,2.0,No
ORD-104889,2024-08-04,West,Ahmedabad,R217,P1011,Partner,Corporate,5,62147.96,0.2,1.0,No
ORD-102523,2024-04-03, East,Kolkata,R204,P1023,Partner,SMB,4,24853.5,0.2,6.0,Yes
ORD-101991,2025-08-13,East,Bhubaneswar,R204,P1015,Retail,Consumer,5,32858.91,0.05,5.0,No
ORD-104425,2025-12-12,West,Pune,R217,P1005,Partner,Corporate,4,29138.65,0.0,,Yes
ORD-105685,2025-06-16,East,Guwahati,R204,P1009,Online,SMB,4,43971.97,0.15,9.0,No
ORD-103144,2024-07-12,North,Chandigarh,R218,P1035,Partner,Consumer,2,335.1,0.0,,No
ORD-100311,2025-06-01,North,Delhi,R210,P1046,Online,Corporate,6,14492.54,0.05,1.0,No
ORD-103821,2024-07-23,East,Bhubaneswar,R204,P1035,Partner,Corporate,3,328.98,0.0,5.0,No
ORD-104686,2025-07-23,South,Hyderabad,R215,P1023,Retail,SMB,1,25039.94,0.05,3.0,No
ORD-103794,2024-06-12,East,Guwahati,R204,P1004,Online,SMB,2,72225.36,0.0,4.0,No
ORD-105750,2025-12-01,West,Pune,R217,P1052,Partner,Consumer,6,19485.09,0.0,6.0,No
ORD-105337,2024-03-21,West,Surat,R205,P1027,Online,Consumer,2,23223.48,0.0,2.0,No
ORD-104643,2024-03-25,East,Patna,R212,P1047,Retail,SMB,5,19047.29,0.15,5.0,No
ORD-102403,2024-11-07,East,Patna,R208,P1037,Retail,SMB,8,927.5,0.0,11.0,No
ORD-102414,2025-03-13,North,Jaipur,R218,P1031,Retail,SMB,4,850.59,0.2,9.0,No
ORD-100684,2025-04-16,South,Chennai,R219,P1027,Partner,SMB,5,23494.38,0.0,,No
ORD-100724,2025-03-20,West,Ahmedabad,R205,P1007,Online,Consumer,3,65813.86,0.0,7.0,No
ORD-103169,2024-08-05,South,Chennai,R203,P1013,Online,Corporate,1,58408.4,0.05,5.0,No
ORD-105598,2024-04-23,West,Mumbai,R205,P1008,Online,SMB,2,41848.22,0.0,5.0,No
ORD-103909,2024-07-31,West,Surat,R201,P1005,Retail,Consumer,3,29189.11,0.0,3.0,No
ORD-101289,2024-09-02,West,Pune,R217,P1032,Retail,SMB,5,869.17,0.0,6.0,No
ORD-104023,2025-09-18,North,Chandigarh,R210,P1029,Online,Corporate,2,15874.49,0.0,1.0,No
ORD-100440,2025-01-08,East,Kolkata,R208,P1015,Retail,Corporate,5,33030.14,0.0,2.0,No
ORD-102902,2025-07-26,East,Patna,R216,P1002,Partner,SMB,3,78128.06,0.05,3.0,Yes
ORD-101385,2025-08-12,NORTH,Chandigarh,R218,P1037,Retail,Corporate,3,919.1,0.0,11.0,Yes
ORD-103301,2024-10-26,West,Pune,R209,P1014,Partner,SMB,7,39530.81,0.0,4.0,No
ORD-101123,2024-02-09,South,Kochi,R219,P1042,Partner,Corporate,1,866.19,0.0,6.0,Yes
ORD-100255,2025-10-18,East,Guwahati,R212,P1003,Retail,SMB,7,32701.51,0.0,1.0,No
ORD-103904,2025-05-29,South,Bengaluru,R207,P1023,Retail,Corporate,2,25130.69,0.0,2.0,Yes
ORD-101287,2024-08-16,North,Chandigarh,R210,P1011,Online,Consumer,3,62788.61,0.15,3.0,No
ORD-100259,2025-06-21,North,Chandigarh,R206,P1008,Partner,Consumer,4,41293.92,0.0,5.0,No
ORD-105748,2024-04-28,West,Pune,R217,P1008,Online,Consumer,2,41903.39,0.0,1.0,No
ORD-101621,2024-08-16,South,Chennai,R215,P1054,Online,Consumer,3,19096.28,0.05,10.0,No
ORD-100968,2024-04-12,South,Kochi,R219,P1038,Retail,Corporate,3,338.81,0.1,6.0,No
ORD-103921,2025-01-30,East,Bhubaneswar,R208,P1012,Online,Consumer,5,90451.08,0.1,8.0,No
ORD-103081,2025-03-18,North,Delhi,R218,P1049,Online,Corporate,2,15390.04,0.05,4.0,No
ORD-103210,2024-01-19,West,Pune,R205,P1015,Partner,Corporate,4,33427.77,0.05,5.0,No
ORD-103924,2024-05-13,West,Surat,R217,P1039,Retail,SMB,1,597.3,0.0,2.0,No
ORD-100081,2025-03-28,East,Guwahati,R216,P1014,Partner,Consumer,4,40232.41,0.0,7.0,No
ORD-100033,2025-08-21,East,Patna,R216,P1039,Online,SMB,1,579.23,0.0,10.0,No
ORD-102787,2024-06-09,South,Chennai,R215,P1045,Retail,Corporate,6,437.74,0.15,3.0,No
ORD-103554,2025-09-23,West,Mumbai,R213,P1036,Partner,Consumer,2,482.62,0.05,11.0,No
ORD-104710,2024-04-09,South,Hyderabad,R215,P1016,Partner,Corporate,1,24475.22,0.05,7.0,No
ORD-100072,2025-10-29,South,Bengaluru,R211,P1014,Online,Consumer,5,40121.01,0.0,6.0,No
ORD-100694,2024-03-15,East,Kolkata,R200,P1011,Partner,Consumer,3,62893.97,0.0,9.0,No
ORD-104985,2024-05-15,North,Lucknow,R202,P1051,Partner,Corporate,1,33538.06,0.0,10.0,No
ORD-104950,2024-12-03,West,Ahmedabad,R217,P1044,Online,Corporate,3,873.9,0.0,1.0,No
ORD-105825,2025-08-19, South,Bengaluru,R207,P1012,Online,Consumer,5,89349.38,0.15,1.0,No
ORD-102334,2025-04-02,West,Pune,R209,P1018,Retail,Corporate,4,13901.52,0.0,2.0,No
ORD-105040,2024-09-05,North,Delhi,R214,P1045,Online,Consumer,3,449.68,0.0,9.0,No
ORD-104177,2025-07-05,East,Patna,R200,P1034,Partner,Consumer,1,694.33,0.2,7.0,No
ORD-100669,2024-07-28,South,Kochi,R211,P1002,Partner,Corporate,5,75669.0,0.0,8.0,No
ORD-102252,2024-07-10,East,Kolkata,R212,P1036,Online,Corporate,1,469.88,0.1,9.0,No
ORD-101966,2024-12-08,EAST,Kolkata,R200,P1010,Partner,Consumer,7,73441.08,0.0,11.0,No
ORD-103946,2025-11-03,East,Kolkata,R216,P1030,Retail,Corporate,10,8352.32,0.0,6.0,No
ORD-102987,2025-08-17,North,Lucknow,R218,P1018,Retail,SMB,1,13665.5,0.0,4.0,No
ORD-105368,2024-07-31,East,Kolkata,R208,P1046,Partner,SMB,3,14123.95,0.0,3.0,No
ORD-103622,2024-12-03,East,Bhubaneswar,R200,P1027,Online,Consumer,3,22789.47,0.0,11.0,No
ORD-101272,2024-10-15,West,Mumbai,R205,P1051,Retail,Corporate,7,35021.54,0.05,6.0,No
ORD-103480,2024-12-16,West,Surat,R209,P1009,Online,Corporate,2,43461.61,0.15,4.0,No
ORD-103773,2025-11-06,North,Lucknow,R210,P1047,Partner,Consumer,7,19055.75,0.0,,No
ORD-104234,2025-05-12,South,Hyderabad,R207,P1006,Retail,SMB,2,51943.07,0.2,9.0,No
ORD-101131,2025-06-25, West,Surat,R201,P1049,Online,SMB,4,15592.69,0.0,10.0,No
ORD-102084,2025-07-12,South,Kochi,R203,P1035,Retail,SMB,7,332.33,0.2,3.0,No
ORD-100389,2024-01-16,North,Jaipur,R202,P1019,Partner,Corporate,5,9124.73,0.0,8.0,No
ORD-105615,2025-12-20,East,Patna,R208,P1019,Partner,SMB,-9,9224.49,0.1,5.0,No
ORD-103398,2024-02-19,South,Chennai,R211,P1003,Retail,Corporate,5,33413.79,0.0,8.0,No
ORD-104905,2024-03-07,West,Pune,R201,P1008,Partner,Corporate,3,41665.17,0.0,8.0,No
ORD-104008,2024-10-09,East,Patna,R212,P1029,Online,Consumer,4,15614.06,0.2,3.0,No
ORD-104043,2025-07-15,North,Lucknow,R210,P1031,Online,Corporate,3,869.94,0.0,7.0,No
ORD-100846,2024-12-28,North,Delhi,R218,P1051,Retail,SMB,6,34239.48,0.2,4.0,No
ORD-101729,2025-04-09,East,Guwahati,R208,P1045,Retail,SMB,4,451.88,0.0,6.0,No
ORD-101321,2025-06-19,South,Hyderabad,R211,P1015,Partner,Consumer,2,32742.76,0.1,1.0,No
ORD-103682,2024-10-28,South,Bengaluru,R219,P1049,Partner,SMB,6,15460.62,0.0,3.0,No
ORD-102989,2024-12-29,West,Ahmedabad,R205,P1013,Online,Consumer,7,59960.98,0.0,11.0,Yes
ORD-104696,2025-04-06,East,Kolkata,R216,P1027,Partner,SMB,7,23509.9,0.0,9.0,No
ORD-100186,2025-11-13,West,Pune,R205,P1037,Online,SMB,2,906.04,0.05,10.0,No
ORD-101938,2024-04-16,South,Kochi,R203,P1035,Partner,Corporate,3,337.5,0.0,5.0,No
ORD-105063,2024-08-01,North,Jaipur,R218,P1007,Partner,SMB,5,66060.92,0.0,4.0,No
ORD-103160,2024-12-24,East,Kolkata,R200,P1010,Partner,Consumer,3,72855.61,0.05,1.0,Yes
ORD-104484,2025-10-24,North,Lucknow,R218,P1007,Online,SMB,5,65150.01,0.0,4.0,No
ORD-102702,2024-07-04,East,Patna,R208,P1029,Partner,Corporate,3,16273.66,0.1,6.0,No
ORD-105191,2024-12-04,East,Kolkata,R208,P1005,Partner,Consumer,7,28386.44,0.0,8.0,No
ORD-102992,2024-02-12,South,Hyderabad,R215,P1022,Online,Corporate,2,18889.69,0.0,9.0,No
ORD-102849,2024-03-02,South,Bengaluru,R219,P1019,Online,Corporate,4,9328.72,0.0,10.0,No
ORD-100608,2025-07-15,West,Ahmedabad,R205,P1051,Retail,SMB,4,34099.17,0.0,,No
ORD-104071,2024-09-27,East,Kolkata,R212,P1006,Retail,SMB,1,50702.07,0.0,10.0,Yes
ORD-100447,2024-02-03,North,Delhi,R202,P1004,Retail,SMB,3,72628.11,0.0,7.0,No
ORD-104598,2025-10-02,North,Chandigarh,R206,P1012,Retail,Consumer,2,87777.06,0.0,3.0,No
ORD-104060,2024-03-22,East,Kolkata,R204,P1037,Retail,SMB,3,928.62,0.0,1.0,No
ORD-101961,2025-10-19,West,Pune,R201,P1043,Partner,SMB,3,270.73,0.0,9.0,No
ORD-102159,2025-08-08,East,Patna,R204,P1010,Partner,SMB,2,74221.2,0.1,8.0,No
ORD-100325,2024-10-14,East,Guwahati,R208,P1051,Partner,Corporate,5,33864.57,0.0,7.0,No
ORD-102146,2024-04-19,North,Jaipur,R206,P1020,Online,SMB,2,12177.75,0.05,9.0,No
ORD-101198,2024-11-02,North,Delhi,R218,P1045,Online,Corporate,4,452.19,0.0,9.0,No
ORD-104467,2025-12-22,South,Chennai,R207,P1009,Online,SMB,4,44163.5,0.15,1.0,No
ORD-100870,2025-04-23,North,Delhi,R210,P1050,Partner,SMB,1,14490.48,0.0,1.0,No
ORD-101882,2024-03-29,South,Kochi,R211,P1048,Retail,Corporate,2,17308.23,0.0,1.0,No
ORD-100729,2024-06-20,East,Bhubaneswar,R212,P1024,Retail,SMB,4,13143.66,0.2,3.0,No
ORD-102586,2025-06-25,North,Lucknow,R210,P1029,Online,Consumer,3,15540.64,0.0,7.0,No
ORD-105340,2024-12-02,South,Bengaluru,R215,P1010,Retail,Consumer,6,75418.78,0.0,8.0,No
ORD-100359,2024-06-06,West,Ahmedabad,R209,P1039,Partner,SMB,3,607.92,0.0,,No
ORD-103659,2024-05-13,West,Mumbai,R201,P1031,Retail,SMB,1,837.24,0.15,8.0,No
ORD-101937,2024-10-03,South,Bengaluru,R211,P1030,Online,SMB,4,8141.04,0.0,2.0,No
ORD-100486,2024-05-31,East,Patna,R208,P1023,Partner,SMB,4,25997.62,0.05,5.0,No
ORD-102689,2025-01-07,North,Lucknow,R214,P1024,Online,Corporate,6,12797.45,0.0,3.0,No
ORD-101242,2024-05-14,East,Patna,R208,P1017,Partner,SMB,2,12678.45,0.0,5.0,No
ORD-105710,2024-01-18,NORTH,Lucknow,R202,P1046,Partner,Consumer,2,14188.75,0.0,4.0,No
ORD-100574,2025-08-14,South,Kochi,R211,P1013,Partner,SMB,3,58477.0,0.0,10.0,No
ORD-103926,2024-09-24,West,Pune,R201,P1039,Online,Consumer,2,588.98,0.0,1.0,No
ORD-101159,2024-03-09,South,Chennai,R215,P1049,Retail,SMB,2,15606.19,0.0,6.0,No
ORD-103204,2024-03-10,South,Kochi,R207,P1025,Partner,Consumer,1,16777.13,0.0,7.0,No
ORD-102639,2025-11-07,West,Surat,R201,P1028,Retail,SMB,6,21979.08,0.1,11.0,No
ORD-104708,2024-05-01,West,Surat,R209,P1035,Partner,Corporate,8,326.88,0.1,4.0,No
ORD-102860,2025-01-01,West,Pune,R213,P1024,Online,Corporate,2,12817.39,0.0,2.0,No
ORD-103100,2025-03-13,East,Kolkata,R212,P1046,Partner,SMB,6,14392.21,0.0,6.0,No
ORD-102390,2024-01-13,West,Pune,R213,P1019,Online,Consumer,5,9432.1,0.0,11.0,No
ORD-105835,2025-02-21,South,Hyderabad,R203,P1007,Online,Consumer,3,68190.49,0.05,7.0,No
ORD-105684,2025-07-09,East,Kolkata,R204,P1035,Online,SMB,9,324.87,0.2,8.0,No
ORD-100082,2025-11-05,North,Delhi,R202,P1024,Online,Corporate,1,13000.63,0.1,6.0,No
ORD-105564,2024-12-13,East,Guwahati,R200,P1022,Partner,Consumer,6,18874.96,0.05,3.0,No
ORD-103435,2024-08-07,East,Kolkata,R204,P1037,Partner,Corporate,2,915.24,0.0,5.0,Yes
ORD-105833,2024-05-29,East,Patna,R200,P1006,Partner,Corporate,2,50720.86,0.0,10.0,No
ORD-102006,2025-07-09,West,Ahmedabad,R205,P1016,Partner,Corporate,2,24763.92,0.0,1.0,No
ORD-100196,2025-11-06,South,Bengaluru,R203,P1035,Partner,Corporate,5,323.14,0.0,2.0,No
ORD-104224,2025-12-15,South,Kochi,R219,P1030,Online,SMB,4,8111.1,0.15,11.0,No
ORD-101578,2024-08-29,South,Bengaluru,R219,P1039,Online,SMB,4,600.28,0.05,7.0,No
ORD-105320,2024-01-28,West,Ahmedabad,R205,P1003,Online,SMB,4,32671.98,0.0,7.0,No
ORD-100895,2024-11-27,West,Ahmedabad,R217,P1054,Online,Consumer,6,18714.97,0.0,8.0,No
ORD-103507,2025-03-28,EAST,Patna,R212,P1050,Online,Corporate,4,14685.38,0.1,11.0,No
ORD-103984,2025-12-17,South,Kochi,R215,P1051,Partner,Corporate,2,34179.27,0.0,3.0,No
ORD-101403,2024-02-09,North,Delhi,R218,P1048,Partner,Corporate,2,18054.79,0.0,2.0,No
ORD-104210,2025-04-02,North,Delhi,R214,P1024,Retail,SMB,3,12975.88,0.0,11.0,Yes
ORD-105769,2025-06-13,WEST,Pune,R213,P1015,Partner,Consumer,3,33563.17,0.0,4.0,No
ORD-101577,2024-06-11,West,Surat,R217,P1051,Partner,SMB,4,35411.39,0.0,6.0,Yes
ORD-105639,2025-08-30,North,Delhi,R202,P1034,Retail,Consumer,3,697.69,0.2,5.0,No
ORD-103677,2025-11-11,West,Pune,R217,P1007,Partner,SMB,8,65279.83,0.0,5.0,No
ORD-105697,2024-09-05,North,Delhi,R210,P1034,Partner,SMB,5,713.57,0.0,5.0,No
ORD-100428,2025-03-29,North,Jaipur,R218,P1020,Online,SMB,2,11807.94,0.0,8.0,No
ORD-100239,2024-12-03,West,Ahmedabad,R213,P1025,Online,SMB,6,16743.16,0.0,3.0,No
ORD-100763,2024-11-01,West,Ahmedabad,R205,P1024,Retail,SMB,6,12745.13,0.0,4.0,No
ORD-101144,2024-10-21,South,Hyderabad,R215,P1038,Online,Corporate,4,335.33,0.0,6.0,No
ORD-100799,2025-02-20,West,Ahmedabad,R201,P1001,Retail,SMB,1,66326.36,0.0,1.0,No
ORD-101132,2025-05-17,East,Bhubaneswar,R216,P1026,Retail,Consumer,3,8761.37,0.05,6.0,Yes
ORD-104651,2025-01-19,West,Pune,R213,P1045,Online,Consumer,4,437.61,0.0,8.0,No
ORD-102019,2025-02-17,West,Mumbai,R201,P1053,Retail,SMB,3,31667.96,0.0,1.0,Yes
ORD-100644,2025-04-05,North,Lucknow,R202,P1044,Retail,Corporate,3,869.93,0.0,9.0,No
ORD-102461,2025-05-03,East,Patna,R208,P1043,Retail,Consumer,4,281.45,0.0,2.0,No
ORD-103216,2025-05-04,North,Delhi,R210,P1053,Online,SMB,4,30860.07,0.05,7.0,No
ORD-104881,2025-03-11,East,Kolkata,R208,P1004,Retail,SMB,6,71463.24,0.0,5.0,No
ORD-103108,2024-06-27,East,Kolkata,R212,P1020,Retail,SMB,3,12203.8,0.0,7.0,No
ORD-102265,2025-08-14,South,Kochi,R219,P1017,Partner,Consumer,3,12188.95,0.1,4.0,No
ORD-100342,2025-05-11,North,Chandigarh,R206,P1036,Online,Corporate,3,480.22,0.05,11.0,No
ORD-102402,2025-06-27,North,Delhi,R218,P1054,Online,Consumer,3,18019.9,0.2,4.0,No
ORD-103663,2025-12-01,East,Patna,R200,P1031,Online,Consumer,6,859.47,0.1,1.0,No
ORD-102497,2025-08-24,West,Mumbai,R209,P1051,Retail,Corporate,4,34602.76,0.0,2.0,No
ORD-105453,2025-10-01,East,Patna,R212,P1019,Retail,SMB,2,9231.18,0.0,1.0,No
ORD-105491,2024-11-27,North,Chandigarh,R202,P1020,Retail,SMB,5,12390.56,0.0,6.0,No
ORD-101784,2024-05-03,South,Hyderabad,R211,P1034,Retail,Consumer,2,712.77,0.1,2.0,No
ORD-104479,2024-07-27,West,Ahmedabad,R213,P1034,Online,SMB,5,727.92,0.1,4.0,No
ORD-103883,2024-12-02,North,Jaipur,R206,P1046,Retail,SMB,4,14437.31,0.0,5.0,No
ORD-100582,2024-03-01,North,Jaipur,R206,P1052,Retail,Corporate,4,19217.43,0.0,2.0,No
ORD-102181,2025-03-29,East,Kolkata,R208,P1039,Online,Corporate,7,581.2,0.2,1.0,No
ORD-103900,2025-12-28,North,Delhi,R210,P1016,Online,Consumer,7,24652.54,0.15,,No
ORD-105856,2025-03-19,North,Delhi,R210,P1011,Partner,SMB,1,63218.98,0.1,10.0,No
ORD-102684,2025-02-19,North,Lucknow,R206,P1009,Online,SMB,1,43041.89,0.0,6.0,Yes
ORD-105660,2025-11-05,East,Bhubaneswar,R208,P1020,Retail,SMB,4,11945.93,0.15,11.0,No
ORD-103026,2024-04-07,West,Surat,R213,P1018,Online,Corporate,4,13698.11,0.0,10.0,No
ORD-101851,2025-04-05,East,Guwahati,R212,P1054,Partner,SMB,3,18693.99,0.0,4.0,No
ORD-101078,2025-02-16,East,Bhubaneswar,R200,P1035,Retail,Corporate,4,336.74,0.1,6.0,No
ORD-101197,2025-10-12,West,Ahmedabad,R205,P1040,Partner,SMB,4,867.48,0.05,9.0,Yes
ORD-104084,2025-03-13,East,Bhubaneswar,R204,P1012,Partner,Corporate,5,90167.98,0.1,3.0,No
ORD-101576,2025-12-07,South,Hyderabad,R203,P1003,Online,SMB,4,32631.06,0.2,5.0,No
ORD-101328,2025-09-09,East,Kolkata,R208,P1039,Online,SMB,1,593.76,0.2,4.0,No
ORD-101865,2024-01-25,North,Chandigarh,R218,P1054,Retail,Consumer,1,18348.68,0.15,2.0,No
ORD-104627,2025-02-14,North,Chandigarh,R206,P1032,Partner,Corporate,2,869.82,0.0,4.0,No
ORD-103361,2024-03-08,East,Bhubaneswar,R204,P1023,Partner,SMB,4,24797.5,0.0,2.0,No
ORD-105646,2024-08-29,West,Mumbai,R213,P1009,Online,Corporate,3,45178.38,0.0,1.0,No
ORD-103229,2024-12-31,North,Delhi,R218,P1003,Online,Consumer,2,32152.01,0.0,3.0,No
ORD-101501,2025-06-03,West,Mumbai,R213,P1021,Online,SMB,4,17397.74,0.0,1.0,No
ORD-102089,2024-02-19,EAST,Bhubaneswar,R200,P1026,Retail,Corporate,1,8796.93,0.0,1.0,No
ORD-101564,2025-11-05,West,Ahmedabad,R213,P1032,Online,Corporate,3,851.18,0.1,3.0,No
ORD-102430,2025-03-21,South,Chennai,R211,P1011,Partner,Corporate,2,61129.15,0.0,5.0,No
ORD-101913,2025-02-05,South,Chennai,R215,P1043,Online,SMB,4,283.01,0.05,2.0,No
ORD-101796,2025-06-25,South,Kochi,R207,P1039,Partner,Corporate,3,600.32,0.05,1.0,No
ORD-101750,2024-01-28,West,Ahmedabad,R213,P1046,Retail,Corporate,4,14390.98,0.0,3.0,No
ORD-101814,2024-04-11,West,Ahmedabad,R209,P1047,Retail,Corporate,4,19709.77,0.05,2.0,No
ORD-105959,2025-04-21,North,Delhi,R210,P1011,Online,Corporate,3,62219.95,0.0,9.0,No
ORD-105931,2024-08-07,South,Kochi,R203,P1003,Online,Corporate,5,32966.43,0.0,2.0,No
ORD-100927,2024-09-29,East,Bhubaneswar,R208,P1052,Partner,Corporate,1,18648.54,0.0,2.0,No
ORD-104449,2024-03-21,East,Guwahati,R208,P1047,Retail,Corporate,3,19468.14,0.0,2.0,No
ORD-103544,2024-06-28,North,Chandigarh,R214,P1026,Retail,SMB,3,8810.37,0.05,3.0,No
ORD-102950,2025-07-14,South,Hyderabad,R219,P1024,Online,SMB,6,12686.16,0.0,6.0,No
ORD-103438,2024-01-01,South,Hyderabad,R211,P1013,Online,SMB,1,57642.38,0.0,8.0,No
ORD-102667,2024-09-30,NORTH,Jaipur,R206,P1003,Partner,SMB,2,32847.28,0.0,5.0,No
ORD-101235,2025-07-09,South,Chennai,R211,P1054,Online,Consumer,5,18692.51,0.0,7.0,No
ORD-104446,2025-12-27,East,Bhubaneswar,R216,P1032,Partner,Consumer,6,877.64,0.1,9.0,No
ORD-103668,2024-10-07,West,Surat,R217,P1006,Online,Consumer,8,49512.92,0.15,7.0,No
ORD-103979,2024-12-15,East,Guwahati,R204,P1019,Partner,Consumer,4,9143.58,0.0,3.0,No
ORD-101169,2025-10-16,South,Chennai,R219,P1003,Retail,Corporate,5,31962.66,0.0,1.0,No
ORD-101740,2025-07-31,North,Jaipur,R206,P1025,Partner,SMB,4,16620.37,0.15,2.0,No
ORD-104252,2025-11-12,West,Pune,R201,P1052,Retail,SMB,5,19333.0,0.05,8.0,No
ORD-102938,2024-11-02,West,Pune,R217,P1043,Online,Consumer,8,282.64,0.05,11.0,No
ORD-102611,2024-01-12,South,Chennai,R219,P1043,Partner,Corporate,4,270.31,0.0,5.0,No
ORD-105097,2024-10-20,North,Delhi,R206,P1049,Online,SMB,4,15383.37,0.0,8.0,No
ORD-103196,2024-02-07,East,Bhubaneswar,R204,P1042,Online,Consumer,3,841.9,0.0,7.0,No
ORD-104370,2025-05-20,North,Lucknow,R214,P1003,Retail,Corporate,5,32106.12,0.0,3.0,No
ORD-104510,2024-01-11,South,Kochi,R207,P1030,Retail,SMB,1,8094.68,0.0,10.0,No
ORD-105187,2025-08-14,East,Patna,R200,P1053,Partner,Corporate,6,31803.73,0.0,6.0,No
ORD-101546,2024-08-05,East,Patna,R212,P1046,Online,SMB,7,14015.62,0.0,9.0,No
ORD-105308,2024-12-10,South,Bengaluru,R219,P1041,Online,Consumer,9,806.2,0.0,1.0,No
ORD-103464,2025-03-31,West,Ahmedabad,R201,P1042,Partner,Consumer,3,852.92,0.0,2.0,No
ORD-104739,2024-07-28,South,Bengaluru,R211,P1001,Online,SMB,2,63074.18,0.0,11.0,No
ORD-102645,2024-02-13,South,Kochi,R219,P1021,Online,Consumer,2,16899.19,0.05,8.0,Yes
ORD-101508,2024-05-26,North,Lucknow,R202,P1027,Partner,Corporate,2,22530.46,0.0,3.0,No
ORD-104976,2024-04-22,South,Chennai,R203,P1028,Online,SMB,6,22452.33,0.0,2.0,No
ORD-103076,2025-05-06,East,Bhubaneswar,R216,P1011,Online,Corporate,2,60612.8,0.0,8.0,No
ORD-105177,2025-04-20,South,Kochi,R211,P1052,Partner,Consumer,4,18830.59,0.1,10.0,No
ORD-103092,2025-10-25,East,Patna,R216,P1032,Online,SMB,4,874.43,0.15,2.0,No
ORD-105273,2025-02-07,West,Pune,R213,P1046,Partner,Corporate,2,13890.11,0.0,9.0,No
ORD-103935,2025-03-16,East,Patna,R200,P1014,Online,Consumer,4,39261.51,0.1,10.0,No
ORD-103349,2025-12-18,South,Chennai,R207,P1042,Retail,Consumer,-5,846.91,0.0,5.0,No
ORD-104490,2024-02-22,West,Surat,R205,P1031,Retail,Consumer,1,856.95,0.0,3.0,No
ORD-104201,2024-10-19,East,Kolkata,R204,P1021,Retail,Consumer,2,16961.15,0.0,2.0,No
ORD-104624,2024-08-17,North,Lucknow,R206,P1017,Partner,Consumer,3,12729.11,0.0,10.0,No
ORD-101050,2024-04-17,East,Bhubaneswar,R208,P1047,Retail,Consumer,7,19943.72,0.1,2.0,No
ORD-105626,2024-09-25,West,Mumbai,R217,P1015,Partner,Consumer,3,33034.67,0.15,9.0,No
ORD-105164,2025-11-08,West,Surat,R217,P1041,Online,SMB,2,824.99,0.05,10.0,No
ORD-100941,2024-07-24,North,Lucknow,R214,P1030,Online,SMB,3,8077.09,0.0,5.0,No
ORD-103405,2024-10-12,West,Ahmedabad,R209,P1044,Retail,Corporate,3,899.08,0.0,4.0,No
ORD-105556,2025-12-20,South,Bengaluru,R203,P1011,Partner,Consumer,7,59944.17,0.0,9.0,No
ORD-100592,2025-05-05,North,Delhi,R202,P1054,Online,Corporate,4,18197.44,0.0,5.0,No
ORD-104103,2025-02-17,South,Bengaluru,R207,P1034,Online,Corporate,4,707.14,0.15,2.0,No
ORD-101685,2024-08-23,North,Delhi,R202,P1034,Partner,Consumer,8,710.56,0.0,4.0,Yes
ORD-104245,2025-08-06,North,Chandigarh,R214,P1039,Retail,Consumer,3,582.78,0.0,6.0,No
ORD-100206,2024-03-17,West,Surat,R201,P1013,Online,Corporate,2,57142.93,0.0,9.0,No
ORD-101297,2024-05-14,North,Delhi,R210,P1041,Online,Consumer,4,805.0,0.1,7.0,No
ORD-102796,2025-03-01,South,Kochi,R215,P1012,Retail,SMB,4,87981.17,0.1,1.0,No
ORD-104009,2024-01-16,East,Kolkata,R200,P1023,Online,Corporate,4,25728.27,0.1,4.0,No
ORD-104324,2025-04-26,West,Mumbai,R217,P1032,Online,SMB,2,882.16,0.1,1.0,No
ORD-105779,2024-08-06,East,Guwahati,R208,P1048,Partner,SMB,3,17442.34,0.1,,No
ORD-104846,2024-12-15,East,Guwahati,R200,P1003,Retail,Corporate,4,32622.19,0.0,6.0,No
ORD-102068,2025-07-31,West,Ahmedabad,R217,P1025,Retail,Consumer,2,17090.92,0.0,,No
ORD-105347,2024-08-14,South,Hyderabad,R207,P1019,Online,SMB,2,9257.16,0.0,8.0,No
ORD-101766,2024-09-22,South,Hyderabad,R219,P1008,Partner,SMB,4,43169.9,0.0,9.0,No
ORD-103709,2025-07-11,East,Guwahati,R204,P1028,Online,Consumer,3,22657.41,0.1,11.0,No
ORD-104995,2025-12-05,North,Jaipur,R202,P1015,Online,SMB,5,33289.61,0.0,4.0,No
ORD-100102,2025-02-07,South,Bengaluru,R215,P1001,Partner,Consumer,2,63304.33,0.0,11.0,No
ORD-101373,2024-11-13,East,Bhubaneswar,R216,P1046,Retail,Corporate,5,13843.23,0.1,7.0,No
ORD-101660,2025-05-07,North,Jaipur,R218,P1021,Online,SMB,3,16792.23,0.2,1.0,No
ORD-103793,2025-11-09,South,Hyderabad,R211,P1053,Partner,Consumer,4,30347.33,0.0,10.0,No
ORD-103552,2024-03-11,West,Pune,R201,P1029,Online,SMB,3,15716.47,0.0,3.0,No
ORD-100589,2025-09-03,East,Kolkata,R212,P1040,Retail,Corporate,2,838.23,0.0,7.0,No
ORD-104847,2024-06-13,North,Jaipur,R210,P1007,Partner,Consumer,2,67897.52,0.0,9.0,No
ORD-101026,2025-07-25,North,Delhi,R214,P1023,Partner,Consumer,3,25619.04,0.1,5.0,No
ORD-105914,2024-02-15,North,Lucknow,R214,P1046,Retail,Consumer,5,14435.79,0.0,7.0,No
ORD-100313,2025-10-21,South,Kochi,R215,P1011,Partner,Corporate,4,61794.86,0.0,2.0,No
ORD-103372,2024-05-10,East,Kolkata,R204,P1048,Partner,Corporate,2,18050.73,0.0,1.0,No
ORD-103472,2025-12-02,West,Surat,R205,P1047,Partner,SMB,5,19811.15,0.05,5.0,No
ORD-104290,2024-12-14,West,Pune,R209,P1039,Online,SMB,5,597.52,0.0,1.0,No
ORD-105101,2025-08-11,South,Chennai,R219,P1045,Partner,SMB,2,442.59,0.05,2.0,No
ORD-105581,2025-05-21,South,Chennai,R203,P1010,Online,Corporate,1,74173.31,0.0,7.0,No
ORD-104637,2025-01-15,North,Jaipur,R202,P1029,Online,SMB,4,15880.7,0.0,10.0,No
ORD-102752,2025-03-04,South,Hyderabad,R219,P1039,Partner,Consumer,4,583.71,0.0,7.0,No
ORD-100993,2025-04-18,West,Mumbai,R201,P1027,Online,Consumer,3,23734.66,0.0,3.0,Yes
ORD-101554,2024-04-08,North,Delhi,R206,P1013,Online,SMB,2,59604.11,0.0,9.0,No
ORD-101600,2025-05-21,East,Guwahati,R200,P1031,Retail,Corporate,1,842.34,0.0,7.0,No
ORD-102730,2025-12-16,East,Guwahati,R208,P1014,Retail,SMB,5,40675.85,0.0,4.0,No
ORD-105881,2024-06-03,North,Chandigarh,R214,P1043,Retail,Consumer,3,280.69,0.0,7.0,No
ORD-102155,2025-10-06,South,Chennai,R219,P1035,Retail,Consumer,8,323.13,0.05,3.0,No
ORD-101637,2025-01-02,East,Bhubaneswar,R204,P1025,Partner,SMB,2,17100.82,0.0,6.0,Yes
ORD-101155,2024-05-04,East,Bhubaneswar,R200,P1008,Online,Corporate,3,42762.52,0.0,11.0,No
ORD-102803,2025-04-26,East,Bhubaneswar,R200,P1016,Retail,Consumer,2,25405.26,0.0,3.0,Yes
ORD-104586,2025-02-04,South,Hyderabad,R203,P1041,Partner,SMB,3,803.77,0.05,4.0,No
ORD-104045,2025-07-24,East,Kolkata,R200,P1027,Retail,Corporate,1,23688.61,0.05,10.0,No
ORD-105144,2025-04-09,West,Ahmedabad,R213,P1054,Online,SMB,5,18173.94,0.0,6.0,No
ORD-101748,2025-04-08,South,Bengaluru,R207,P1042,Online,SMB,2,830.68,0.1,4.0,No
ORD-105915,2025-11-25,South,Hyderabad,R203,P1021,Retail,Consumer,7,17383.72,0.1,11.0,No
ORD-102294,2024-12-09,South,Chennai,R211,P1018,Partner,Corporate,7,13410.95,0.1,11.0,No
ORD-104735,2025-06-24,North,Lucknow,R214,P1046,Online,Corporate,1,14374.54,0.0,11.0,No
ORD-105547,2024-04-29,West,Surat,R209,P1015,Online,Corporate,4,32419.98,0.0,5.0,No
ORD-101586,2025-10-14,NORTH,Lucknow,R202,P1018,Partner,Consumer,3,13584.2,0.0,1.0,No
ORD-104104,2025-09-08,South,Bengaluru,R211,P1044,Partner,Consumer,3,866.67,0.0,1.0,No
ORD-102774,2024-05-19,North,Lucknow,R214,P1035,Retail,SMB,2,330.08,0.0,11.0,No
ORD-101206,2025-01-22,North,Delhi,R218,P1016,Online,Consumer,4,24867.37,0.1,6.0,No
ORD-100067,2024-07-13,West,Surat,R213,P1050,Online,Consumer,2,14838.41,0.0,9.0,No
ORD-103273,2025-11-02,East,Kolkata,R204,P1050,Online,Consumer,5,14843.87,0.0,10.0,Yes
ORD-105313,2024-01-28,West,Pune,R213,P1055,Partner,Consumer,2,13518.6,0.0,6.0,No
ORD-102969,2025-02-18,North,Chandigarh,R206,P1003,Retail,Corporate,3,32326.68,0.0,1.0,No
ORD-100192,2024-01-22,West,Pune,R201,P1005,Partner,Corporate,6,29160.42,0.0,2.0,No
ORD-105359,2025-03-04,West,Mumbai,R201,P1003,Online,SMB,4,32270.78,0.1,1.0,No
ORD-103239,2025-02-13,North,Lucknow,R210,P1038,Online,Corporate,3,335.11,0.0,6.0,No
ORD-105025,2025-05-31,South,Chennai,R215,P1040,Retail,Consumer,3,856.2,0.0,8.0,No
ORD-102463,2024-04-29,North,Lucknow,R218,P1007,Online,SMB,5,67622.56,0.05,1.0,No
ORD-101714,2024-11-04,West,Mumbai,R201,P1028,Partner,SMB,8,22545.37,0.1,,Yes
ORD-105146,2025-12-27,West,Mumbai,R213,P1002,Partner,SMB,3,78318.84,0.15,3.0,No
ORD-101921,2024-07-01,North,Lucknow,R206,P1043,Partner,SMB,1,285.16,0.1,10.0,Yes
ORD-105880,2025-05-18,South,Hyderabad,R215,P1038,Online,Consumer,4,332.41,0.05,,No
ORD-100984,2025-06-23,North,Jaipur,R218,P1041,Partner,Corporate,6,837.63,0.05,8.0,No
ORD-101596,2025-06-22,East,Kolkata,R216,P1029,Online,Consumer,3,16075.58,0.0,10.0,No
ORD-101825,2024-09-26,East,Patna,R212,P1010,Retail,SMB,3,74531.32,0.0,6.0,No
ORD-101375,2025-08-18,West,Mumbai,R217,P1022,Partner,SMB,1,18396.08,0.0,11.0,No
ORD-100695,2024-03-26,South,Chennai,R203,P1002,Retail,Corporate,1,78468.04,0.0,7.0,No
ORD-100238,2024-04-07,West,Ahmedabad,R205,P1037,Partner,Corporate,5,897.95,0.0,1.0,Yes
ORD-102040,2024-01-05,West,Ahmedabad,R201,P1011,Retail,SMB,3,62893.58,0.2,11.0,No
ORD-105823,2024-03-08,East,Patna,R204,P1011,Online,Consumer,5,62160.74,0.0,10.0,No
ORD-100058,2024-01-06,West,Mumbai,R213,P1043,Online,SMB,3,279.19,0.0,10.0,No
ORD-104398,2025-12-09,North,Delhi,R218,P1024,Retail,SMB,3,12859.45,0.05,2.0,No
ORD-101504,2024-11-27,West,Surat,R213,P1024,Retail,Corporate,5,13019.51,0.1,5.0,No
ORD-104920,2025-06-07,West,Pune,R213,P1030,Online,Corporate,5,8191.29,0.1,5.0,No
ORD-104984,2025-12-27,East,Kolkata,R200,P1012,Partner,Corporate,3,91790.93,0.05,10.0,No
ORD-102242,2025-09-11,North,Lucknow,R210,P1009,Retail,SMB,3,44732.97,0.15,4.0,No
ORD-102738,2024-12-06,West,Ahmedabad,R209,P1010,Online,Corporate,5,71508.48,0.0,11.0,No
ORD-102879,2024-12-23,East,Patna,R216,P1020,Online,SMB,4,11800.73,0.15,2.0,Yes
ORD-105284,2025-05-24,East,Kolkata,R216,P1043,Retail,Consumer,3,271.32,0.05,4.0,No
ORD-101351,2025-08-27,West,Pune,R205,P1028,Online,Consumer,5,22003.87,0.1,5.0,No
ORD-101454,2025-11-23,North,Lucknow,R214,P1051,Online,Consumer,6,33690.71,0.0,7.0,No
ORD-103467,2024-09-27,West,Pune,R217,P1028,Online,SMB,5,22316.81,0.0,8.0,No
ORD-101528,2025-06-20,North,Jaipur,R210,P1030,Retail,Corporate,3,8144.07,0.15,3.0,No
ORD-102589,2024-03-22,South,Hyderabad,R211,P1004,Online,Consumer,7,74906.23,0.0,11.0,No
ORD-102442,2024-10-20,East,Guwahati,R204,P1016,Online,Corporate,6,25270.64,0.0,8.0,No
ORD-104146,2024-08-16,South,Bengaluru,R207,P1032,Retail,SMB,4,844.67,0.0,6.0,No
ORD-100783,2024-06-20,West,Ahmedabad,R205,P1004,Partner,SMB,7,72214.55,0.0,7.0,No
ORD-101745,2025-10-30,South,Hyderabad,R219,P1049,Retail,Corporate,5,15518.46,0.05,2.0,No
ORD-100392,2025-05-17,South,Bengaluru,R207,P1031,Partner,Corporate,6,855.36,0.1,5.0,No
ORD-105730,2024-04-16,East,Guwahati,R208,P1024,Retail,Consumer,3,12984.78,0.0,4.0,No
ORD-101034,2025-06-10,South,Kochi,R203,P1051,Retail,Consumer,4,34592.52,0.1,8.0,No
ORD-102065,2025-01-29,East,Guwahati,R208,P1003,Retail,Consumer,2,33702.76,0.0,4.0,No
ORD-102045,2024-03-12,East,Patna,R212,P1038,Retail,SMB,6,323.67,0.1,11.0,No
ORD-102854,2024-11-15,West,Pune,R205,P1013,Online,Consumer,4,57226.48,0.05,7.0,No
ORD-102857,2024-05-10,South,Kochi,R207,P1055,Online,Corporate,1,13633.59,0.0,4.0,No
ORD-105011,2025-04-10,North,Delhi,R218,P1008,Partner,Corporate,5,42844.86,0.0,3.0,No
ORD-100280,2025-07-17,East,Guwahati,R216,P1021,Online,SMB,3,17562.27,0.15,7.0,No
ORD-103263,2024-01-08,North,Chandigarh,R206,P1007,Retail,SMB,3,67065.52,0.0,3.0,Yes
ORD-100557,2024-11-28,East,Guwahati,R204,P1038,Partner,Corporate,5,334.96,0.1,3.0,No
ORD-104444,2025-05-17,South,Kochi,R215,P1008,Partner,Corporate,5,41259.46,0.0,7.0,No
ORD-100645,2025-12-19,West,Mumbai,R205,P1011,Partner,Consumer,5,62684.51,0.15,10.0,No
ORD-101794,2024-10-14,South,Hyderabad,R203,P1029,Online,SMB,4,15711.01,0.0,6.0,No
ORD-100231,2024-07-13,West,Mumbai,R201,P1032,Partner,Consumer,3,843.53,0.0,3.0,No
ORD-105055,2025-02-27,South,Chennai,R219,P1012,Online,SMB,2,89897.0,0.0,3.0,No
ORD-102535,2024-01-28,West,Pune,R205,P1003,Retail,Consumer,3,32974.93,0.0,11.0,No
ORD-105377,2025-01-19,East,Bhubaneswar,R204,P1025,Online,Corporate,3,17195.62,0.0,9.0,No
ORD-102128,2025-04-30,South,Bengaluru,R203,P1032,Retail,Corporate,2,849.56,0.0,5.0,No
ORD-102438,2024-02-28,South,Hyderabad,R219,P1055,Online,Corporate,4,13556.67,0.05,9.0,No
ORD-104247,2025-01-06,East,Bhubaneswar,R200,P1024,Retail,SMB,2,13056.79,0.0,10.0,No
ORD-104291,2024-02-26,South,Hyderabad,R215,P1029,Online,Consumer,4,16058.21,0.0,6.0,No
ORD-102712,2025-07-14,North,Chandigarh,R206,P1004,Retail,SMB,2,71286.94,0.0,3.0,No
ORD-101881,2025-03-16,North,Lucknow,R202,P1055,Retail,Corporate,3,13822.69,0.2,2.0,No
ORD-100457,2025-04-24,West,Surat,R201,P1022,Retail,Corporate,4,18039.96,0.1,4.0,No
ORD-105721,2025-01-05,South,Kochi,R207,P1028,Retail,SMB,2,21933.76,0.05,9.0,No
ORD-101532,2024-10-02,West,Ahmedabad,R213,P1007,Partner,SMB,3,68788.4,0.0,8.0,No
ORD-105048,2024-08-25,South,Kochi,R219,P1028,Online,Corporate,3,22275.96,0.0,11.0,No
ORD-105211,2024-09-24,East,Kolkata,R216,P1015,Retail,Consumer,4,33087.74,0.0,3.0,No
ORD-104968,2024-05-01,West,Surat,R217,P1005,Retail,Consumer,2,28031.47,0.0,1.0,No
ORD-102900,2024-08-15,West,Surat,R205,P1001,Partner,SMB,1,64625.89,0.0,4.0,No
ORD-101653,2025-05-10,North,Delhi,R206,P1034,Partner,Consumer,2,720.63,0.0,7.0,No
ORD-100779,2025-09-09,West,Mumbai,R205,P1028,Online,Corporate,6,22120.55,0.0,5.0,No
ORD-104428,2024-12-19,East,Guwahati,R216,P1055,Partner,Consumer,3,14153.93,0.1,8.0,Yes
ORD-104531,2024-12-14,West,Ahmedabad,R201,P1023,Online,Corporate,5,25448.42,0.0,11.0,No
ORD-105343,2024-02-19,West,Ahmedabad,R213,P1033,Retail,SMB,5,832.02,0.0,8.0,No
ORD-101271,2024-03-31,South,Hyderabad,R207,P1028,Online,Consumer,2,22449.8,0.2,11.0,No
ORD-103943,2024-06-17,South,Chennai,R211,P1015,Partner,Corporate,3,33206.54,0.15,8.0,No
ORD-101687,2025-06-25,West,Pune,R213,P1038,Partner,Corporate,2,330.36,0.0,1.0,No
ORD-104282,2025-11-16,West,Surat,R209,P1034,Online,Consumer,7,708.46,0.15,3.0,No
ORD-100214,2024-05-19,East,Kolkata,R204,P1054,Online,SMB,1,18691.56,0.1,7.0,No
ORD-105208,2025-02-28,West,Mumbai,R201,P1020,Retail,Consumer,3,11892.36,0.1,1.0,No
ORD-102025,2025-10-30,North,Lucknow,R210,P1032,Online,Consumer,5,865.35,0.05,8.0,No
ORD-101356,2025-07-03,East,Kolkata,R208,P1003,Online,Corporate,4,32595.14,0.1,1.0,No
ORD-102270,2025-10-05,North,Jaipur,R202,P1052,Partner,SMB,3,18544.26,0.0,10.0,No
ORD-101550,2025-05-30,East,Guwahati,R212,P1013,Online,SMB,3,58257.14,0.1,1.0,No
ORD-102489,2024-11-16,North,Lucknow,R202,P1037,Retail,SMB,7,880.22,0.0,9.0,No
ORD-100899,2025-11-11,East,Kolkata,R212,P1032,Retail,Consumer,5,846.73,0.1,4.0,No
ORD-101227,2025-12-02,East,Kolkata,R212,P1010,Retail,SMB,7,74145.19,0.0,4.0,No
ORD-105201,2025-05-19,South,Chennai,R211,P1017,Retail,SMB,2,12741.78,0.0,11.0,No
ORD-102704,2024-07-26,West,Mumbai,R209,P1042,Partner,SMB,2,833.56,0.0,2.0,No
ORD-102037,2024-12-10,East,Patna,R216,P1023,Online,SMB,4,24628.92,0.05,2.0,No
ORD-103249,2024-10-25,West,Surat,R217,P1024,Partner,SMB,4,12622.09,0.0,3.0,No
ORD-104469,2024-01-19,South,Chennai,R203,P1002,Online,Corporate,2,77760.47,0.0,8.0,No
ORD-103237,2024-07-06,East,Bhubaneswar,R204,P1034,Retail,Consumer,3,718.65,0.2,10.0,No
ORD-101342,2024-08-31,South,Hyderabad,R215,P1006,Retail,SMB,2,49649.32,0.0,8.0,No
ORD-104380,2025-05-28,South,Chennai,R211,P1033,Retail,Corporate,2,851.44,0.0,11.0,No
ORD-104804,2025-09-02,South,Hyderabad,R215,P1050,Online,Corporate,3,14842.11,0.0,5.0,No
ORD-102427,2024-09-14,South,Hyderabad,R203,P1035,Retail,Consumer,3,331.4,0.0,6.0,No
ORD-103689,2024-09-13,North,Chandigarh,R206,P1038,Retail,SMB,3,337.21,0.0,9.0,Yes
ORD-102733,2024-09-26,North,Lucknow,R206,P1021,Online,Consumer,4,17617.5,0.1,7.0,No
ORD-104656,2025-04-02,East,Kolkata,R208,P1040,Retail,SMB,2,880.99,0.0,10.0,No
ORD-101891,2024-11-12,North,Delhi,R202,P1033,Partner,SMB,2,858.77,0.0,7.0,No
ORD-103887,2025-12-27,West,Ahmedabad,R209,P1053,Partner,Corporate,5,32053.42,0.05,2.0,No
ORD-103244,2024-11-20,South,Hyderabad,R219,P1021,Retail,Corporate,7,17172.91,0.05,6.0,No
ORD-102372,2024-06-27,West,Pune,R213,P1033,Retail,Corporate,3,851.18,0.0,8.0,No
ORD-101238,2024-10-16,WEST,Surat,R209,P1026,Retail,Consumer,6,8721.88,0.1,4.0,No
ORD-105458,2025-03-24,South,Bengaluru,R207,P1023,Retail,SMB,3,24743.91,0.1,5.0,No
ORD-105263,2024-12-31,East,Kolkata,R204,P1028,Partner,Corporate,5,21997.67,0.1,2.0,No
ORD-102366,2025-10-24,North,Lucknow,R214,P1045,Partner,Corporate,4,437.11,0.1,1.0,Yes
ORD-103691,2024-03-05,West,Pune,R205,P1003,Online,Corporate,2,33601.36,0.0,5.0,No
ORD-100501,2025-01-10,East,Kolkata,R212,P1010,Retail,SMB,2,71897.24,0.0,7.0,No
ORD-104748,2024-02-19,North,Jaipur,R202,P1044,Retail,Consumer,1,877.96,0.1,4.0,No
ORD-104057,2025-05-13,East,Patna,R216,P1024,Online,SMB,5,13298.97,0.0,6.0,No
ORD-104137,2024-10-07,North,Chandigarh,R206,P1023,Retail,Consumer,7,25675.11,0.0,1.0,No
ORD-102973,2024-10-14,South,Bengaluru,R215,P1021,Online,Corporate,4,16954.38,0.0,7.0,No
ORD-105205,2025-12-16,North,Lucknow,R210,P1026,Partner,Corporate,8,8406.53,0.0,7.0,No
ORD-101967,2024-07-20,East,Patna,R208,P1054,Online,Corporate,1,18174.33,0.2,10.0,Yes
ORD-105125,2025-04-14,North,Delhi,R218,P1018,Partner,Consumer,2,13769.77,0.0,6.0,No
ORD-105601,2025-04-24,South,Bengaluru,R219,P1003,Partner,Corporate,1,31906.05,0.0,1.0,No
ORD-103831,2025-02-15,East,Patna,R216,P1008,Online,Consumer,4,43128.82,0.0,6.0,No
ORD-100881,2025-01-23,East,Guwahati,R212,P1029,Partner,SMB,3,16012.57,0.0,11.0,No
ORD-105454,2024-05-12,East,Guwahati,R216,P1021,Retail,SMB,2,16959.08,0.15,1.0,No
ORD-104111,2025-01-25,North,Jaipur,R210,P1040,Retail,SMB,4,837.12,0.0,3.0,No
ORD-101915,2025-11-03,West,Pune,R213,P1009,Retail,Consumer,4,43886.34,0.15,9.0,No
ORD-100367,2025-09-05,East,Patna,R200,P1027,Online,Corporate,2,23681.99,0.1,4.0,No
ORD-105066,2025-09-29,North,Jaipur,R214,P1006,Retail,Corporate,3,50472.63,0.2,9.0,No
ORD-101989,2024-09-29,South,Bengaluru,R211,P1035,Online,Corporate,7,329.92,0.05,5.0,Yes
ORD-100931,2024-11-17,West,Pune,R217,P1055,Partner,SMB,4,13533.12,0.15,1.0,No
ORD-103341,2024-03-29,West,Mumbai,R201,P1034,Retail,SMB,3,719.02,0.05,6.0,No
ORD-103265,2024-03-09,South,Hyderabad,R203,P1022,Retail,SMB,1,18960.48,0.1,8.0,No
ORD-100566,2024-05-27,South,Chennai,R211,P1011,Partner,Corporate,1,62889.49,0.0,11.0,No
ORD-101499,2024-11-16,East,Kolkata,R204,P1015,Online,Corporate,3,34059.36,0.0,10.0,No
ORD-101163,2025-01-29,South,Bengaluru,R203,P1009,Retail,Consumer,3,43196.75,0.2,7.0,No
ORD-103729,2024-07-10,North,Chandigarh,R218,P1044,Partner,Corporate,2,900.26,0.05,8.0,No
ORD-103282,2025-03-28,East,Guwahati,R212,P1021,Online,Consumer,3,16969.34,0.0,10.0,No
ORD-105375,2024-02-04,West,Surat,R217,P1006,Retail,Consumer,3,51335.34,0.05,5.0,No
ORD-100507,2025-10-15,South,Kochi,R219,P1055,Online,Corporate,4,13909.8,0.0,3.0,No
ORD-102271,2025-02-20,East,Patna,R204,P1041,Retail,SMB,3,829.23,0.0,7.0,No
ORD-105239,2024-08-24, South,Kochi,R207,P1047,Retail,SMB,1,19927.38,0.0,1.0,No
ORD-102147,2025-07-03,West,Pune,R205,P1018,Partner,Corporate,5,13937.03,0.0,5.0,No
ORD-100098,2025-09-01,West,Mumbai,R201,P1027,Online,SMB,2,22715.86,0.0,11.0,Yes
ORD-104937,2025-03-17,North,Chandigarh,R202,P1011,Partner,Consumer,3,61737.34,0.05,5.0,No
ORD-104814,2025-02-07,West,Surat,R209,P1046,Partner,Consumer,4,13945.07,0.0,1.0,No
ORD-105421,2024-05-26,East,Guwahati,R200,P1008,Partner,Corporate,3,43126.78,0.0,2.0,No
ORD-100667,2025-05-29,North,Jaipur,R202,P1049,Partner,Consumer,2,15670.62,0.1,11.0,No
ORD-100858,2024-09-04,West,Surat,R205,P1033,Partner,Corporate,3,854.38,0.0,2.0,No
ORD-102538,2024-02-15,West,Mumbai,R213,P1010,Partner,Corporate,5,71680.41,0.05,5.0,No
ORD-103929,2024-12-28,North,Chandigarh,R206,P1038,Retail,Corporate,6,321.44,0.15,2.0,No
ORD-104903,2024-03-19,West,Ahmedabad,R217,P1040,Partner,Corporate,2,866.84,0.05,7.0,No
ORD-104260,2025-10-22,East,Kolkata,R208,P1002,Partner,Consumer,2,78603.29,0.0,8.0,No
ORD-104290,2024-12-14,West,Pune,R209,P1039,Online,SMB,5,597.52,0.0,1.0,No
ORD-100299,2024-12-28,East,Bhubaneswar,R204,P1055,Retail,Consumer,3,14088.55,0.0,10.0,No
ORD-102659,2024-07-17,North,Chandigarh,R210,P1019,Retail,Consumer,1,9384.14,0.0,4.0,No
ORD-104461,2025-08-12,West,Ahmedabad,R213,P1047,Retail,Corporate,3,18986.15,0.0,1.0,No
ORD-102406,2024-09-20,North,Lucknow,R206,P1052,Partner,Corporate,4,18594.56,0.1,8.0,No
ORD-101410,2025-05-11, South,Hyderabad,R211,P1009,Partner,Consumer,7,43917.6,0.05,3.0,No
ORD-102514,2024-05-13,West,Mumbai,R205,P1017,Online,Corporate,1,12678.65,0.05,2.0,No
ORD-105469,2025-11-14,West,Mumbai,R201,P1014,Partner,Consumer,5,38837.72,0.15,6.0,Yes
ORD-103234,2024-08-14,West,Surat,R213,P1040,Retail,Corporate,3,851.34,0.0,6.0,No
ORD-105719,2025-04-15,South,Bengaluru,R215,P1029,Partner,Corporate,6,16350.3,0.2,9.0,No
ORD-103017,2025-11-07,East,Guwahati,R200,P1006,Retail,Consumer,2,50789.76,0.0,8.0,No
ORD-105832,2025-03-24,West,Pune,R205,P1003,Online,Consumer,3,32654.59,0.0,8.0,No
ORD-104211,2024-01-24,North,Delhi,R218,P1055,Retail,SMB,5,14091.71,0.05,4.0,No
ORD-103970,2025-02-05,East,Patna,R204,P1008,Retail,SMB,2,42541.98,0.1,7.0,No
ORD-102632,2024-10-29,West,Ahmedabad,R213,P1040,Retail,SMB,4,877.51,0.0,7.0,No
ORD-105616,2024-11-28,West,Pune,R205,P1040,Partner,Corporate,2,875.09,0.0,6.0,No
ORD-101817,2024-11-08,West,Surat,R209,P1001,Online,Corporate,4,63291.42,0.1,9.0,No
ORD-105628,2025-12-30,West,Mumbai,R201,P1020,Online,Corporate,2,12294.15,0.0,1.0,No
ORD-100556,2025-04-06,North,Delhi,R214,P1028,Partner,SMB,3,22918.7,0.0,4.0,No
ORD-103756,2025-08-31,East,Guwahati,R204,P1011,Retail,Consumer,2,62790.2,0.2,3.0,No
ORD-105129,2024-11-12,South,Kochi,R219,P1044,Partner,Corporate,5,901.52,0.15,11.0,No
ORD-104530,2025-09-20,West,Surat,R205,P1013,Partner,Consumer,8,56920.86,0.1,11.0,No
ORD-103458,2025-05-03,West,Ahmedabad,R213,P1038,Partner,Corporate,2,328.02,0.0,8.0,No
ORD-100957,2025-12-09,South,Chennai,R215,P1024,Partner,Corporate,5,13037.86,0.05,1.0,No
ORD-101537,2025-09-24,East,Patna,R204,P1035,Partner,Consumer,4,321.49,0.0,11.0,No
ORD-101165,2024-11-15,North,Lucknow,R206,P1021,Online,SMB,3,17679.81,0.0,4.0,No
ORD-100538,2024-01-13,South,Kochi,R211,P1012,Partner,Consumer,3,89998.34,0.0,3.0,No
ORD-103391,2025-06-19,East,Patna,R204,P1036,Retail,Corporate,3,485.61,0.0,4.0,No
ORD-103416,2025-08-21,North,Jaipur,R206,P1019,Online,Corporate,2,9501.15,0.05,10.0,No
ORD-103105,2024-03-05,East,Kolkata,R204,P1052,Online,Corporate,3,18705.99,0.0,2.0,No
ORD-102842,2025-03-14,East,Bhubaneswar,R216,P1036,Partner,Consumer,3,459.0,0.0,10.0,No
ORD-102445,2025-05-20,North,Jaipur,R202,P1030,Partner,SMB,2,8275.72,0.0,2.0,No
ORD-102550,2024-12-23,South,Bengaluru,R211,P1001,Online,Consumer,4,64468.9,0.0,7.0,No
ORD-104279,2025-09-04,West,Pune,R201,P1051,Online,Corporate,4,34914.76,0.1,10.0,No
ORD-102801,2025-07-13,West,Pune,R217,P1001,Partner,Consumer,1,65858.79,0.0,10.0,No
ORD-102236,2024-11-10,East,Kolkata,R200,P1006,Partner,SMB,4,50390.02,0.0,5.0,No
ORD-101208,2025-11-20,WEST,Ahmedabad,R201,P1022,Partner,SMB,4,18814.23,0.1,3.0,No
ORD-105529,2025-09-11,East,Guwahati,R204,P1055,Partner,Consumer,2,13542.23,0.0,5.0,Yes
ORD-104936,2025-03-06,East,Guwahati,R216,P1006,Online,SMB,4,52211.49,0.1,2.0,No
ORD-100700,2024-04-06,North,Lucknow,R210,P1021,Partner,SMB,2,16958.69,0.0,8.0,Yes
ORD-103649,2024-10-07,North,Delhi,R202,P1051,Online,Corporate,5,34863.96,0.0,6.0,No
ORD-104031,2025-10-25,West,Surat,R217,P1016,Online,SMB,6,25490.53,0.0,11.0,No
ORD-104250,2025-01-06,East,Patna,R208,P1022,Partner,SMB,2,18271.77,0.0,1.0,No
ORD-101947,2024-08-04,West,Ahmedabad,R217,P1050,Online,Consumer,1,14581.33,0.05,7.0,No
ORD-104785,2025-05-27,North,Lucknow,R218,P1004,Retail,SMB,5,74692.37,0.0,10.0,No
ORD-103765,2025-11-22,West,Surat,R217,P1028,Partner,Corporate,4,22717.8,0.0,9.0,No
ORD-101011,2024-12-15,North,Chandigarh,R202,P1014,Partner,Consumer,8,39759.53,0.05,8.0,No
ORD-101038,2024-06-07,West,Surat,R201,P1017,Partner,SMB,5,12758.18,0.0,11.0,No
ORD-101309,2025-12-26,North,Lucknow,R210,P1028,Partner,Corporate,4,22430.83,0.05,3.0,No
ORD-103983,2025-05-13,North,Delhi,R214,P1006,Partner,SMB,2,49928.87,0.0,4.0,No
ORD-102761,2025-02-08,South,Kochi,R211,P1005,Retail,SMB,2,28581.75,0.0,1.0,No
ORD-100850,2025-06-30,East,Kolkata,R200,P1053,Online,SMB,2,31585.8,0.1,7.0,No
ORD-104087,2025-09-06,East,Patna,R204,P1048,Retail,SMB,2,17386.76,0.0,6.0,No
ORD-101079,2024-03-12,South,Hyderabad,R219,P1005,Retail,Corporate,3,28230.86,0.2,8.0,No
ORD-100524,2025-04-17,West,Surat,R205,P1012,Retail,SMB,3,92199.73,0.05,11.0,No
ORD-103023,2024-07-25,East,Patna,R212,P1050,Retail,Corporate,4,14718.12,0.15,5.0,Yes
ORD-102351,2024-06-14,North,Delhi,R202,P1034,Online,SMB,5,696.15,0.1,3.0,No
ORD-104913,2024-01-18,East,Kolkata,R200,P1032,Partner,SMB,4,886.37,0.2,2.0,No
ORD-104278,2024-04-13,South,Bengaluru,R211,P1005,Online,Consumer,6,27981.4,0.0,7.0,No
ORD-102815,2025-09-04,South,Kochi,R211,P1045,Retail,Corporate,3,436.19,0.0,10.0,No
ORD-105866,2024-05-20,North,Lucknow,R214,P1018,Retail,Corporate,3,13788.49,0.0,11.0,No
ORD-102319,2025-06-08,South,Chennai,R211,P1038,Partner,SMB,5,334.43,0.2,1.0,No
ORD-102332,2025-03-16,South,Kochi,R207,P1003,Partner,SMB,5,31893.02,0.0,10.0,No
ORD-102970,2024-06-26,West,Surat,R205,P1003,Partner,SMB,2,32482.64,0.0,8.0,No
ORD-104119,2025-02-11,West,Surat,R217,P1002,Partner,Corporate,2,76509.64,0.0,10.0,No
ORD-102927,2025-07-02,West,Ahmedabad,R209,P1033,Retail,SMB,1,849.34,0.0,6.0,No
ORD-105317,2025-01-05,North,Delhi,R218,P1055,Online,Consumer,2,13802.89,0.0,7.0,No
ORD-103140,2024-10-10,South,Bengaluru,R215,P1050,Retail,Consumer,5,14520.91,0.0,8.0,No
ORD-103755,2025-05-14,North,Jaipur,R210,P1038,Partner,SMB,4,332.6,0.0,5.0,No
ORD-100005,2025-11-22,East,Bhubaneswar,R200,P1052,Online,SMB,3,19190.83,0.0,3.0,No
ORD-100705,2024-04-21,North,Chandigarh,R206,P1052,Partner,Corporate,3,19251.49,0.15,8.0,No
ORD-103316,2025-01-31,EAST,Kolkata,R208,P1055,Partner,Consumer,2,13799.26,0.0,1.0,No
ORD-101793,2024-04-12,East,Kolkata,R204,P1003,Retail,Corporate,2,33143.5,0.0,2.0,No
ORD-102588,2025-12-04,North,Lucknow,R214,P1049,Retail,Corporate,4,15483.69,0.0,3.0,No
ORD-103443,2025-06-12,North,Jaipur,R202,P1053,Online,Corporate,4,30775.08,0.0,10.0,No
ORD-102354,2024-11-24,West,Mumbai,R209,P1025,Partner,SMB,6,16315.01,0.15,3.0,No
ORD-104638,2024-12-06,South,Hyderabad,R219,P1009,Retail,Consumer,8,45403.14,0.05,2.0,Yes
ORD-105863,2025-06-14,South,Chennai,R215,P1027,Partner,SMB,1,23103.43,0.0,2.0,No
ORD-100544,2025-02-11,West,Ahmedabad,R213,P1047,Retail,Corporate,2,19366.26,0.0,9.0,No
ORD-102720,2025-11-05,South,Hyderabad,R203,P1010,Retail,Consumer,4,74046.92,0.0,1.0,No
ORD-100616,2025-04-01,West,Pune,R205,P1012,Online,SMB,2,89518.69,0.05,5.0,No
ORD-100575,2025-02-04,North,Chandigarh,R210,P1045,Online,Consumer,4,438.18,0.0,4.0,No
ORD-101023,2024-02-29,West,Ahmedabad,R205,P1044,Retail,Corporate,3,878.37,0.0,,No
ORD-102820,2024-11-08,South,Chennai,R207,P1036,Online,Corporate,8,470.04,0.0,6.0,No
ORD-100976,2024-02-13,West,Surat,R209,P1025,Retail,Consumer,-2,17069.05,0.0,4.0,No
ORD-100548,2024-01-30,West,Mumbai,R201,P1017,Partner,SMB,4,12111.44,0.0,8.0,No
ORD-100639,2025-10-28,South,Bengaluru,R211,P1001,Online,SMB,7,66339.79,0.15,7.0,No
ORD-105857,2024-10-11,East,Guwahati,R208,P1024,Online,Corporate,8,13173.77,0.0,7.0,Yes
ORD-103998,2025-01-01,West,Mumbai,R205,P1002,Online,Corporate,5,76601.48,0.0,7.0,No
ORD-103077,2025-02-09,West,Pune,R217,P1038,Online,SMB,4,328.62,0.0,6.0,No
ORD-101703,2024-06-24,West,Pune,R205,P1039,Partner,SMB,5,575.39,0.0,2.0,No
ORD-103961,2025-07-28,West,Mumbai,R213,P1012,Partner,Corporate,1,92505.84,0.0,10.0,No
ORD-101710,2025-01-08,North,Lucknow,R206,P1052,Retail,Consumer,3,18937.0,0.0,9.0,No
ORD-104248,2024-08-26,East,Guwahati,R204,P1052,Partner,Consumer,3,19114.46,0.0,7.0,No
ORD-105476,2025-10-22,North,Chandigarh,R218,P1045,Partner,SMB,9,441.89,0.0,8.0,No
ORD-103670,2024-09-26,North,Jaipur,R206,P1019,Retail,SMB,6,9227.28,0.05,8.0,No
ORD-103950,2024-12-04,North,Lucknow,R214,P1019,Retail,SMB,4,9445.62,0.2,3.0,No
ORD-100288,2024-03-04,East,Kolkata,R204,P1025,Online,SMB,4,17155.79,0.0,5.0,No
ORD-100513,2025-11-30,North,Delhi,R210,P1023,Online,Corporate,8,25477.58,0.0,9.0,No
ORD-104831,2025-04-19,South,Bengaluru,R211,P1006,Online,Corporate,3,50435.82,0.1,1.0,No
ORD-104016,2025-04-27,South,Hyderabad,R219,P1009,Online,Consumer,3,44727.51,0.0,3.0,No
ORD-102174,2024-05-06,West,Mumbai,R201,P1007,Retail,SMB,3,67583.52,0.0,10.0,No
ORD-100987,2024-03-20,West,Surat,R209,P1033,Partner,Consumer,2,846.22,0.1,4.0,No
ORD-100432,2024-04-16,West,Mumbai,R201,P1016,Retail,Consumer,5,24894.02,0.05,8.0,No
ORD-103759,2025-04-19,North,Jaipur,R218,P1009,Online,SMB,2,44203.09,0.0,2.0,No
ORD-100588,2025-12-15,West,Ahmedabad,R201,P1017,Online,Consumer,6,12112.31,0.05,11.0,No
ORD-103632,2024-03-31,North,Jaipur,R214,P1024,Partner,SMB,2,12609.99,0.0,5.0,No
ORD-102209,2024-09-27,East,Patna,R204,P1026,Partner,SMB,4,8330.78,0.0,8.0,No
ORD-102328,2024-01-10,West,Mumbai,R205,P1040,Online,SMB,4,852.74,0.1,7.0,No
ORD-100847,2025-03-25,North,Delhi,R210,P1020,Online,SMB,2,12268.19,0.0,5.0,No
ORD-104067,2025-10-26,North,Chandigarh,R202,P1006,Retail,SMB,-3,52093.83,0.0,,No
ORD-103727,2024-10-18,South,Bengaluru,R207,P1055,Online,Corporate,4,13950.62,0.2,1.0,No
ORD-100062,2025-06-20,West,Ahmedabad,R217,P1039,Partner,SMB,4,577.18,0.0,7.0,No
ORD-105534,2025-08-02,West,Surat,R201,P1011,Retail,Corporate,3,59913.42,0.0,8.0,No
ORD-101650,2024-01-28,East,Patna,R204,P1053,Retail,Consumer,2,31656.18,0.0,5.0,No
ORD-102827,2024-09-12,South,Hyderabad,R211,P1037,Partner,Corporate,1,921.58,0.0,9.0,No
ORD-103276,2024-05-14,West,Pune,R201,P1006,Online,Corporate,4,50684.12,0.0,4.0,No
ORD-100108,2025-10-29,West,Ahmedabad,R205,P1038,Online,Corporate,6,326.48,0.05,11.0,No
ORD-100517,2025-01-13,West,Pune,R217,P1043,Online,SMB,1,285.31,0.05,8.0,No
ORD-105966,2025-03-23,South,Hyderabad,R207,P1031,Partner,Consumer,3,834.65,0.0,2.0,No
ORD-101217,2024-02-14,West,Surat,R205,P1033,Online,Corporate,4,829.3,0.15,5.0,No
ORD-105752,2025-09-02,North,Lucknow,R202,P1041,Partner,Corporate,2,817.34,0.0,7.0,No
ORD-104756,2024-02-24,North,Delhi,R202,P1007,Online,Corporate,1,67001.01,0.05,4.0,No
ORD-104503,2024-08-31,South,Hyderabad,R211,P1028,Online,Consumer,3,23010.92,0.0,3.0,No
ORD-102420,2025-02-22,East,Patna,R212,P1005,Online,Corporate,6,29065.17,0.0,8.0,No
ORD-104962,2024-02-06,North,Chandigarh,R218,P1022,Partner,Corporate,1,18503.83,0.0,1.0,No
ORD-103767,2024-08-09,North,Jaipur,R218,P1004,Partner,Consumer,3,71357.83,0.0,6.0,No
ORD-101790,2025-11-27,West,Surat,R209,P1053,Retail,SMB,6,31103.64,0.0,7.0,No
ORD-103179,2025-02-18,South,Hyderabad,R207,P1024,Partner,Corporate,5,12993.22,0.0,7.0,Yes
ORD-102198,2024-05-30,North,Lucknow,R202,P1021,Partner,Corporate,6,16975.14,0.1,10.0,No
ORD-105691,2024-10-22,West,Mumbai,R209,P1024,Online,Consumer,2,13017.9,0.2,10.0,No
ORD-105322,2024-04-09,West,Mumbai,R217,P1004,Retail,Corporate,2,74630.98,0.0,6.0,No
ORD-103817,2024-03-11,East,Bhubaneswar,R216,P1013,Online,Corporate,3,57352.62,0.0,8.0,No
ORD-104304,2025-11-25,South,Chennai,R211,P1054,Retail,Consumer,2,18944.96,0.1,8.0,No
ORD-105953,2024-05-11,North,Jaipur,R210,P1001,Retail,SMB,5,64874.84,0.0,,No
ORD-102043,2025-10-13,North,Jaipur,R202,P1007,Retail,Consumer,5,66961.03,0.0,1.0,No
ORD-103626,2024-05-08,West,Pune,R201,P1015,Retail,Corporate,4,32358.47,0.0,3.0,No
ORD-100348,2025-11-16,South,Kochi,R203,P1010,Partner,Corporate,7,75198.81,0.0,11.0,No
ORD-101884,2024-10-14,North,Jaipur,R210,P1046,Online,Corporate,4,14072.46,0.2,9.0,No
ORD-102237,2025-02-13,East,Guwahati,R212,P1052,Retail,Corporate,4,19559.36,0.0,3.0,No
ORD-104127,2024-02-17,North,Lucknow,R214,P1042,Retail,Consumer,2,829.93,0.05,2.0,No
ORD-100701,2024-01-28,North,Delhi,R218,P1030,Retail,Consumer,3,8043.01,0.0,2.0,No
ORD-102641,2024-04-24,South,Kochi,R219,P1027,Retail,SMB,5,22657.24,0.0,11.0,No
ORD-101681,2024-01-02,North,Jaipur,R210,P1052,Partner,Corporate,5,19562.32,0.05,6.0,No
ORD-102605,2024-06-23,West,Pune,R217,P1013,Online,Consumer,1,56972.84,0.0,4.0,No
ORD-100686,2025-03-26,North,Lucknow,R202,P1028,Partner,Consumer,6,21898.28,0.05,8.0,Yes
ORD-103127,2024-04-17,North,Chandigarh,R210,P1044,Retail,Corporate,3,902.9,0.0,6.0,No
ORD-103305,2025-03-21,North,Lucknow,R218,P1038,Partner,Consumer,4,331.04,0.0,2.0,No
ORD-101628,2024-05-03,South,Chennai,R215,P1017,Online,Corporate,4,12625.88,0.1,10.0,No
ORD-104775,2025-07-18,East,Kolkata,R204,P1037,Partner,Corporate,1,923.34,0.0,2.0,Yes
ORD-104379,2024-02-15,North,Lucknow,R202,P1016,Online,Corporate,3,24593.37,0.05,3.0,No
ORD-103513,2025-02-28,South,Bengaluru,R211,P1008,Retail,SMB,2,43300.47,0.0,3.0,No
ORD-100643,2025-09-17,South,Bengaluru,R203,P1004,Online,SMB,3,73717.24,0.0,2.0,No
ORD-104167,2024-11-17,South,Hyderabad,R207,P1021,Retail,Consumer,3,17259.16,0.05,2.0,No
ORD-104574,2024-07-28,South,Kochi,R211,P1037,Partner,SMB,7,875.93,0.05,7.0,No
ORD-104131,2025-04-04,South,Bengaluru,R211,P1021,Online,SMB,2,17271.67,0.05,11.0,Yes
ORD-103095,2025-09-14,South,Bengaluru,R211,P1009,Partner,Consumer,1,45455.01,0.05,5.0,No
ORD-101019,2024-01-18,East,Bhubaneswar,R208,P1033,Retail,Consumer,2,848.35,0.0,1.0,No
ORD-105624,2024-06-23,South,Chennai,R207,P1043,Retail,Corporate,5,285.07,0.05,1.0,No
ORD-104300,2024-04-11, South,Bengaluru,R219,P1005,Retail,Corporate,3,27998.07,0.1,11.0,No
ORD-103206,2025-03-06,North,Jaipur,R206,P1017,Online,SMB,4,12272.1,0.0,7.0,No
ORD-103906,2024-07-04,West,Surat,R213,P1032,Online,Consumer,5,844.96,0.05,6.0,No
ORD-104165,2024-07-17,West,Ahmedabad,R209,P1049,Partner,Consumer,3,15320.14,0.0,9.0,No
ORD-102941,2025-07-04,East,Patna,R200,P1020,Online,Consumer,3,11777.46,0.0,7.0,No
ORD-102185,2024-04-12,South,Hyderabad,R203,P1006,Online,SMB,4,50000.86,0.0,7.0,No
ORD-100054,2025-08-09,North,Delhi,R214,P1054,Partner,Corporate,8,18498.04,0.05,7.0,No
ORD-102435,2024-05-12,East,Guwahati,R204,P1029,Online,Corporate,2,16098.64,0.05,4.0,No
ORD-100094,2025-03-16,East,Guwahati,R200,P1012,Retail,Corporate,1,88141.01,0.15,11.0,No
ORD-103358,2024-09-26,East,Patna,R208,P1023,Partner,Corporate,5,25749.42,0.0,11.0,No
ORD-103678,2024-10-19,North,Jaipur,R218,P1046,Online,Corporate,4,13966.77,0.0,7.0,No
ORD-103707,2024-09-06,East,Patna,R212,P1013,Online,SMB,3,58991.55,0.0,4.0,No
ORD-102140,2025-01-15,East,Bhubaneswar,R204,P1008,Partner,Corporate,6,42178.25,0.1,11.0,No
ORD-102000,2024-01-05,South,Hyderabad,R203,P1048,Retail,Corporate,3,17578.66,0.0,11.0,No
ORD-105016,2025-11-11,West,Ahmedabad,R213,P1035,Retail,SMB,5,326.16,0.1,11.0,No
ORD-101074,2025-12-10,North,Delhi,R206,P1038,Partner,Consumer,3,332.03,0.0,6.0,No
ORD-105416,2025-06-25,South,Chennai,R211,P1030,Retail,Corporate,2,8098.14,0.05,8.0,No
ORD-102567,2024-10-18,East,Bhubaneswar,R200,P1038,Online,Consumer,8,323.91,0.0,3.0,No
ORD-101549,2025-04-19,South,Chennai,R207,P1052,Partner,SMB,3,18801.9,0.1,10.0,No
ORD-105212,2025-01-07,East,Bhubaneswar,R204,P1043,Online,Consumer,4,279.31,0.0,11.0,No
ORD-102478,2024-08-05,West,Pune,R209,P1024,Partner,SMB,2,13067.91,0.1,8.0,No
ORD-102812,2024-12-20,South,Bengaluru,R215,P1009,Online,Corporate,3,45352.87,0.0,11.0,No
ORD-101139,2024-01-16,South,Kochi,R215,P1003,Online,Corporate,3,32923.63,0.15,11.0,No
ORD-104382,2024-11-29,East,Bhubaneswar,R208,P1029,Partner,Consumer,3,16255.99,0.0,8.0,No
ORD-105298,2024-10-18,East,Guwahati,R200,P1046,Partner,Corporate,3,13954.63,0.0,5.0,No
ORD-104550,2024-03-04,West,Surat,R201,P1018,Retail,Corporate,2,13710.47,0.15,7.0,No
ORD-104244,2025-03-24,West,Pune,R217,P1031,Retail,SMB,1,872.04,0.1,3.0,No
ORD-103720,2024-02-27,South,Bengaluru,R207,P1029,Retail,Consumer,4,15512.91,0.0,4.0,No
ORD-105440,2025-08-05,North,Lucknow,R218,P1044,Partner,Consumer,2,908.13,0.0,3.0,No
ORD-100349,2024-10-01,West,Surat,R213,P1015,Partner,SMB,6,32555.85,0.0,8.0,No
ORD-101875,2025-01-16,South,Bengaluru,R207,P1008,Online,Consumer,3,41000.16,0.0,7.0,No
ORD-104113,2025-04-16,South,Bengaluru,R219,P1016,Retail,Corporate,3,24939.28,0.15,1.0,No
ORD-104273,2024-01-26,East,Guwahati,R216,P1022,Retail,SMB,3,18159.93,0.0,6.0,No
ORD-100244,2024-10-18,South,Hyderabad,R207,P1007,Partner,SMB,6,65229.86,0.0,11.0,No
ORD-100959,2024-09-26,West,Ahmedabad,R205,P1046,Retail,Corporate,3,14408.21,0.0,2.0,No
ORD-100434,2025-12-20,North,Jaipur,R214,P1038,Online,SMB,9,324.81,0.05,1.0,No
ORD-104652,2025-06-03,North,Chandigarh,R218,P1050,Online,Consumer,3,14485.73,0.0,10.0,No
ORD-103501,2025-05-25,West,Mumbai,R213,P1020,Retail,Consumer,1,11770.56,0.0,1.0,No
ORD-104678,2024-01-07,North,Jaipur,R206,P1039,Retail,Consumer,2,608.2,0.0,2.0,No
ORD-105364,2025-04-07,South,Bengaluru,R215,P1027,Partner,Consumer,1,22464.32,0.1,6.0,No
ORD-104253,2024-11-18,East,Patna,R200,P1051,Retail,Consumer,5,34230.69,0.0,11.0,No
ORD-102748,2024-10-04,West,Pune,R209,P1036,Online,Consumer,8,473.31,0.0,,No
ORD-104956,2024-06-19,North,Lucknow,R206,P1018,Partner,Consumer,4,13601.61,0.15,5.0,No
ORD-101381,2024-03-12,South,Hyderabad,R211,P1042,Online,Consumer,3,859.65,0.0,2.0,No
ORD-100711,2024-09-10,West,Surat,R213,P1030,Online,Consumer,2,7987.81,0.0,8.0,No
ORD-102157,2024-04-22,East,Guwahati,R212,P1006,Retail,SMB,2,50119.24,0.0,1.0,No
ORD-102363,2025-06-26,South,Hyderabad,R219,P1033,Partner,Consumer,4,873.35,0.1,1.0,No
ORD-100495,2024-03-02,East,Guwahati,R208,P1029,Partner,SMB,2,15692.84,0.05,2.0,No
ORD-100600,2024-08-29,South,Chennai,R219,P1036,Partner,Consumer,3,467.33,0.0,7.0,No
ORD-102905,2025-07-31,East,Bhubaneswar,R216,P1029,Online,Consumer,5,15547.7,0.0,7.0,No
ORD-102785,2024-11-09,North,Lucknow,R214,P1039,Retail,Consumer,6,605.13,0.0,6.0,No
ORD-100840,2025-01-31,East,Bhubaneswar,R216,P1041,Online,Corporate,3,811.59,0.0,4.0,No
ORD-104381,2024-03-22,North,Lucknow,R210,P1012,Retail,Consumer,1,91344.52,0.1,11.0,No
ORD-103390,2024-01-06,West,Ahmedabad,R209,P1049,Retail,Consumer,2,15173.46,0.0,10.0,No
ORD-102097,2025-06-24,South,Bengaluru,R215,P1050,Partner,SMB,4,15043.31,0.0,7.0,No
ORD-101773,2025-12-04,West,Ahmedabad,R209,P1023,Online,SMB,5,24784.24,0.0,8.0,No
ORD-100906,2024-04-02,North,Lucknow,R210,P1053,Partner,Corporate,1,31532.02,0.0,4.0,Yes
ORD-105700,2025-07-19,North,Chandigarh,R214,P1044,Partner,SMB,4,893.57,0.05,2.0,No
ORD-103334,2024-03-15,South,Bengaluru,R211,P1049,Online,Corporate,6,15303.04,0.05,6.0,No
ORD-102717,2025-10-25,North,Chandigarh,R218,P1047,Retail,SMB,3,19454.12,0.0,5.0,No
ORD-101457,2024-01-05,South,Kochi,R215,P1009,Online,Consumer,4,44638.57,0.1,3.0,No
ORD-105625,2025-06-29,NORTH,Lucknow,R214,P1003,Partner,Consumer,-2,32454.68,0.05,5.0,No
ORD-101424,2025-07-06,East,Patna,R200,P1006,Online,Consumer,2,49847.0,0.0,4.0,No
ORD-100563,2024-09-07,East,Kolkata,R204,P1013,Partner,Corporate,2,58696.11,0.0,1.0,No
ORD-104768,2025-09-21,South,Hyderabad,R215,P1044,Online,SMB,3,875.24,0.05,8.0,Yes
ORD-105345,2025-06-26,South,Bengaluru,R203,P1037,Partner,SMB,3,901.54,0.0,7.0,No
ORD-103486,2024-11-07,East,Guwahati,R208,P1038,Retail,Consumer,2,339.71,0.0,9.0,No
ORD-101941,2024-10-22,West,Mumbai,R213,P1036,Online,Consumer,5,465.2,0.0,7.0,No
ORD-103338,2025-03-05,North,Delhi,R202,P1039,Retail,Consumer,2,609.25,0.0,8.0,No
ORD-100596,2024-02-08,North,Delhi,R218,P1008,Online,Corporate,2,43177.31,0.1,1.0,No
ORD-100940,2024-05-14,East,Guwahati,R204,P1033,Online,SMB,1,859.72,0.15,6.0,No
ORD-103075,2024-07-16,East,Guwahati,R208,P1051,Retail,Consumer,4,35225.54,0.05,5.0,Yes
ORD-104990,2024-01-07,East,Patna,R212,P1018,Partner,Consumer,2,13908.45,0.0,9.0,No
ORD-102544,2024-04-03,East,Patna,R212,P1050,Retail,Corporate,1,14732.64,0.0,2.0,No
ORD-101791,2024-08-26,South,Bengaluru,R207,P1015,Online,SMB,3,34122.65,0.0,4.0,No
ORD-100839,2025-05-02,East,Guwahati,R200,P1026,Partner,Corporate,1,8526.24,0.0,4.0,No
ORD-100344,2024-08-21,South,Kochi,R203,P1049,Retail,Corporate,3,15171.69,0.05,5.0,Yes
ORD-104884,2024-01-26,North,Lucknow,R210,P1004,Retail,SMB,1,73239.98,0.0,10.0,No
ORD-102326,2025-08-02,East,Patna,R200,P1014,Retail,Consumer,4,39476.96,0.0,7.0,No
ORD-100778,2025-01-05,South,Chennai,R203,P1031,Partner,SMB,2,847.4,0.0,9.0,No
ORD-105429,2025-03-05,North,Chandigarh,R210,P1024,Partner,SMB,2,13257.01,0.05,9.0,No
ORD-103518,2024-04-25,North,Jaipur,R206,P1044,Partner,SMB,4,887.03,0.05,11.0,No
ORD-105249,2024-05-07,West,Pune,R201,P1029,Partner,Consumer,4,16245.28,0.0,4.0,No
ORD-100857,2025-03-07,North,Jaipur,R214,P1003,Partner,SMB,2,32207.07,0.0,10.0,No
ORD-105614,2024-02-20,South,Chennai,R219,P1045,Partner,SMB,4,438.41,0.0,7.0,No
ORD-103948,2025-10-22,East,Kolkata,R212,P1001,Partner,Corporate,5,64108.31,0.0,2.0,No
ORD-101470,2024-06-25,North,Jaipur,R218,P1019,Online,Corporate,3,9190.82,0.0,3.0,No
ORD-105237,2025-09-18,West,Ahmedabad,R205,P1047,Partner,Corporate,4,19514.47,0.15,,No
ORD-105430,2024-05-22,West,Ahmedabad,R213,P1008,Retail,Consumer,3,41675.84,0.1,8.0,No
ORD-102275,2025-09-13,West,Mumbai,R217,P1043,Online,SMB,3,279.3,0.05,10.0,Yes
ORD-100726,2025-01-19,South,Bengaluru,R211,P1040,Online,Consumer,4,885.08,0.05,10.0,No
ORD-104204,2024-08-25,North,Lucknow,R202,P1028,Online,SMB,2,22403.45,0.0,4.0,No
ORD-105216,2025-07-18,East,Guwahati,R208,P1033,Retail,Corporate,2,836.68,0.05,9.0,No
ORD-104914,2025-03-08,East,Bhubaneswar,R204,P1033,Partner,Consumer,3,870.48,0.0,4.0,No
ORD-105254,2025-08-28,South,Kochi,R203,P1054,Retail,Corporate,6,18627.11,0.0,9.0,No
ORD-103801,2025-11-23,South,Kochi,R203,P1001,Retail,SMB,8,66566.43,0.0,1.0,No
ORD-100275,2025-11-01,South,Bengaluru,R203,P1021,Online,SMB,3,17548.46,0.0,11.0,No
ORD-101922,2024-02-16,North,Jaipur,R206,P1040,Online,SMB,5,862.22,0.0,11.0,No
ORD-105727,2025-08-03,North,Lucknow,R202,P1044,Partner,Corporate,3,889.8,0.0,9.0,No
ORD-104227,2025-07-05,South,Kochi,R211,P1006,Online,Consumer,2,49613.57,0.1,9.0,No
ORD-105133,2025-06-05,South,Hyderabad,R219,P1026,Online,SMB,2,8451.6,0.1,11.0,No
ORD-103027,2024-06-25,East,Patna,R216,P1038,Online,Consumer,1,321.64,0.0,2.0,No
ORD-103258,2024-10-14,South,Kochi,R219,P1020,Partner,Consumer,4,12285.66,0.05,11.0,No
ORD-101497,2025-01-10,East,Guwahati,R212,P1033,Retail,Consumer,5,844.23,0.0,7.0,No
ORD-101102,2024-03-06,North,Lucknow,R214,P1003,Retail,Consumer,2,31997.02,0.0,7.0,No
ORD-100329,2024-04-05,East,Bhubaneswar,R216,P1013,Partner,Consumer,2,57658.3,0.0,9.0,No
ORD-102863,2025-10-23,East,Guwahati,R216,P1047,Retail,SMB,3,19217.29,0.1,5.0,No
ORD-102768,2024-09-17,North,Chandigarh,R218,P1014,Online,Corporate,3,39854.71,0.1,1.0,Yes
ORD-104877,2024-06-21,North,Delhi,R218,P1055,Partner,Consumer,3,13987.94,0.1,10.0,No
ORD-101859,2024-08-04,West,Surat,R213,P1013,Retail,Corporate,2,58240.99,0.2,4.0,No
ORD-102608,2025-05-11,West,Ahmedabad,R205,P1031,Partner,Consumer,2,862.58,0.0,1.0,No
ORD-105435,2024-04-01,West,Ahmedabad,R209,P1012,Partner,Consumer,-1,89501.66,0.0,6.0,No
ORD-103985,2025-05-11,South,Chennai,R207,P1011,Retail,Consumer,2,62443.87,0.0,4.0,No
ORD-105838,2025-11-25,North,Lucknow,R202,P1055,Retail,Consumer,5,13384.42,0.05,5.0,No
ORD-100996,2024-01-28,West,Surat,R213,P1028,Retail,SMB,2,23070.22,0.0,7.0,No
ORD-103399,2025-02-06,North,Chandigarh,R206,P1055,Retail,Corporate,3,13649.96,0.15,8.0,No
ORD-105740,2025-01-29,East,Patna,R208,P1003,Partner,Corporate,3,32375.5,0.0,6.0,Yes
ORD-100796,2025-05-01,East,Guwahati,R208,P1022,Retail,Consumer,3,18518.1,0.0,2.0,No
ORD-100123,2024-04-28,North,Jaipur,R206,P1010,Partner,Corporate,4,73049.04,0.05,2.0,No
ORD-101379,2024-12-20,West,Ahmedabad,R217,P1055,Retail,SMB,5,13890.71,0.0,4.0,No
ORD-101456,2025-10-21,East,Kolkata,R200,P1036,Partner,SMB,8,483.88,0.05,10.0,No
ORD-101924,2025-03-06,South,Hyderabad,R203,P1053,Partner,Corporate,1,30895.04,0.1,4.0,No
ORD-104150,2024-06-15,East,Guwahati,R212,P1028,Online,Corporate,3,22290.51,0.1,10.0,No
ORD-104405,2024-09-04,North,Lucknow,R210,P1007,Online,Corporate,4,66779.21,0.1,3.0,No
ORD-103701,2025-07-30,South,Bengaluru,R219,P1023,Retail,Consumer,3,24875.81,0.2,5.0,No
ORD-105905,2024-06-24,South,Kochi,R203,P1045,Partner,SMB,1,434.13,0.05,6.0,No
ORD-105030,2025-10-16,North,Jaipur,R210,P1007,Online,Corporate,9,67749.78,0.0,5.0,No
ORD-103960,2025-01-15,West,Mumbai,R205,P1054,Partner,Corporate,4,18782.73,0.2,4.0,No
ORD-105092,2025-09-05,West,Ahmedabad,R213,P1034,Online,Corporate,4,727.94,0.0,9.0,No
ORD-102743,2025-11-19,West,Ahmedabad,R213,P1037,Retail,Consumer,9,886.64,0.05,9.0,No
ORD-104639,2025-04-05,South,Hyderabad,R219,P1029,Retail,SMB,3,16428.21,0.0,6.0,No
ORD-105711,2025-11-15,SOUTH,Bengaluru,R219,P1028,Online,SMB,4,23003.48,0.2,5.0,No
ORD-101051,2024-10-14,South,Chennai,R207,P1034,Retail,Consumer,5,718.78,0.0,4.0,No
ORD-103523,2025-04-09,East,Guwahati,R212,P1027,Retail,Corporate,2,22784.0,0.0,11.0,No
ORD-103085,2024-10-23,West,Ahmedabad,R213,P1048,Online,Consumer,7,17476.47,0.0,3.0,No
ORD-104384,2025-12-21,SOUTH,Bengaluru,R207,P1014,Online,Consumer,6,39647.19,0.0,1.0,No
ORD-104329,2024-09-20,West,Pune,R217,P1034,Retail,Consumer,3,724.74,0.0,7.0,No
ORD-101232,2025-10-03,West,Pune,R213,P1044,Online,Corporate,6,892.29,0.0,4.0,No
ORD-105613,2025-02-02,West,Mumbai,R213,P1040,Partner,Consumer,-2,881.81,0.05,6.0,No
ORD-100610,2024-10-02,East,Patna,R216,P1017,Online,SMB,10,12329.8,0.0,1.0,No
ORD-103198,2024-01-27,East,Kolkata,R212,P1026,Online,SMB,6,8663.36,0.15,9.0,No
ORD-103498,2024-04-02,South,Chennai,R215,P1006,Partner,Consumer,1,49751.86,0.2,11.0,No
ORD-103356,2025-10-06,West,Surat,R201,P1013,Partner,SMB,6,56559.29,0.2,3.0,No
ORD-100560,2024-12-19,West,Surat,R205,P1014,Online,Consumer,5,38556.4,0.1,7.0,No
ORD-102038,2025-01-24,West,Ahmedabad,R201,P1049,Retail,Consumer,3,14884.29,0.0,7.0,No
ORD-105609,2024-09-05,North,Delhi,R202,P1044,Partner,Corporate,2,895.12,0.0,9.0,No
ORD-100717,2025-06-09,West,Ahmedabad,R209,P1039,Retail,Corporate,2,576.12,0.1,5.0,Yes
ORD-101827,2024-07-22,West,Pune,R205,P1017,Retail,Consumer,3,12024.36,0.0,11.0,No
ORD-105676,2024-03-31,North,Delhi,R214,P1017,Partner,Consumer,2,12508.09,0.0,10.0,No
ORD-103068,2024-06-06,North,Chandigarh,R206,P1024,Online,Corporate,3,12722.82,0.0,7.0,No
ORD-102150,2024-03-27,EAST,Patna,R200,P1054,Online,Consumer,1,18373.82,0.1,11.0,No
ORD-101749,2024-04-09,West,Ahmedabad,R209,P1018,Partner,SMB,3,13897.42,0.2,8.0,No
ORD-105517,2025-08-23,North,Lucknow,R210,P1041,Online,Consumer,1,829.13,0.05,3.0,No
ORD-103646,2025-04-07,West,Ahmedabad,R209,P1017,Retail,Corporate,4,12467.36,0.0,6.0,No
ORD-103514,2025-08-11,East,Guwahati,R212,P1019,Partner,Consumer,5,9577.3,0.15,1.0,No
ORD-104413,2025-10-06,North,Jaipur,R206,P1038,Partner,Corporate,2,328.15,0.0,10.0,No
ORD-101394,2024-05-29,North,Lucknow,R202,P1018,Partner,SMB,3,13892.06,0.05,5.0,No
ORD-103913,2025-03-05,West,Surat,R201,P1018,Online,SMB,4,13341.99,0.0,4.0,No
ORD-105243,2024-08-13,South,Kochi,R211,P1049,Online,SMB,4,15617.25,0.0,,No
ORD-101691,2025-05-07,North,Chandigarh,R202,P1025,Online,Consumer,4,16437.67,0.05,11.0,No
ORD-104630,2025-02-05,West,Ahmedabad,R205,P1007,Online,Consumer,4,68473.27,0.0,5.0,No
ORD-103079,2024-10-25,East,Kolkata,R216,P1037,Online,Corporate,3,880.98,0.05,10.0,No
ORD-100100,2024-04-14,East,Bhubaneswar,R216,P1055,Online,SMB,3,13650.82,0.15,10.0,Yes
ORD-104571,2024-05-31,North,Jaipur,R218,P1051,Partner,Corporate,1,35205.1,0.1,1.0,No
ORD-105283,2025-05-24,East,Guwahati,R208,P1042,Retail,Consumer,6,842.22,0.0,1.0,No
ORD-105755,2024-05-14,East,Kolkata,R208,P1052,Partner,Consumer,3,19320.8,0.0,8.0,No
ORD-104080,2025-05-12,West,Surat,R217,P1055,Online,Consumer,3,13850.82,0.0,4.0,No
ORD-101162,2025-04-21,South,Bengaluru,R219,P1013,Online,Consumer,6,58856.56,0.0,2.0,No
ORD-102429,2024-05-19,East,Patna,R216,P1038,Online,Consumer,4,336.78,0.0,1.0,Yes
ORD-101615,2024-01-09,South,Bengaluru,R215,P1037,Partner,SMB,2,907.36,0.05,6.0,No
ORD-104654,2024-07-10,South,Bengaluru,R211,P1012,Retail,Consumer,4,92423.42,0.0,8.0,No
ORD-102939,2024-09-06,West,Pune,R213,P1051,Partner,Corporate,3,34251.5,0.0,9.0,No
ORD-103686,2025-12-27,South,Hyderabad,R211,P1039,Online,Consumer,4,577.21,0.05,8.0,No
ORD-100210,2025-12-01,South,Bengaluru,R203,P1033,Retail,Corporate,-5,845.72,0.0,11.0,No
ORD-105875,2025-06-26,East,Kolkata,R212,P1011,Partner,Consumer,4,60217.93,0.0,5.0,No
ORD-105503,2025-10-04,East,Patna,R204,P1020,Retail,Corporate,9,12011.03,0.0,4.0,No
ORD-104475,2024-08-19,South,Kochi,R215,P1039,Retail,Consumer,3,580.03,0.0,2.0,No
ORD-101683,2024-08-05,West,Pune,R217,P1018,Partner,SMB,4,14039.13,0.15,4.0,No
ORD-103227,2024-11-10,East,Guwahati,R208,P1042,Retail,SMB,2,831.67,0.05,5.0,No
ORD-104075,2025-12-21,West,Mumbai,R213,P1003,Retail,Consumer,6,32601.36,0.0,8.0,No
ORD-103005,2025-03-25,East,Guwahati,R200,P1054,Retail,Consumer,2,18760.6,0.05,8.0,No
ORD-103636,2024-09-22,East,Guwahati,R216,P1051,Retail,Consumer,2,34596.4,0.0,9.0,No
ORD-101005,2025-03-07,East,Patna,R200,P1030,Online,SMB,3,8045.92,0.0,5.0,No
ORD-101240,2025-09-06,South,Hyderabad,R211,P1010,Partner,SMB,6,72019.81,0.05,8.0,No
ORD-104257,2024-09-21,West,Ahmedabad,R213,P1028,Partner,SMB,1,22981.36,0.15,9.0,No
ORD-103211,2025-03-10,North,Jaipur,R210,P1040,Retail,Consumer,2,837.48,0.0,1.0,No
ORD-104969,2025-06-04,North,Chandigarh,R206,P1006,Online,Corporate,4,50179.56,0.0,5.0,No
ORD-104316,2025-02-18,West,Mumbai,R205,P1009,Retail,Corporate,3,44685.15,0.0,8.0,No
ORD-102290,2025-09-16,East,Kolkata,R212,P1035,Partner,Corporate,3,333.61,0.0,3.0,No
ORD-105902,2024-09-02,West,Mumbai,R213,P1055,Online,Corporate,3,13953.4,0.1,2.0,No
ORD-104520,2024-04-17,South,Hyderabad,R211,P1015,Retail,Corporate,3,32885.23,0.0,1.0,Yes
ORD-102968,2024-05-26,East,Guwahati,R212,P1015,Online,Consumer,1,33285.21,0.1,2.0,No
ORD-104421,2024-11-16,West,Surat,R209,P1051,Partner,Consumer,3,35059.33,0.05,10.0,No
ORD-105834,2024-10-15,East,Bhubaneswar,R204,P1032,Online,Consumer,5,848.39,0.0,6.0,No
ORD-100372,2024-03-02,West,Mumbai,R217,P1055,Partner,Corporate,1,13389.61,0.0,8.0,No
ORD-102015,2025-11-27,East,Kolkata,R204,P1025,Retail,Consumer,9,17044.91,0.15,9.0,No
ORD-103905,2025-12-27,East,Guwahati,R212,P1051,Partner,SMB,2,33419.4,0.0,10.0,No
ORD-105419,2024-08-23,West,Mumbai,R201,P1051,Partner,SMB,4,34140.06,0.0,11.0,No
ORD-104364,2025-06-05,North,Lucknow,R206,P1018,Online,Corporate,3,13996.68,0.1,4.0,No
ORD-104359,2024-02-22,North,Chandigarh,R202,P1015,Retail,SMB,2,32633.41,0.0,11.0,No
ORD-102517,2025-03-18,South,Bengaluru,R207,P1035,Partner,Corporate,5,332.88,0.0,10.0,No
ORD-103645,2024-01-16,East,Kolkata,R212,P1045,Partner,Corporate,4,443.86,0.0,3.0,No
ORD-100834,2024-09-17,West,Pune,R201,P1022,Partner,Corporate,-4,18037.13,0.0,,No
ORD-104730,2025-12-27,West,Surat,R205,P1038,Partner,SMB,4,335.86,0.15,7.0,No
ORD-103991,2025-01-22,East,Bhubaneswar,R200,P1044,Retail,SMB,1,891.32,0.1,1.0,No
ORD-102358,2024-11-25,North,Chandigarh,R210,P1021,Online,SMB,2,17663.99,0.0,1.0,No
ORD-104563,2025-03-07,North,Jaipur,R214,P1031,Online,Corporate,1,831.32,0.1,6.0,No
ORD-104198,2025-10-04,South,Hyderabad,R203,P1031,Retail,Corporate,9,838.61,0.0,4.0,Yes
ORD-105500,2025-02-06,North,Lucknow,R218,P1023,Retail,Corporate,1,25866.94,0.0,1.0,No
ORD-105597,2024-04-21,West,Surat,R205,P1025,Partner,Consumer,1,16975.61,0.0,1.0,No
ORD-104193,2025-11-07,West,Mumbai,R213,P1024,Retail,SMB,6,12866.4,0.0,9.0,No
ORD-100205,2024-10-28,South,Bengaluru,R211,P1036,Partner,Corporate,4,482.14,0.0,5.0,No
ORD-101006,2024-10-22,South,Bengaluru,R215,P1036,Online,Corporate,6,480.11,0.1,1.0,No
ORD-105204,2024-04-27,East,Guwahati,R212,P1008,Retail,Consumer,3,42663.93,0.1,,No
ORD-103317,2024-12-28,West,Ahmedabad,R213,P1036,Partner,SMB,6,465.02,0.0,11.0,No
ORD-103225,2025-07-12,North,Jaipur,R202,P1020,Retail,Consumer,6,12056.25,0.0,4.0,No
ORD-102560,2024-08-07,South,Hyderabad,R211,P1014,Retail,SMB,4,40625.96,0.0,9.0,No
ORD-103285,2024-12-07,East,Guwahati,R204,P1034,Online,Consumer,5,723.87,0.0,5.0,No
ORD-104723,2024-10-16,West,Pune,R201,P1036,Online,Corporate,4,471.92,0.05,2.0,Yes
ORD-100951,2025-03-21,South,Bengaluru,R211,P1054,Retail,SMB,3,18182.67,0.0,11.0,No
ORD-104605,2024-02-16,East,Guwahati,R208,P1032,Retail,SMB,3,851.6,0.0,7.0,Yes
ORD-105378,2025-08-16,North,Jaipur,R210,P1010,Retail,Corporate,5,73155.78,0.05,7.0,No
ORD-104815,2024-12-13,South,Hyderabad,R211,P1031,Retail,Corporate,2,830.72,0.0,7.0,No
ORD-104848,2025-03-23,South,Chennai,R219,P1014,Online,SMB,4,39710.16,0.15,8.0,No
ORD-105387,2025-04-18,West,Surat,R209,P1006,Retail,Corporate,3,50437.69,0.0,11.0,No
ORD-103972,2025-08-29,South,Bengaluru,R207,P1004,Online,Consumer,1,75502.21,0.0,5.0,No
ORD-104504,2025-07-12,West,Mumbai,R213,P1054,Retail,Corporate,2,18900.43,0.15,9.0,No
ORD-105612,2024-07-30,North,Delhi,R202,P1017,Online,Corporate,4,12237.81,0.05,4.0,No
ORD-103754,2025-08-21,East,Guwahati,R200,P1012,Online,Corporate,4,87701.22,0.1,3.0,No
ORD-105808,2025-11-06,South,Chennai,R215,P1019,Partner,SMB,7,9339.66,0.05,6.0,No
ORD-102378,2024-06-26,West,Pune,R217,P1051,Partner,SMB,6,34816.82,0.0,9.0,No
ORD-103118,2025-01-22,East,Bhubaneswar,R200,P1026,Partner,Consumer,4,8335.49,0.0,5.0,No
ORD-101560,2024-05-23,West,Mumbai,R205,P1038,Online,Consumer,3,333.02,0.0,1.0,No
ORD-100057,2024-06-23,East,Kolkata,R208,P1046,Online,SMB,2,14411.17,0.0,1.0,No
ORD-103499,2025-11-20,South,Hyderabad,R219,P1032,Online,Corporate,7,864.71,0.0,10.0,No
ORD-104841,2024-02-10,East,Guwahati,R208,P1045,Online,Consumer,3,453.63,0.1,2.0,No
ORD-105425,2024-05-29,South,Kochi,R211,P1048,Retail,Corporate,-3,18254.21,0.0,5.0,No
ORD-101971,2025-07-02,North,Chandigarh,R218,P1044,Retail,Consumer,3,917.68,0.0,6.0,No
ORD-101916,2024-12-31,East,Guwahati,R216,P1055,Partner,Corporate,7,13558.24,0.0,6.0,No
ORD-102318,2024-11-10,South,Kochi,R203,P1024,Retail,SMB,5,12633.16,0.0,2.0,No
ORD-101137,2025-11-06,East,Guwahati,R216,P1003,Partner,Consumer,4,33550.3,0.1,10.0,No
ORD-100646,2025-06-25,South,Kochi,R215,P1042,Retail,Corporate,1,827.96,0.0,5.0,No
ORD-101422,2025-12-25,East,Patna,R212,P1025,Retail,Consumer,7,16739.14,0.15,10.0,No
ORD-104581,2025-03-06,West,Surat,R205,P1037,Online,SMB,3,900.19,0.0,4.0,No
ORD-103078,2025-04-28,North,Chandigarh,R210,P1046,Partner,Corporate,3,13988.03,0.0,6.0,No
ORD-103603,2024-09-23,East,Kolkata,R204,P1023,Partner,Corporate,1,25763.98,0.2,8.0,No
ORD-102874,2025-03-22,East,Bhubaneswar,R216,P1011,Partner,SMB,5,60859.88,0.0,10.0,No
ORD-101735,2025-12-14,West,Mumbai,R201,P1041,Partner,Corporate,8,819.04,0.05,9.0,No
ORD-104378,2025-06-13,EAST,Kolkata,R208,P1023,Retail,SMB,6,24655.53,0.05,8.0,No
ORD-101579,2025-01-23,West,Ahmedabad,R201,P1050,Retail,Consumer,-3,14925.54,0.0,6.0,No
ORD-102698,2025-12-20,East,Patna,R212,P1039,Retail,Corporate,3,600.51,0.1,11.0,No
ORD-101495,2025-05-06,North,Delhi,R218,P1051,Retail,Corporate,4,34509.36,0.05,2.0,No
ORD-102694,2025-11-28,West,Surat,R213,P1045,Retail,SMB,6,456.36,0.0,3.0,No
ORD-101951,2024-04-08,North,Jaipur,R218,P1028,Partner,SMB,3,22139.53,0.0,5.0,No
ORD-102418,2025-08-13,South,Chennai,R203,P1010,Partner,Consumer,7,74195.76,0.0,4.0,No
ORD-104449,2024-03-21,East,Guwahati,R208,P1047,Retail,Corporate,3,19468.14,0.0,2.0,No
ORD-101296,2025-08-31,North,Chandigarh,R202,P1017,Online,Consumer,3,12060.47,0.2,8.0,No
ORD-103671,2025-10-05,West,Mumbai,R201,P1015,Partner,Consumer,7,33919.34,0.0,8.0,No
ORD-100203,2024-01-07,South,Kochi,R215,P1055,Retail,Consumer,5,14057.21,0.0,11.0,No
ORD-102036,2024-05-20,North,Lucknow,R210,P1011,Online,SMB,2,60227.65,0.0,9.0,No
ORD-100518,2025-10-01,East,Kolkata,R200,P1016,Partner,SMB,4,24940.04,0.0,9.0,No
ORD-102925,2024-08-16,West,Surat,R213,P1043,Retail,Consumer,1,276.6,0.15,10.0,No
ORD-102776,2025-09-02,East,Bhubaneswar,R216,P1024,Partner,Corporate,4,12645.77,0.0,7.0,No
ORD-105786,2025-01-19,North,Delhi,R206,P1050,Retail,Corporate,4,14642.9,0.0,8.0,No
ORD-103993,2024-07-01,West,Pune,R205,P1035,Retail,Consumer,3,337.61,0.0,5.0,No
ORD-101877,2025-03-26,South,Hyderabad,R211,P1031,Retail,Consumer,5,826.58,0.05,4.0,No
ORD-101776,2024-08-25,South,Chennai,R215,P1026,Retail,Consumer,4,8486.14,0.15,2.0,No
ORD-101077,2025-05-12,West,Surat,R213,P1020,Online,Corporate,5,11898.95,0.0,8.0,No
ORD-102289,2024-07-27,West,Surat,R217,P1025,Partner,Consumer,5,16243.51,0.05,8.0,No
ORD-103321,2024-01-28,East,Bhubaneswar,R208,P1011,Retail,Corporate,5,62108.12,0.05,4.0,No
ORD-102908,2024-07-28,West,Pune,R205,P1013,Retail,SMB,3,58986.69,0.05,2.0,No
ORD-105246,2025-08-03,East,Kolkata,R204,P1054,Online,SMB,4,18857.53,0.15,9.0,No
ORD-101409,2024-07-30,West,Ahmedabad,R209,P1036,Partner,Consumer,1,465.1,0.0,2.0,No
ORD-105767,2025-11-05,West,Surat,R217,P1038,Partner,SMB,3,326.78,0.05,7.0,No
ORD-104715,2025-12-09,West,Mumbai,R201,P1007,Online,SMB,4,67671.96,0.2,5.0,Yes
ORD-104063,2025-04-23,East,Patna,R200,P1015,Retail,Corporate,3,33947.41,0.0,6.0,Yes
ORD-102991,2024-11-19,East,Bhubaneswar,R212,P1042,Online,Consumer,6,860.84,0.0,4.0,No
ORD-104736,2025-01-29, West,Ahmedabad,R213,P1052,Retail,SMB,4,19141.38,0.05,11.0,No
ORD-104098,2025-05-19,West,Mumbai,R209,P1003,Online,Consumer,3,31980.44,0.1,6.0,No
ORD-102721,2024-01-04, East,Bhubaneswar,R212,P1053,Online,SMB,1,31038.28,0.0,3.0,No
ORD-101357,2024-06-13,South,Kochi,R211,P1007,Partner,Corporate,6,68793.71,0.0,10.0,No
ORD-104049,2024-07-17,WEST,Surat,R209,P1024,Partner,Corporate,3,13341.25,0.05,9.0,No
ORD-100016,2024-03-18,West,Ahmedabad,R201,P1046,Partner,SMB,2,14605.71,0.1,1.0,No
ORD-103251,2024-08-26,North,Jaipur,R218,P1016,Retail,Consumer,1,24240.66,0.0,9.0,No
ORD-104894,2025-02-28,North,Jaipur,R214,P1046,Partner,SMB,4,14147.03,0.2,11.0,No
ORD-102543,2024-05-18,West,Ahmedabad,R209,P1009,Online,Corporate,2,44521.94,0.05,6.0,No
ORD-103255,2025-03-24,East,Patna,R212,P1027,Online,Corporate,6,23656.02,0.0,11.0,No
ORD-100761,2024-03-09,North,Jaipur,R214,P1035,Retail,Consumer,1,339.64,0.0,2.0,No
ORD-105136,2024-09-20,North,Jaipur,R214,P1022,Online,Corporate,2,18409.3,0.0,4.0,No
ORD-101061,2024-06-21,West,Ahmedabad,R205,P1014,Retail,SMB,3,38444.7,0.0,9.0,No
ORD-101520,2025-03-09,South,Bengaluru,R203,P1007,Retail,Corporate,1,66008.92,0.0,11.0,No
ORD-105791,2025-11-09,South,Chennai,R207,P1053,Retail,Corporate,3,31292.38,0.0,6.0,No
ORD-104024,2025-05-14,North,Jaipur,R206,P1009,Online,SMB,6,45342.28,0.0,8.0,No
ORD-103492,2024-05-10,North,Chandigarh,R218,P1019,Partner,SMB,4,9443.27,0.0,11.0,No
ORD-100190,2025-09-03,East,Patna,R200,P1049,Retail,SMB,3,15586.64,0.2,9.0,No
ORD-101929,2024-03-22,East,Kolkata,R204,P1028,Partner,SMB,4,23032.9,0.1,8.0,No
ORD-100462,2025-08-17,West,Mumbai,R201,P1002,Online,Corporate,3,76475.22,0.0,5.0,No
ORD-100484,2025-12-07,South,Kochi,R211,P1039,Retail,Consumer,5,582.49,0.15,1.0,No
ORD-101264,2025-05-23,South,Chennai,R215,P1030,Partner,Corporate,4,8314.57,0.0,2.0,No
ORD-102300,2025-03-02,East,Kolkata,R216,P1041,Retail,Consumer,1,847.49,0.05,6.0,No
ORD-101125,2024-11-29,South,Chennai,R207,P1030,Retail,Consumer,2,8220.56,0.05,9.0,No
ORD-103493,2024-03-05,East,Guwahati,R212,P1009,Partner,SMB,3,43980.52,0.0,4.0,No
ORD-101370,2024-05-17,North,Lucknow,R214,P1050,Partner,SMB,2,14806.8,0.0,3.0,No
ORD-103260,2025-01-15,North,Jaipur,R218,P1009,Retail,SMB,2,44328.8,0.0,7.0,No
ORD-102670,2024-08-17,East,Patna,R212,P1038,Partner,Corporate,4,327.97,0.0,9.0,No
ORD-102751,2024-11-08,South,Bengaluru,R215,P1021,Retail,SMB,6,17277.04,0.05,8.0,No
ORD-102512,2024-06-05,East,Patna,R204,P1043,Online,Consumer,1,284.17,0.15,2.0,No
ORD-101437,2024-02-23,South,Bengaluru,R219,P1040,Partner,Consumer,1,863.87,0.0,6.0,No
ORD-101534,2025-11-13,East,Patna,R200,P1014,Partner,Corporate,1,40085.76,0.0,8.0,Yes
ORD-100110,2025-09-10,South,Hyderabad,R203,P1052,Retail,Corporate,3,18887.19,0.05,10.0,No
ORD-104604,2025-07-07,West,Ahmedabad,R217,P1045,Retail,SMB,4,456.25,0.15,10.0,No
ORD-105461,2024-01-26,North,Delhi,R214,P1027,Online,Consumer,2,22381.5,0.0,8.0,No
ORD-103652,2024-08-13,West,Surat,R209,P1026,Online,Consumer,5,8695.29,0.15,2.0,No
ORD-103710,2024-09-25,North,Jaipur,R206,P1006,Partner,SMB,4,50658.18,0.0,2.0,No
ORD-101172,2025-07-30,East,Guwahati,R200,P1006,Online,Consumer,4,50378.97,0.0,11.0,No
ORD-104750,2025-05-25,South,Kochi,R203,P1016,Online,Corporate,4,24134.39,0.1,7.0,No
ORD-101169,2025-10-16,South,Chennai,R219,P1003,Retail,Corporate,5,31962.66,0.0,1.0,No
ORD-100232,2024-09-08,West,Ahmedabad,R213,P1042,Partner,SMB,7,847.73,0.0,2.0,No
ORD-101248,2024-01-12,East,Guwahati,R212,P1041,Online,Corporate,2,806.27,0.2,8.0,No
ORD-102603,2025-01-22,West,Mumbai,R209,P1038,Online,Consumer,2,321.06,0.0,5.0,No
ORD-104844,2025-07-13,South,Chennai,R211,P1029,Partner,Consumer,1,15708.0,0.1,9.0,No
ORD-104800,2024-10-21,West,Pune,R205,P1027,Retail,Corporate,5,22603.7,0.0,1.0,No
ORD-104872,2025-03-27,NORTH,Delhi,R218,P1033,Retail,Corporate,6,866.65,0.1,6.0,No
ORD-104636,2025-09-27,South,Chennai,R219,P1039,Retail,Corporate,7,610.06,0.1,8.0,No
ORD-104589,2025-11-15,North,Lucknow,R218,P1005,Partner,SMB,7,29456.29,0.15,6.0,No
ORD-103786,2024-03-01,North,Chandigarh,R206,P1027,Partner,SMB,5,23473.39,0.0,9.0,No
ORD-103178,2025-11-18,North,Lucknow,R218,P1013,Partner,SMB,10,58775.2,0.05,6.0,No
ORD-104816,2025-04-24,South,Hyderabad,R215,P1045,Retail,Consumer,2,449.67,0.15,2.0,No
ORD-100933,2025-02-10,South,Hyderabad,R207,P1034,Online,Consumer,4,713.96,0.15,4.0,No
ORD-101045,2025-04-18,North,Lucknow,R202,P1020,Online,Corporate,4,12289.07,0.0,3.0,No
ORD-102142,2024-07-26,South,Bengaluru,R207,P1043,Retail,SMB,3,278.29,0.15,10.0,No
ORD-100448,2025-12-23,North,Chandigarh,R202,P1039,Online,Consumer,3,590.16,0.0,4.0,No
ORD-100453,2024-04-06,North,Chandigarh,R214,P1019,Online,SMB,4,9208.67,0.0,2.0,No
ORD-103176,2024-06-14,North,Jaipur,R210,P1042,Partner,Corporate,4,848.51,0.05,6.0,Yes
ORD-100012,2024-12-13,West,Mumbai,R217,P1004,Retail,Corporate,4,71967.12,0.15,7.0,No
ORD-101387,2024-10-18,North,Delhi,R210,P1013,Partner,SMB,4,56735.35,0.15,10.0,No
ORD-103753,2025-12-29,South,Hyderabad,R211,P1011,Retail,Consumer,5,61817.44,0.15,11.0,No
ORD-101723,2024-06-24,North,Chandigarh,R210,P1030,Online,Corporate,5,8332.6,0.05,4.0,No
ORD-105851,2025-07-03,East,Bhubaneswar,R212,P1016,Partner,Corporate,1,25192.15,0.0,10.0,No
ORD-102382,2024-01-11,South,Chennai,R207,P1020,Retail,SMB,5,12399.48,0.0,11.0,No
ORD-103585,2025-02-07,North,Jaipur,R214,P1052,Retail,Corporate,2,18594.07,0.15,2.0,No
ORD-105035,2025-12-27,East,Guwahati,R208,P1026,Partner,SMB,4,8592.5,0.15,3.0,No
ORD-105084,2024-12-03,North,Jaipur,R218,P1054,Online,Consumer,5,19076.12,0.1,7.0,No
ORD-101021,2024-02-05,South,Hyderabad,R219,P1049,Partner,Corporate,2,15618.1,0.05,8.0,No
ORD-100836,2024-04-04,East,Guwahati,R204,P1015,Partner,Consumer,2,33602.32,0.2,10.0,No
ORD-101396,2024-01-04,East,Kolkata,R204,P1018,Online,Corporate,4,13817.43,0.0,8.0,No
ORD-105648,2025-10-28,South,Chennai,R207,P1020,Online,SMB,5,12162.68,0.1,1.0,No
ORD-105689,2025-11-19,West,Pune,R217,P1020,Retail,Corporate,9,12265.07,0.0,1.0,No
ORD-102361,2025-09-18,East,Kolkata,R204,P1009,Retail,SMB,6,44943.4,0.05,3.0,No
ORD-100791,2024-02-22,East,Patna,R208,P1041,Retail,SMB,4,838.33,0.0,9.0,No
ORD-105118,2025-01-06,West,Pune,R209,P1046,Partner,Consumer,5,14686.42,0.1,11.0,No
ORD-101676,2024-03-27,East,Bhubaneswar,R212,P1015,Online,Corporate,4,32735.56,0.05,3.0,No
ORD-105114,2025-07-18,East,Patna,R204,P1046,Online,Corporate,3,14677.82,0.0,10.0,No
ORD-101216,2024-05-03,South,Kochi,R219,P1020,Online,Corporate,6,11872.78,0.1,8.0,No
ORD-104694,2024-08-12,West,Pune,R209,P1012,Retail,Consumer,4,89065.07,0.1,11.0,No
ORD-104942,2025-03-30,North,Lucknow,R202,P1034,Partner,Corporate,5,727.39,0.1,8.0,No
ORD-105176,2025-04-27,North,Delhi,R206,P1038,Retail,SMB,2,333.27,0.15,3.0,No
ORD-100863,2024-12-06,East,Guwahati,R200,P1048,Online,Consumer,2,17606.61,0.0,8.0,No
ORD-100104,2025-03-02,South,Chennai,R219,P1047,Partner,SMB,6,19930.97,0.0,1.0,No
ORD-101344,2025-10-15,South,Bengaluru,R211,P1014,Online,Corporate,6,39190.6,0.2,9.0,No
ORD-102385,2025-06-13,South,Chennai,R215,P1038,Online,Consumer,2,329.61,0.0,11.0,No
ORD-102243,2025-10-17,East,Guwahati,R208,P1048,Online,Consumer,4,17957.46,0.05,11.0,No
ORD-101268,2024-01-01,North,Jaipur,R202,P1043,Retail,Corporate,3,284.95,0.15,6.0,No
ORD-103644,2025-03-23,North,Chandigarh,R210,P1031,Online,Corporate,3,841.22,0.0,4.0,No
ORD-103530,2024-01-07,South,Chennai,R215,P1036,Partner,Consumer,3,478.81,0.15,,No
ORD-100516,2024-06-09,West,Ahmedabad,R209,P1016,Online,Corporate,2,24455.17,0.05,1.0,No
ORD-102067,2025-05-19,North,Delhi,R202,P1012,Retail,Consumer,5,90963.34,0.0,9.0,No
ORD-104829,2024-03-04,West,Surat,R213,P1007,Online,Corporate,2,66232.33,0.05,10.0,No
ORD-101990,2025-10-15,South,Hyderabad,R215,P1040,Retail,Consumer,4,872.84,0.05,8.0,No
ORD-101914,2025-11-30,East,Guwahati,R204,P1045,Retail,SMB,4,434.85,0.0,1.0,No
ORD-103628,2025-02-13,East,Bhubaneswar,R208,P1006,Partner,Consumer,1,51288.81,0.0,11.0,No
ORD-105167,2024-09-23,East,Kolkata,R208,P1052,Partner,Corporate,2,18726.27,0.15,9.0,No
ORD-104731,2025-05-31,South,Kochi,R211,P1027,Partner,Consumer,3,22721.3,0.0,8.0,No
ORD-102165,2024-05-03,North,Chandigarh,R206,P1046,Online,SMB,4,14282.45,0.0,3.0,No
ORD-104960,2024-05-08,West,Pune,R201,P1029,Retail,SMB,5,16184.03,0.0,3.0,No
ORD-104005,2025-06-01,North,Delhi,R210,P1041,Online,SMB,4,802.39,0.05,5.0,No
ORD-102196,2024-08-11,North,Lucknow,R202,P1042,Partner,Consumer,3,868.53,0.0,2.0,No
ORD-101642,2025-03-13,South,Bengaluru,R215,P1043,Retail,Consumer,7,274.95,0.0,9.0,No
ORD-103274,2024-08-30,East,Bhubaneswar,R216,P1004,Online,SMB,3,73639.26,0.0,9.0,No
ORD-102618,2024-05-19,East,Bhubaneswar,R216,P1022,Retail,Consumer,4,17948.19,0.05,11.0,No
ORD-100159,2024-06-24,North,Jaipur,R214,P1033,Retail,Consumer,2,851.7,0.2,3.0,No
ORD-102706,2025-03-06,West,Ahmedabad,R205,P1054,Online,SMB,3,18869.73,0.0,5.0,No
ORD-103816,2025-05-20,West,Pune,R201,P1041,Retail,Consumer,5,848.72,0.0,3.0,No
ORD-103271,2024-09-05,East,Kolkata,R200,P1045,Retail,SMB,1,435.77,0.05,6.0,No
ORD-101134,2024-10-09,West,Pune,R209,P1022,Online,SMB,2,18289.07,0.05,5.0,No
ORD-101918,2024-01-10,South,Kochi,R203,P1042,Online,SMB,1,871.0,0.0,4.0,No
ORD-102943,2024-07-23,South,Hyderabad,R211,P1039,Retail,SMB,5,590.13,0.05,9.0,No
ORD-100678,2025-12-05,East,Bhubaneswar,R212,P1037,Retail,SMB,5,878.61,0.0,10.0,No
ORD-101651,2025-03-16,East,Patna,R216,P1051,Online,Corporate,3,35310.75,0.0,3.0,No
ORD-103450,2024-07-25,West,Mumbai,R205,P1022,Online,Consumer,5,18453.41,0.1,7.0,No
ORD-101246,2025-08-09,West,Mumbai,R201,P1006,Online,Consumer,2,51193.68,0.0,3.0,No
ORD-100165,2024-06-30,South,Kochi,R207,P1016,Retail,Corporate,1,25132.42,0.0,4.0,No
ORD-105305,2024-06-22,North,Jaipur,R210,P1021,Retail,SMB,4,17334.27,0.1,2.0,No
ORD-104671,2025-09-24,North,Jaipur,R210,P1025,Partner,Consumer,3,16590.91,0.0,8.0,No
ORD-100394,2024-09-26,North,Lucknow,R210,P1034,Partner,Corporate,6,689.16,0.0,2.0,No
ORD-101515,2024-11-22,South,Kochi,R203,P1041,Online,Corporate,6,820.44,0.1,4.0,No
ORD-105840,2025-06-25,East,Bhubaneswar,R216,P1020,Online,Corporate,3,12373.49,0.0,7.0,No
ORD-105449,2024-08-13,South,Bengaluru,R203,P1022,Retail,Corporate,4,18507.79,0.0,7.0,No
ORD-105636,2025-08-02,South,Hyderabad,R211,P1023,Online,Consumer,3,25952.53,0.1,11.0,No
ORD-104385,2025-01-01,South,Bengaluru,R219,P1012,Online,SMB,5,88720.2,0.0,9.0,No
ORD-105000,2024-03-16,West,Ahmedabad,R205,P1015,Retail,SMB,2,32388.39,0.0,11.0,No
ORD-101584,2024-04-27,South,Hyderabad,R211,P1012,Partner,SMB,4,87945.95,0.0,3.0,No
ORD-100995,2025-09-23,East,Bhubaneswar,R212,P1053,Retail,Corporate,1,30596.79,0.0,11.0,No
ORD-102043,2025-10-13,North,Jaipur,R202,P1007,Retail,Consumer,5,66961.03,0.0,1.0,No
ORD-101145,2025-08-10,East,Bhubaneswar,R212,P1050,Partner,Corporate,4,14475.07,0.1,3.0,No
ORD-105442,2024-07-22,East,Kolkata,R208,P1030,Partner,Consumer,4,8088.34,0.0,3.0,No
ORD-100616,2025-04-01,West,Pune,R205,P1012,Online,SMB,2,89518.69,0.05,5.0,No
ORD-103563,2024-03-04,East,Kolkata,R204,P1009,Online,SMB,2,45027.44,0.1,8.0,No
ORD-101435,2025-12-08,East,Patna,R208,P1017,Partner,SMB,1,12041.66,0.0,6.0,No
ORD-102575,2024-10-06,South,Kochi,R219,P1037,Partner,Consumer,2,875.55,0.0,8.0,No
ORD-103929,2024-12-28,North,Chandigarh,R206,P1038,Retail,Corporate,6,321.44,0.15,2.0,No
ORD-103963,2024-09-21,West,Surat,R205,P1040,Partner,Corporate,2,866.61,0.0,,No
ORD-104078,2025-01-03,North,Chandigarh,R202,P1004,Retail,SMB,3,75026.01,0.0,9.0,No
ORD-102031,2024-01-03,West,Mumbai,R205,P1036,Online,Consumer,2,464.05,0.1,3.0,No
ORD-101626,2024-06-08,West,Surat,R201,P1014,Retail,Corporate,3,40164.38,0.0,8.0,No
ORD-105960,2025-02-08,South,Chennai,R219,P1055,Partner,Corporate,2,13766.87,0.0,8.0,No
ORD-100037,2025-09-29,West,Ahmedabad,R205,P1036,Partner,SMB,3,477.87,0.0,7.0,No
ORD-101300,2025-06-07,West,Surat,R201,P1015,Retail,SMB,4,33351.43,0.0,7.0,No
ORD-102654,2024-07-27,West,Pune,R213,P1023,Online,Consumer,1,25632.82,0.1,5.0,No
ORD-104414,2024-11-26,West,Pune,R205,P1033,Retail,Consumer,6,848.54,0.05,11.0,No
ORD-101832,2025-02-01,West,Surat,R205,P1024,Retail,Consumer,4,12749.87,0.0,11.0,No
ORD-103616,2025-11-27,South,Kochi,R211,P1009,Partner,Corporate,-7,45180.24,0.2,5.0,No
ORD-104401,2024-12-23,West,Mumbai,R209,P1023,Online,Corporate,6,25424.83,0.0,1.0,No
ORD-105770,2025-06-18,North,Delhi,R218,P1011,Retail,SMB,2,62500.62,0.0,2.0,No
ORD-105474,2024-05-19,South,Bengaluru,R207,P1042,Retail,Corporate,1,825.83,0.0,9.0,No
ORD-101185,2024-08-11,East,Kolkata,R208,P1011,Retail,SMB,3,62210.99,0.2,2.0,No
ORD-104044,2024-12-12,North,Lucknow,R206,P1016,Online,SMB,7,25513.9,0.0,3.0,No
ORD-100322,2024-08-13,North,Delhi,R206,P1031,Partner,SMB,2,874.71,0.0,4.0,No
ORD-100011,2024-07-19,South,Bengaluru,R219,P1048,Online,Corporate,2,18101.99,0.05,5.0,No
ORD-102756,2025-10-12,North,Chandigarh,R218,P1004,Partner,Corporate,7,71721.45,0.0,4.0,No
ORD-100017,2025-02-26,North,Lucknow,R206,P1045,Partner,Consumer,3,447.65,0.0,9.0,No
ORD-104500,2025-12-22,East,Patna,R212,P1001,Partner,Corporate,8,64210.93,0.0,10.0,No
ORD-103286,2025-05-10,South,Chennai,R211,P1013,Retail,Corporate,3,57346.3,0.0,11.0,No
ORD-105876,2024-07-12, North,Delhi,R202,P1051,Partner,SMB,1,33563.21,0.0,2.0,No
ORD-103687,2024-02-21,North,Chandigarh,R202,P1027,Online,SMB,2,23074.1,0.2,4.0,No
ORD-102764,2024-02-18,West,Mumbai,R205,P1040,Retail,Corporate,3,877.02,0.0,1.0,No
ORD-105922,2025-07-23,East,Guwahati,R208,P1042,Partner,Corporate,3,821.96,0.05,3.0,No
ORD-104600,2024-03-23,South,Chennai,R207,P1035,Online,Corporate,3,331.04,0.0,3.0,No
ORD-102287,2024-12-12,South,Hyderabad,R219,P1018,Partner,SMB,4,13823.46,0.0,10.0,No
ORD-101310,2025-02-18,South,Chennai,R203,P1004,Partner,Consumer,2,71415.72,0.0,5.0,No
ORD-104038,2025-01-30,East,Guwahati,R212,P1051,Online,Corporate,4,34144.89,0.0,4.0,No
ORD-101228,2025-03-05,West,Ahmedabad,R217,P1044,Retail,SMB,3,879.79,0.1,11.0,No
ORD-100579,2025-06-30,South,Bengaluru,R219,P1023,Retail,Consumer,2,25007.57,0.1,11.0,No
ORD-100019,2025-01-03,North,Jaipur,R206,P1021,Retail,Consumer,2,17012.32,0.05,5.0,No
ORD-100800,2024-04-21,South,Bengaluru,R215,P1044,Retail,SMB,6,893.88,0.0,10.0,No
ORD-101395,2025-08-31,North,Jaipur,R210,P1021,Partner,Corporate,5,17637.57,0.0,1.0,No
ORD-102625,2025-04-09,North,Jaipur,R214,P1029,Retail,Consumer,2,16336.14,0.0,3.0,No
ORD-104141,2025-10-31,North,Delhi,R202,P1046,Retail,Consumer,5,14421.35,0.0,5.0,No
ORD-105518,2025-03-31,West,Surat,R201,P1041,Partner,SMB,5,808.51,0.0,11.0,No
ORD-102746,2024-10-13,North,Chandigarh,R218,P1002,Partner,SMB,3,75941.95,0.0,11.0,No
ORD-105360,2025-06-23,East,Kolkata,R200,P1048,Retail,SMB,2,18043.56,0.0,10.0,No
ORD-104556,2024-01-25,South,Hyderabad,R203,P1005,Partner,SMB,2,28753.56,0.0,9.0,No
ORD-105522,2024-02-27,South,Bengaluru,R211,P1044,Retail,SMB,3,880.9,0.05,4.0,No
ORD-102440,2025-09-18,South,Bengaluru,R219,P1041,Retail,Consumer,4,828.55,0.15,9.0,No
ORD-105234,2024-09-07,East,Kolkata,R200,P1054,Retail,Corporate,6,18872.87,0.1,5.0,No
ORD-103177,2025-10-07,South,Kochi,R219,P1012,Partner,SMB,2,92730.69,0.1,1.0,No
ORD-105240,2024-08-07,West,Pune,R217,P1014,Retail,Consumer,1,39571.25,0.05,1.0,No
ORD-100494,2025-12-26,West,Ahmedabad,R217,P1054,Partner,SMB,4,18324.18,0.0,9.0,No
ORD-103949,2024-10-09,West,Surat,R213,P1008,Retail,Corporate,4,41157.25,0.05,3.0,No
ORD-104432,2024-06-07,West,Ahmedabad,R201,P1031,Partner,SMB,2,867.8,0.15,1.0,No
ORD-102340,2024-12-07,West,Mumbai,R209,P1019,Retail,Corporate,6,9311.42,0.0,11.0,No
ORD-102233,2024-12-17,West,Surat,R205,P1017,Retail,SMB,2,12097.57,0.05,7.0,No
ORD-101909,2025-08-08,South,Chennai,R203,P1053,Partner,SMB,5,31747.69,0.1,6.0,No
ORD-104241,2025-07-10,North,Chandigarh,R206,P1028,Online,SMB,3,21867.57,0.1,2.0,No
ORD-104698,2024-04-20,West,Surat,R217,P1047,Partner,Corporate,3,19727.55,0.15,10.0,No
ORD-105073,2025-10-08,East,Bhubaneswar,R212,P1002,Online,Consumer,2,79136.67,0.0,7.0,No
ORD-103762,2024-04-23,South,Chennai,R211,P1034,Online,Corporate,3,715.21,0.0,3.0,No
ORD-100946,2024-10-28,East,Kolkata,R204,P1015,Online,Corporate,5,34074.49,0.0,2.0,No
ORD-103137,2024-03-04,West,Mumbai,R205,P1055,Online,Corporate,3,13766.87,0.05,,No
ORD-101573,2024-05-15,South,Kochi,R207,P1053,Online,Corporate,6,30723.43,0.0,8.0,No
ORD-101833,2025-06-18,East,Bhubaneswar,R200,P1035,Online,Consumer,2,330.98,0.1,4.0,No
ORD-105728,2025-03-05,East,Guwahati,R208,P1030,Online,SMB,4,7990.67,0.0,6.0,No
ORD-104797,2025-06-02,South,Hyderabad,R207,P1020,Partner,SMB,3,12344.01,0.05,3.0,Yes
ORD-102162,2025-10-11,West,Pune,R209,P1024,Retail,Consumer,5,13281.76,0.0,3.0,No
ORD-101225,2025-03-09,South,Kochi,R219,P1043,Online,SMB,3,275.14,0.0,3.0,No
ORD-100324,2024-03-31,South,Chennai,R211,P1024,Partner,Corporate,4,13349.41,0.05,5.0,Yes
ORD-101620,2024-08-15,North,Jaipur,R202,P1017,Partner,Corporate,2,12214.13,0.1,1.0,No
ORD-100086,2025-08-10,South,Chennai,R219,P1021,Retail,Corporate,3,17305.9,0.05,8.0,No
ORD-105365,2025-11-25,East,Kolkata,R200,P1023,Retail,Consumer,8,24632.11,0.15,7.0,No
ORD-100090,2025-05-06,East,Bhubaneswar,R204,P1036,Retail,Corporate,1,466.4,0.0,6.0,No
ORD-102164,2024-05-17,South,Chennai,R207,P1022,Partner,SMB,2,18629.29,0.0,4.0,No
ORD-103397,2024-03-21,East,Bhubaneswar,R208,P1034,Partner,SMB,2,715.54,0.0,3.0,No
ORD-104647,2025-08-26,West,Surat,R209,P1050,Partner,SMB,3,14406.92,0.15,5.0,No
ORD-105896,2025-12-19,North,Jaipur,R214,P1014,Online,Corporate,6,39387.85,0.05,10.0,No
ORD-100480,2024-12-21,South,Chennai,R211,P1010,Online,SMB,9,71167.61,0.1,,No
ORD-104615,2025-09-18,West,Mumbai,R217,P1044,Partner,Consumer,5,900.86,0.05,4.0,No
ORD-100157,2025-08-12,South,Hyderabad,R203,P1024,Retail,SMB,2,12741.72,0.15,3.0,No
ORD-101777,2024-08-14,East,Bhubaneswar,R216,P1006,Online,Consumer,4,50115.91,0.0,7.0,Yes
ORD-103071,2024-09-12,North,Delhi,R214,P1049,Retail,SMB,6,15153.42,0.1,10.0,No
ORD-105817,2024-05-14,North,Lucknow,R206,P1010,Retail,Corporate,4,73287.06,0.05,7.0,No
ORD-104424,2025-05-14,North,Chandigarh,R210,P1018,Partner,SMB,2,13625.11,0.05,6.0,No
ORD-103992,2025-08-19,West,Ahmedabad,R201,P1013,Online,Consumer,3,59644.4,0.2,11.0,No
ORD-103656,2024-07-09,South,Hyderabad,R219,P1040,Online,Corporate,3,843.43,0.0,11.0,Yes
ORD-101044,2024-05-11,West,Ahmedabad,R209,P1027,Online,SMB,2,23190.36,0.0,9.0,No
ORD-101759,2024-07-27,North,Chandigarh,R206,P1037,Partner,Corporate,4,890.07,0.15,5.0,Yes
ORD-105494,2024-09-14,West,Surat,R217,P1050,Online,SMB,1,15043.87,0.0,1.0,No
ORD-105570,2025-11-27,South,Bengaluru,R203,P1045,Online,Corporate,8,435.62,0.0,11.0,No
ORD-105883,2025-04-15,South,Bengaluru,R215,P1052,Partner,SMB,2,19142.45,0.1,8.0,No
ORD-104443,2024-08-12,West,Surat,R205,P1001,Retail,SMB,3,64828.39,0.0,2.0,No
ORD-104466,2025-09-27,South,Chennai,R203,P1018,Partner,SMB,2,13525.68,0.0,9.0,No
ORD-104352,2025-06-29,West,Mumbai,R201,P1016,Online,Consumer,2,24131.83,0.0,10.0,No
ORD-104099,2024-05-10,South,Hyderabad,R207,P1049,Retail,Corporate,3,15336.59,0.1,2.0,No
ORD-100305,2025-01-24,North,Chandigarh,R206,P1047,Retail,SMB,4,19406.32,0.0,2.0,Yes
ORD-100913,2025-07-18,North,Chandigarh,R202,P1012,Retail,SMB,2,89562.31,0.0,3.0,No
ORD-101262,2025-11-14,East,Kolkata,R212,P1034,Partner,SMB,11,729.13,0.0,5.0,No
ORD-100769,2024-10-06,East,Bhubaneswar,R200,P1035,Partner,Consumer,7,329.85,0.0,10.0,No
ORD-100003,2025-04-08,East,Kolkata,R204,P1053,Partner,Corporate,2,30515.76,0.15,4.0,Yes
ORD-100230,2024-12-03,North,Delhi,R214,P1038,Online,Corporate,5,327.28,0.0,2.0,No
ORD-101488,2025-09-10,East,Kolkata,R204,P1005,Online,SMB,4,28989.49,0.0,9.0,No
ORD-101419,2025-05-14,North,Jaipur,R206,P1052,Online,SMB,3,19599.51,0.2,8.0,No
ORD-104316,2025-02-18,West,Mumbai,R205,P1009,Retail,Corporate,3,44685.15,0.0,8.0,No
ORD-105787,2025-11-01,North,Chandigarh,R202,P1010,Retail,Corporate,5,72220.39,0.0,9.0,No
ORD-101004,2025-09-04,West,Surat,R205,P1028,Retail,Consumer,5,22224.67,0.0,9.0,No
ORD-105486,2024-09-16,West,Ahmedabad,R205,P1038,Online,Corporate,2,338.02,0.0,11.0,Yes
ORD-103268,2024-05-15,West,Surat,R201,P1045,Retail,Consumer,4,435.8,0.0,11.0,No
ORD-100965,2025-03-10,East,Bhubaneswar,R216,P1018,Retail,Consumer,4,13862.26,0.0,2.0,No
ORD-101958,2025-08-13,West,Surat,R205,P1044,Retail,Corporate,2,869.61,0.0,2.0,No
ORD-105878,2025-02-23,South,Hyderabad,R207,P1020,Retail,Consumer,3,11900.74,0.05,4.0,No
ORD-101113,2025-08-11,South,Hyderabad,R207,P1051,Partner,Consumer,4,33586.29,0.0,10.0,No
ORD-102893,2024-10-07,South,Hyderabad,R215,P1003,Retail,Consumer,6,32944.52,0.15,2.0,No
ORD-103809,2025-06-11,North,Lucknow,R206,P1032,Online,SMB,3,878.89,0.15,7.0,No
ORD-104096,2025-11-08,South,Hyderabad,R211,P1023,Retail,SMB,4,25379.64,0.05,,No
ORD-103220,2024-12-20,South,Hyderabad,R211,P1017,Partner,SMB,7,12475.96,0.2,9.0,No
ORD-102513,2025-12-03,North,Jaipur,R214,P1024,Online,Consumer,3,13203.61,0.0,10.0,No
ORD-101412,2025-08-18,North,Jaipur,R206,P1055,Online,SMB,5,13379.24,0.0,8.0,No
ORD-105860,2025-02-18,East,Bhubaneswar,R208,P1012,Partner,Corporate,2,90709.84,0.0,6.0,No
ORD-102583,2024-12-10,West,Ahmedabad,R209,P1039,Partner,Corporate,8,593.01,0.0,7.0,No
ORD-100921,2024-10-22,East,Patna,R204,P1045,Partner,Consumer,6,454.35,0.0,,No
ORD-101552,2024-03-16,West,Mumbai,R209,P1022,Retail,Corporate,2,18289.62,0.0,7.0,No
ORD-102722,2025-04-28,South,Hyderabad,R219,P1043,Retail,Corporate,4,274.73,0.0,1.0,No
ORD-103042,2024-08-01,East,Patna,R200,P1001,Partner,SMB,2,63234.91,0.0,2.0,No
ORD-103747,2024-08-01,West,Mumbai,R217,P1053,Retail,Consumer,3,30779.52,0.0,8.0,No
ORD-102457,2025-04-04,East,Kolkata,R200,P1001,Retail,Corporate,4,63825.78,0.0,6.0,No
ORD-100960,2024-06-02,South,Chennai,R211,P1046,Online,Consumer,2,13876.76,0.0,6.0,No
ORD-105552,2025-01-20,West,Ahmedabad,R217,P1044,Retail,Corporate,3,888.37,0.0,7.0,No
ORD-103215,2025-09-22,South,Bengaluru,R207,P1030,Retail,SMB,5,8182.56,0.05,11.0,No
ORD-101039,2025-08-25,East,Guwahati,R208,P1027,Retail,SMB,4,22831.07,0.0,8.0,No
ORD-104478,2024-10-24,West,Pune,R201,P1043,Partner,Consumer,8,275.08,0.0,7.0,No
ORD-103789,2025-02-12,North,Lucknow,R202,P1045,Retail,Consumer,5,456.77,0.0,3.0,No
ORD-103335,2025-07-22,East,Bhubaneswar,R212,P1031,Online,Corporate,2,850.45,0.0,3.0,No
ORD-102316,2024-12-21,East,Patna,R216,P1046,Retail,Corporate,3,14373.71,0.0,7.0,No
ORD-104194,2024-04-17,North,Chandigarh,R210,P1043,Partner,Consumer,3,284.37,0.0,1.0,No
ORD-100393,2024-06-08,South,Chennai,R203,P1042,Online,Corporate,3,821.48,0.0,8.0,No
ORD-104836,2025-04-14,East,Patna,R208,P1025,Retail,Corporate,4,16545.19,0.05,6.0,No
ORD-104169,2025-10-09,North,Jaipur,R206,P1030,Retail,SMB,3,7898.62,0.15,,No
ORD-102907,2025-12-23,East,Guwahati,R204,P1031,Partner,Consumer,8,861.13,0.1,2.0,No
ORD-100551,2025-03-23,West,Pune,R213,P1035,Retail,Corporate,3,336.83,0.0,1.0,No
ORD-103132,2025-08-23,East,Kolkata,R208,P1033,Partner,Consumer,6,862.98,0.0,1.0,No
ORD-102156,2024-06-29,East,Guwahati,R208,P1019,Partner,Corporate,4,9139.92,0.0,3.0,Yes
ORD-104497,2024-05-26,South,Chennai,R203,P1006,Partner,Corporate,3,50173.68,0.15,5.0,No
ORD-102772,2025-05-17,East,Patna,R212,P1055,Partner,Consumer,2,13851.28,0.0,8.0,No
ORD-103306,2024-11-05,East,Bhubaneswar,R216,P1009,Retail,Corporate,6,43104.86,0.2,7.0,No
ORD-102126,2024-11-15,West,Ahmedabad,R205,P1054,Retail,Corporate,6,18221.09,0.05,3.0,No
ORD-104206,2025-04-20,South,Chennai,R203,P1030,Retail,SMB,2,7916.3,0.0,5.0,No
ORD-103597,2024-10-15,West,Mumbai,R213,P1013,Retail,Corporate,5,57841.75,0.0,4.0,No
ORD-101963,2024-03-25,West,Ahmedabad,R205,P1019,Retail,Corporate,6,9437.25,0.1,6.0,No
ORD-104185,2024-06-20,West,Pune,R209,P1001,Partner,SMB,3,66091.27,0.0,7.0,No
ORD-100703,2024-07-12,West,Surat,R209,P1036,Online,Consumer,5,478.47,0.1,7.0,No
ORD-100823,2025-02-15,North,Chandigarh,R206,P1009,Partner,Corporate,3,44935.8,0.0,8.0,No
ORD-103978,2024-03-05,West,Surat,R201,P1046,Online,SMB,3,14137.35,0.15,6.0,No
ORD-102352,2024-05-21,East,Guwahati,R216,P1035,Retail,Consumer,1,332.1,0.0,8.0,No
ORD-104740,2025-01-04,South,Chennai,R207,P1025,Online,Corporate,5,16503.31,0.05,9.0,No
ORD-104522,2024-02-05,East,Bhubaneswar,R216,P1033,Partner,Consumer,6,846.05,0.0,6.0,No
ORD-104535,2025-12-10,South,Kochi,R207,P1016,Retail,Consumer,3,24455.69,0.0,10.0,No
ORD-104614,2024-05-30,West,Mumbai,R213,P1008,Online,Consumer,5,42601.5,0.0,9.0,No
ORD-102347,2025-07-07,West,Ahmedabad,R201,P1019,Online,Consumer,5,9407.65,0.0,8.0,No
ORD-100901,2024-10-19,North,Jaipur,R218,P1049,Online,Consumer,3,15225.31,0.0,3.0,No
ORD-105505,2025-03-01,West,Surat,R201,P1041,Retail,Corporate,3,821.35,0.1,11.0,No
ORD-101335,2024-11-13,East,Patna,R200,P1048,Partner,Consumer,4,17998.69,0.2,7.0,No
ORD-101561,2025-11-15,North,Delhi,R214,P1003,Retail,Consumer,8,32143.96,0.0,2.0,No
ORD-104287,2024-01-21,South,Bengaluru,R215,P1033,Partner,Consumer,2,877.29,0.05,11.0,No
ORD-102872,2025-03-05,East,Kolkata,R204,P1005,Online,SMB,5,28746.29,0.1,10.0,No
ORD-100194,2025-05-18,South,Hyderabad,R215,P1047,Partner,Corporate,3,19185.79,0.1,4.0,No
ORD-103073,2025-10-27,North,Delhi,R206,P1017,Online,SMB,7,12719.65,0.0,10.0,No
ORD-103354,2025-11-09,East,Bhubaneswar,R204,P1051,Retail,Consumer,7,35181.11,0.0,7.0,No
ORD-101406,2025-08-18,North,Lucknow,R202,P1026,Retail,SMB,3,8472.54,0.1,11.0,No
ORD-103503,2025-03-02,West,Ahmedabad,R213,P1003,Retail,SMB,2,33059.66,0.0,2.0,No
ORD-100659,2025-12-17,East,Patna,R216,P1014,Partner,Corporate,2,39734.55,0.05,6.0,No
ORD-105391,2024-10-16,West,Pune,R201,P1042,Partner,Consumer,5,822.48,0.0,7.0,No
ORD-105644,2025-01-30,South,Chennai,R207,P1015,Online,Consumer,4,32445.25,0.0,5.0,No
ORD-101718,2024-06-24,South,Bengaluru,R207,P1051,Online,Corporate,3,35205.05,0.0,6.0,No
ORD-100994,2024-05-29,South,Hyderabad,R203,P1018,Online,SMB,3,13842.33,0.0,,No
ORD-104053,2025-01-31,South,Kochi,R215,P1002,Online,Consumer,3,77443.95,0.0,4.0,No
ORD-103111,2024-08-13,West,Pune,R213,P1033,Retail,Corporate,1,840.07,0.1,5.0,No
ORD-103696,2024-04-17,North,Chandigarh,R214,P1032,Online,Corporate,1,849.25,0.0,4.0,No
ORD-103541,2025-07-31,East,Bhubaneswar,R204,P1038,Partner,SMB,1,335.1,0.0,4.0,No
ORD-102781,2024-05-07,East,Bhubaneswar,R200,P1027,Partner,SMB,3,23524.39,0.0,8.0,Yes
ORD-101899,2024-01-30,North,Chandigarh,R218,P1047,Retail,Consumer,3,19312.78,0.0,10.0,No
ORD-101126,2025-07-06,East,Kolkata,R208,P1010,Partner,Consumer,3,72019.04,0.05,6.0,No
ORD-104727,2025-11-05,South,Chennai,R207,P1038,Partner,SMB,6,324.83,0.0,3.0,No
ORD-105620,2024-09-20,East,Patna,R208,P1017,Online,Consumer,3,12146.84,0.0,,No
ORD-100218,2024-03-31,West,Surat,R209,P1051,Retail,Corporate,3,34752.05,0.0,3.0,No
ORD-102899,2025-03-22,WEST,Surat,R213,P1047,Retail,SMB,5,19441.61,0.1,11.0,No
ORD-101413,2025-04-15, South,Chennai,R207,P1049,Retail,Consumer,3,15599.8,0.0,7.0,No
ORD-104667,2024-05-29,North,Lucknow,R218,P1054,Online,Corporate,6,18127.43,0.0,2.0,Yes
ORD-100771,2024-06-08,North,Lucknow,R218,P1033,Partner,Corporate,3,828.12,0.0,9.0,No
ORD-105471,2024-02-09,West,Pune,R217,P1051,Online,SMB,1,34696.7,0.05,11.0,Yes
ORD-100013,2024-11-28,South,Hyderabad,R211,P1009,Online,SMB,2,42968.59,0.0,2.0,No
ORD-101936,2024-11-25,South,Bengaluru,R215,P1021,Retail,Consumer,4,17186.6,0.0,1.0,No
ORD-104632,2024-09-16,North,Lucknow,R202,P1033,Partner,Corporate,5,877.68,0.0,9.0,No
ORD-101160,2024-05-01,West,Ahmedabad,R205,P1053,Retail,Consumer,1,31903.42,0.0,3.0,No
ORD-104837,2025-11-06,East,Kolkata,R200,P1035,Partner,SMB,4,326.95,0.0,1.0,No
ORD-102054,2025-10-14,East,Patna,R200,P1043,Retail,SMB,2,275.56,0.1,11.0,No
ORD-104213,2025-07-20,North,Delhi,R214,P1016,Online,SMB,2,24102.49,0.0,7.0,No
ORD-100133,2025-11-06,North,Jaipur,R218,P1045,Partner,Consumer,8,439.04,0.0,2.0,No
ORD-102505,2025-01-20,South,Kochi,R219,P1046,Retail,Corporate,4,14386.49,0.05,2.0,No
ORD-102093,2024-12-03,North,Lucknow,R210,P1050,Retail,SMB,4,14494.26,0.15,2.0,No
ORD-100827,2024-07-03,South,Hyderabad,R203,P1011,Partner,Consumer,2,62166.59,0.0,3.0,No
ORD-102227,2025-05-15,South,Hyderabad,R219,P1015,Online,SMB,4,32677.69,0.1,4.0,No
ORD-103571,2024-02-15,West,Pune,R201,P1014,Retail,SMB,4,38637.29,0.0,11.0,No
ORD-103818,2024-01-05,East,Guwahati,R208,P1051,Online,Consumer,3,34648.01,0.0,10.0,No
ORD-104109,2024-10-08,West,Mumbai,R209,P1033,Partner,Consumer,4,878.67,0.05,4.0,No
ORD-102262,2024-11-04,North,Chandigarh,R214,P1054,Partner,Corporate,7,18966.15,0.0,3.0,No
ORD-103417,2024-12-07,North,Delhi,R206,P1016,Retail,SMB,3,25414.95,0.05,4.0,No
ORD-101837,2024-03-26,West,Mumbai,R213,P1018,Retail,SMB,4,13659.33,0.1,3.0,No
ORD-101298,2025-10-29,South,Hyderabad,R207,P1036,Online,Corporate,4,471.15,0.0,10.0,No
ORD-103255,2025-03-24,East,Patna,R212,P1027,Online,Corporate,6,23656.02,0.0,11.0,No
ORD-104149,2024-10-17,West,Surat,R205,P1038,Retail,Corporate,5,334.13,0.1,11.0,No
ORD-105584,2025-10-15,East,Guwahati,R204,P1049,Retail,SMB,6,15241.21,0.0,1.0,No
ORD-105446,2025-01-12,South,Kochi,R215,P1016,Partner,Consumer,3,25008.01,0.0,3.0,No
ORD-102856,2024-04-13,West,Mumbai,R209,P1017,Partner,SMB,2,12557.92,0.05,9.0,No
ORD-104610,2025-03-30,East,Bhubaneswar,R204,P1055,Partner,SMB,2,13669.34,0.0,6.0,No
ORD-103272,2025-08-31,East,Guwahati,R208,P1042,Partner,Corporate,3,859.93,0.0,5.0,No
ORD-103218,2024-09-12,East,Patna,R212,P1022,Retail,SMB,3,18819.21,0.0,10.0,No
ORD-101094,2024-06-23,South,Bengaluru,R203,P1033,Online,Corporate,3,872.98,0.15,5.0,No
ORD-102103,2024-09-21,West,Pune,R213,P1010,Partner,Consumer,4,75285.61,0.0,4.0,No
ORD-105718,2025-06-14,East,Bhubaneswar,R208,P1046,Partner,SMB,3,13875.13,0.15,10.0,Yes
ORD-105958,2024-01-11,South,Hyderabad,R207,P1025,Partner,Corporate,2,16996.9,0.0,10.0,No
ORD-100622,2025-03-25,South,Chennai,R219,P1052,Retail,Corporate,2,18577.48,0.0,6.0,No
ORD-105886,2024-05-08,South,Chennai,R219,P1012,Online,Consumer,5,89315.26,0.1,7.0,No
ORD-102961,2024-03-31,East,Kolkata,R216,P1032,Online,Corporate,3,837.13,0.15,11.0,No
ORD-104525,2025-12-16,North,Chandigarh,R206,P1044,Online,SMB,4,866.13,0.1,1.0,No
ORD-104916,2025-05-22,WEST,Surat,R213,P1019,Partner,Consumer,2,9300.92,0.0,11.0,No
ORD-100804,2025-12-19,West,Surat,R213,P1034,Partner,SMB,1,698.08,0.0,10.0,No
ORD-101030,2024-12-28,West,Surat,R217,P1044,Retail,SMB,3,881.38,0.0,8.0,No
ORD-100587,2024-03-15,West,Ahmedabad,R213,P1012,Online,SMB,1,90791.33,0.0,1.0,No
ORD-104680,2025-08-07,North,Jaipur,R210,P1003,Retail,Consumer,1,32853.75,0.0,,No
ORD-104590,2024-10-20,North,Lucknow,R206,P1015,Retail,Corporate,2,32378.81,0.0,3.0,No
ORD-104155,2025-01-08,East,Patna,R200,P1054,Retail,Consumer,4,18046.7,0.2,6.0,No
ORD-102010,2024-09-10,North,Delhi,R210,P1013,Online,SMB,1,59746.57,0.1,10.0,No
ORD-105382,2024-04-20,West,Surat,R201,P1032,Partner,SMB,5,841.57,0.0,5.0,No
ORD-100593,2025-04-12,South,Chennai,R207,P1010,Online,SMB,1,71396.99,0.15,1.0,No
ORD-105764,2025-04-02,North,Jaipur,R206,P1047,Online,SMB,4,19940.79,0.05,11.0,No
ORD-103539,2024-03-02,West,Mumbai,R213,P1013,Online,SMB,2,58578.81,0.0,1.0,No
ORD-101946,2025-10-18,East,Kolkata,R216,P1039,Partner,Consumer,6,600.56,0.0,7.0,No
ORD-102060,2024-09-06, West,Pune,R209,P1023,Partner,Consumer,3,25439.37,0.0,9.0,No
ORD-104996,2025-06-30,South,Hyderabad,R203,P1016,Retail,Corporate,4,24913.04,0.0,5.0,No
ORD-103583,2025-09-11,North,Chandigarh,R202,P1026,Online,SMB,1,8505.06,0.0,1.0,No
ORD-103802,2025-08-03,North,Chandigarh,R206,P1014,Online,Consumer,3,40668.44,0.0,8.0,No
ORD-100756,2025-12-29,East,Patna,R216,P1007,Partner,Consumer,3,65698.77,0.1,3.0,No
ORD-101822,2024-01-30,North,Delhi,R202,P1046,Retail,SMB,3,14476.62,0.1,6.0,No
ORD-100757,2024-12-30,North,Chandigarh,R206,P1001,Retail,Corporate,3,63290.17,0.2,8.0,No
ORD-103128,2024-08-27,North,Delhi,R202,P1035,Partner,Consumer,1,338.03,0.1,,No
ORD-100599,2025-04-23,West,Mumbai,R201,P1027,Partner,SMB,5,22955.81,0.0,1.0,No
ORD-101384,2024-02-03,South,Chennai,R211,P1025,Partner,Consumer,2,16427.91,0.0,3.0,No
ORD-100443,2024-02-17,West,Pune,R205,P1051,Partner,Consumer,4,34457.44,0.15,3.0,No
ORD-104036,2025-08-21,West,Ahmedabad,R209,P1020,Retail,Consumer,2,11712.3,0.0,3.0,No
ORD-100358,2024-04-16,North,Chandigarh,R218,P1040,Partner,Consumer,2,837.11,0.0,10.0,No
ORD-105277,2024-10-02,West,Mumbai,R205,P1014,Partner,Consumer,3,39051.62,0.1,10.0,No
ORD-103829,2025-09-26,West,Mumbai,R205,P1024,Retail,SMB,5,12801.56,0.15,4.0,No
ORD-102336,2024-10-04,West,Surat,R209,P1042,Retail,Corporate,1,823.91,0.0,6.0,No
ORD-100998,2024-12-10,South,Kochi,R207,P1008,Online,Corporate,7,41485.81,0.1,9.0,No
ORD-105457,2024-03-22,East,Guwahati,R208,P1044,Retail,Corporate,3,868.59,0.0,10.0,No
ORD-105102,2025-04-22,North,Chandigarh,R214,P1034,Retail,Consumer,1,725.36,0.0,3.0,No
ORD-102247,2025-02-17,North,Delhi,R202,P1048,Partner,SMB,3,17921.74,0.1,9.0,No
ORD-105207,2025-07-06,East,Kolkata,R204,P1033,Partner,Corporate,3,854.95,0.0,5.0,No
ORD-102106,2024-12-29,South,Chennai,R219,P1040,Online,Consumer,7,858.81,0.0,9.0,No
ORD-104588,2025-10-20,North,Jaipur,R206,P1038,Partner,SMB,5,336.98,0.2,,No
ORD-102349,2025-05-14,East,Patna,R216,P1002,Retail,Consumer,7,76553.26,0.1,11.0,No
ORD-100661,2024-03-15,West,Ahmedabad,R217,P1043,Retail,Consumer,4,278.91,0.0,7.0,No
ORD-105198,2024-09-21,East,Kolkata,R200,P1018,Online,SMB,1,13610.19,0.1,5.0,No
ORD-104633,2024-12-30,East,Bhubaneswar,R200,P1001,Partner,SMB,8,63760.8,0.0,6.0,No
ORD-103422,2024-01-20,South,Chennai,R203,P1011,Online,Consumer,9,59893.2,0.0,7.0,No
ORD-100191,2025-08-27,East,Guwahati,R216,P1019,Partner,Corporate,2,9145.12,0.0,2.0,No
ORD-100893,2024-07-10,North,Lucknow,R202,P1021,Retail,Corporate,2,16796.65,0.0,11.0,No
ORD-105324,2025-11-02,North,Chandigarh,R214,P1004,Retail,SMB,5,75232.61,0.0,11.0,No
ORD-103771,2025-01-01,North,Delhi,R214,P1011,Retail,Consumer,5,62746.73,0.0,7.0,Yes
ORD-104240,2025-08-10,East,Patna,R204,P1021,Retail,Consumer,4,17593.2,0.1,,No
ORD-100321,2025-11-04,East,Kolkata,R208,P1014,Retail,SMB,4,38814.35,0.0,2.0,No
ORD-101055,2024-01-07,West,Ahmedabad,R217,P1048,Partner,SMB,3,17364.45,0.05,8.0,No
ORD-100197,2025-08-30,North,Jaipur,R206,P1025,Retail,Corporate,3,16713.07,0.1,9.0,No
ORD-105822,2024-01-14,North,Chandigarh,R218,P1036,Retail,Corporate,7,481.06,0.2,4.0,No
ORD-104124,2025-05-20,East,Kolkata,R200,P1014,Retail,Consumer,3,39646.4,0.0,9.0,No
ORD-102624,2024-06-30, North,Chandigarh,R214,P1043,Retail,Consumer,3,272.26,0.0,7.0,No
ORD-101840,2025-06-28,West,Pune,R217,P1054,Online,SMB,5,18328.92,0.0,8.0,No
ORD-100256,2025-03-26,East,Bhubaneswar,R212,P1050,Partner,Corporate,1,14421.82,0.0,11.0,No
ORD-101807,2024-11-29,South,Kochi,R203,P1012,Retail,Consumer,4,88340.31,0.0,8.0,No
ORD-105955,2025-09-29,South,Kochi,R207,P1010,Partner,SMB,6,73162.41,0.1,6.0,No
ORD-102617,2025-01-11,East,Kolkata,R204,P1042,Partner,Consumer,3,853.24,0.0,7.0,No
ORD-102918,2025-01-30,East,Guwahati,R200,P1007,Retail,Corporate,5,67883.46,0.0,3.0,No
ORD-105399,2024-01-15,West,Pune,R209,P1025,Partner,Corporate,4,16766.86,0.15,4.0,No
ORD-102416,2024-04-16,South,Chennai,R215,P1042,Online,Consumer,3,837.5,0.0,1.0,No
ORD-102584,2024-12-01,North,Lucknow,R218,P1042,Partner,SMB,7,835.84,0.0,9.0,No
ORD-100246,2024-08-26,North,Lucknow,R206,P1018,Retail,Consumer,3,13519.93,0.15,4.0,No
ORD-101213,2024-09-16,North,Lucknow,R218,P1005,Online,Consumer,4,29517.03,0.0,1.0,No
ORD-103327,2024-08-05,North,Jaipur,R202,P1040,Retail,Corporate,2,854.93,0.05,6.0,No
ORD-104859,2025-07-21,East,Patna,R208,P1037,Online,Consumer,4,894.55,0.0,4.0,No
ORD-102967,2024-11-08,South,Chennai,R207,P1044,Online,SMB,5,912.44,0.0,5.0,No
ORD-101037,2025-08-18,South,Kochi,R215,P1039,Online,Consumer,3,599.12,0.0,2.0,No
ORD-100471,2025-04-30,East,Bhubaneswar,R204,P1012,Online,SMB,3,88945.56,0.05,6.0,Yes
ORD-101857,2025-05-13,West,Pune,R217,P1038,Retail,Corporate,3,332.89,0.15,,No
ORD-100759,2025-01-15,South,Hyderabad,R219,P1036,Retail,Consumer,3,483.0,0.0,7.0,No
ORD-105325,2024-11-01,West,Mumbai,R213,P1049,Partner,SMB,5,15383.65,0.0,2.0,No
ORD-101042,2025-04-27,West,Mumbai,R209,P1055,Partner,Consumer,1,14128.99,0.0,5.0,No
ORD-103941,2024-04-17, North,Delhi,R214,P1041,Online,Consumer,2,816.55,0.1,2.0,No
ORD-104251,2025-12-09,West,Ahmedabad,R205,P1025,Retail,SMB,3,16979.95,0.0,9.0,No
ORD-101828,2024-04-11,South,Hyderabad,R219,P1027,Retail,SMB,2,22529.72,0.05,8.0,No
ORD-100851,2025-03-31,South,Hyderabad,R203,P1033,Online,SMB,4,833.1,0.0,8.0,No
ORD-105132,2025-07-06,South,Bengaluru,R215,P1030,Online,Corporate,2,8233.63,0.0,6.0,No
ORD-102651,2024-04-06,South,Hyderabad,R203,P1037,Online,Corporate,4,900.96,0.0,5.0,Yes
ORD-102805,2025-02-22, South,Hyderabad,R219,P1042,Retail,Consumer,3,837.42,0.05,,No
ORD-102726,2024-07-13,North,Lucknow,R218,P1026,Partner,SMB,-3,8834.42,0.0,10.0,No
ORD-101364,2024-02-11,East,Bhubaneswar,R216,P1010,Partner,Consumer,3,72351.02,0.0,8.0,No
ORD-104741,2024-08-20,North,Lucknow,R202,P1045,Retail,SMB,1,439.7,0.1,10.0,No
ORD-102951,2024-04-01,North,Delhi,R202,P1005,Partner,Consumer,4,28816.86,0.2,6.0,No
ORD-100891,2025-03-06,South,Kochi,R203,P1050,Partner,Consumer,3,14569.29,0.0,10.0,No
ORD-100273,2025-09-08,North,Delhi,R202,P1016,Partner,Corporate,3,24412.51,0.0,6.0,No
ORD-105448,2025-08-25,South,Chennai,R203,P1053,Partner,Consumer,3,31582.95,0.1,11.0,No
ORD-101715,2025-04-13,East,Kolkata,R200,P1038,Partner,Consumer,1,334.63,0.05,4.0,No
ORD-103746,2024-02-02,North,Lucknow,R218,P1046,Online,SMB,2,14674.91,0.1,9.0,No
ORD-102983,2024-01-22,East,Guwahati,R208,P1008,Partner,Consumer,4,41862.08,0.0,6.0,No
ORD-104612,2024-11-02,West,Ahmedabad,R201,P1035,Partner,SMB,6,326.46,0.0,10.0,Yes
ORD-102529,2025-02-10,East,Kolkata,R216,P1001,Online,SMB,4,65816.1,0.0,5.0,No
ORD-101414,2025-05-26,South,Chennai,R207,P1038,Partner,Corporate,4,336.42,0.0,3.0,No
ORD-100099,2024-04-24,South,Kochi,R207,P1007,Partner,SMB,3,66944.65,0.0,11.0,No
ORD-103001,2024-07-28,West,Pune,R209,P1055,Partner,Corporate,6,14069.29,0.0,4.0,No
ORD-104953,2024-06-01,West,Pune,R217,P1035,Online,Corporate,1,322.44,0.0,7.0,No
ORD-105696,2024-06-23,North,Lucknow,R210,P1036,Partner,Corporate,1,467.67,0.0,7.0,No
ORD-100335,2024-05-30,NORTH,Lucknow,R218,P1009,Retail,Corporate,4,44079.91,0.0,7.0,No
ORD-102555,2024-09-13,West,Surat,R201,P1018,Online,SMB,5,13676.89,0.15,1.0,No
ORD-101121,2025-04-14,East,Kolkata,R212,P1033,Partner,Consumer,2,853.82,0.05,1.0,No
ORD-102932,2025-03-13,West,Ahmedabad,R201,P1034,Partner,SMB,2,702.08,0.0,3.0,No
ORD-100040,2024-08-06,North,Chandigarh,R218,P1002,Online,Consumer,2,77383.06,0.0,5.0,No
ORD-104399,2025-08-24,North,Lucknow,R214,P1010,Retail,Corporate,1,74364.82,0.0,1.0,No
ORD-102039,2024-03-30,North,Lucknow,R218,P1026,Online,Consumer,5,8641.5,0.0,2.0,No
ORD-102637,2025-01-05,West,Ahmedabad,R201,P1051,Online,Consumer,2,34636.84,0.0,7.0,No
ORD-103369,2025-03-13,East,Bhubaneswar,R212,P1006,Partner,SMB,5,49826.52,0.0,5.0,Yes
ORD-102600,2024-04-08,South,Chennai,R219,P1035,Partner,Consumer,4,330.02,0.0,5.0,No
ORD-104793,2024-07-10,East,Kolkata,R204,P1006,Online,SMB,3,51732.5,0.0,1.0,No
ORD-102635,2024-07-04,South,Hyderabad,R211,P1052,Retail,Consumer,5,19076.71,0.05,2.0,No
ORD-100919,2025-07-05,East,Kolkata,R212,P1043,Partner,Consumer,7,269.77,0.1,3.0,No
ORD-102229,2025-01-06,North,Lucknow,R202,P1046,Partner,SMB,2,14467.29,0.05,11.0,No
ORD-104737,2025-05-09,West,Surat,R201,P1035,Partner,Corporate,2,331.31,0.1,10.0,No
ORD-103620,2024-07-01, South,Hyderabad,R215,P1036,Online,SMB,3,477.92,0.1,6.0,No
ORD-100955,2025-11-16,North,Delhi,R202,P1022,Partner,SMB,6,18880.35,0.2,3.0,No
ORD-103420,2024-08-16,South,Kochi,R211,P1036,Partner,Consumer,3,468.01,0.15,3.0,No
ORD-105563,2024-03-11,South,Kochi,R219,P1016,Online,Corporate,2,25414.98,0.0,6.0,No
ORD-102909,2024-02-12,North,Jaipur,R214,P1012,Online,Corporate,4,90616.26,0.05,9.0,No
ORD-101277,2024-05-22,West,Surat,R213,P1042,Online,Corporate,2,837.17,0.05,8.0,No
ORD-100306,2024-01-26,North,Chandigarh,R218,P1013,Retail,Consumer,2,59312.46,0.15,8.0,No
ORD-101548,2025-10-16,East,Kolkata,R216,P1014,Partner,SMB,4,38515.63,0.0,5.0,No
ORD-101736,2024-11-20,East,Guwahati,R204,P1050,Partner,SMB,3,15022.35,0.05,7.0,No
ORD-101249,2025-06-28,South,Chennai,R211,P1024,Online,Corporate,5,12628.12,0.1,4.0,No
ORD-105033,2024-04-25,East,Kolkata,R216,P1024,Online,Corporate,3,12779.89,0.0,9.0,No
ORD-102048,2024-02-13,North,Jaipur,R218,P1044,Online,Corporate,2,876.39,0.1,1.0,No
ORD-101953,2024-05-09,East,Guwahati,R212,P1030,Partner,Consumer,4,7894.16,0.1,1.0,No
ORD-103283,2025-10-04,South,Chennai,R211,P1031,Partner,Corporate,5,876.43,0.0,2.0,No
ORD-103353,2025-05-24,East,Guwahati,R208,P1033,Online,SMB,5,877.52,0.0,7.0,No
ORD-101731,2025-01-20,East,Kolkata,R212,P1050,Online,Consumer,2,14448.98,0.1,1.0,No
ORD-100553,2024-06-26,North,Delhi,R210,P1039,Retail,SMB,3,588.57,0.05,7.0,No
ORD-103194,2024-06-02,West,Pune,R201,P1025,Online,Corporate,1,16350.37,0.0,9.0,No
ORD-103784,2025-08-08,South,Kochi,R215,P1009,Online,Corporate,1,42988.82,0.0,3.0,Yes
ORD-104886,2025-02-04,West,Ahmedabad,R209,P1021,Partner,Corporate,3,17633.75,0.1,2.0,No
ORD-102977,2025-03-02,South,Chennai,R211,P1051,Partner,Consumer,3,34468.73,0.1,1.0,No
ORD-101253,2024-06-26,East,Patna,R204,P1016,Online,Corporate,-4,24529.1,0.1,7.0,No
ORD-101041,2025-10-24,West,Surat,R205,P1003,Retail,Consumer,4,32373.78,0.0,2.0,No
ORD-101697,2024-11-12,West,Surat,R209,P1036,Online,Consumer,7,470.4,0.0,8.0,No
ORD-100188,2025-01-18,North,Jaipur,R210,P1015,Online,Corporate,4,32722.37,0.1,10.0,No
ORD-104166,2024-10-15,South,Kochi,R215,P1002,Retail,SMB,5,77836.08,0.0,4.0,No
ORD-103928,2024-02-16,East,Bhubaneswar,R200,P1012,Online,Corporate,4,88753.54,0.05,2.0,Yes
ORD-102263,2024-01-11,West,Pune,R205,P1028,Online,Consumer,3,22892.26,0.2,3.0,No
ORD-102139,2025-12-22,West,Surat,R201,P1012,Retail,Consumer,4,89919.84,0.0,2.0,No
ORD-103037,2025-01-29,North,Chandigarh,R214,P1004,Retail,Consumer,3,75101.33,0.0,1.0,No
ORD-101518,2025-01-03,South,Chennai,R219,P1004,Partner,Corporate,6,72935.53,0.0,2.0,No
ORD-105929,2025-01-12,North,Delhi,R218,P1002,Partner,Corporate,5,75394.08,0.1,2.0,No
ORD-100685,2025-01-05,South,Chennai,R207,P1046,Online,SMB,1,13967.19,0.0,6.0,No
ORD-104874,2025-05-22,West,Mumbai,R217,P1041,Retail,Corporate,3,810.57,0.0,7.0,No
ORD-105165,2024-04-14,West,Surat,R213,P1053,Online,SMB,4,31867.35,0.0,4.0,No
ORD-100789,2025-12-13,WEST,Surat,R209,P1018,Partner,Corporate,3,13322.76,0.15,1.0,No
ORD-103021,2024-11-03,East,Patna,R204,P1051,Online,SMB,7,33785.25,0.0,3.0,No
ORD-103529,2024-11-01,South,Hyderabad,R215,P1002,Retail,SMB,3,78295.83,0.0,11.0,No
ORD-101012,2025-03-03,West,Pune,R209,P1027,Partner,SMB,2,22753.1,0.0,7.0,No
ORD-105154,2025-09-12,North,Chandigarh,R202,P1044,Retail,Consumer,2,888.57,0.1,6.0,No
ORD-105104,2025-08-22,East,Guwahati,R212,P1055,Online,SMB,3,13801.0,0.15,8.0,Yes
ORD-105353,2024-06-21,North,Delhi,R218,P1045,Online,Consumer,1,434.01,0.0,5.0,No
ORD-103248,2025-11-29,North,Lucknow,R206,P1029,Retail,Corporate,3,15795.32,0.1,8.0,No
ORD-101785,2024-03-05, North,Jaipur,R206,P1051,Online,SMB,3,34157.27,0.0,10.0,No
ORD-103672,2024-10-14,North,Delhi,R202,P1016,Partner,Corporate,4,24776.49,0.0,3.0,No
ORD-105827,2024-02-20,South,Hyderabad,R211,P1018,Online,Consumer,3,13675.27,0.05,1.0,No
ORD-102458,2024-07-02,West,Pune,R209,P1055,Online,SMB,2,13442.32,0.0,3.0,No
ORD-105611,2024-12-04,West,Surat,R209,P1015,Online,Consumer,2,33582.97,0.0,7.0,No
ORD-105802,2024-05-07,North,Jaipur,R214,P1036,Partner,Consumer,2,482.26,0.1,8.0,No
ORD-101587,2025-01-19,West,Ahmedabad,R213,P1020,Partner,Consumer,1,11917.95,0.15,3.0,No
ORD-105483,2024-12-17,West,Ahmedabad,R209,P1026,Online,Consumer,3,8651.63,0.0,3.0,No
ORD-101441,2025-04-09,West,Surat,R217,P1005,Partner,Consumer,3,28297.05,0.0,10.0,No
ORD-101613,2025-07-08,South,Hyderabad,R219,P1026,Online,SMB,2,8376.69,0.15,5.0,No
ORD-105821,2024-05-04,North,Chandigarh,R202,P1053,Partner,Consumer,1,31585.53,0.0,10.0,No
ORD-105488,2025-07-18,North,Jaipur,R214,P1006,Partner,Consumer,2,50452.71,0.0,,Yes
ORD-103158,2025-07-14,East,Patna,R216,P1041,Partner,Consumer,3,804.38,0.0,2.0,No
ORD-104296,2025-12-05,West,Ahmedabad,R201,P1048,Retail,SMB,6,17767.74,0.0,11.0,No
ORD-102407,2025-10-15,South,Kochi,R219,P1043,Online,Consumer,1,276.58,0.0,11.0,No
ORD-104852,2024-11-16,East,Guwahati,R216,P1049,Partner,Consumer,4,14782.35,0.1,4.0,Yes
ORD-100316,2024-09-14,South,Bengaluru,R215,P1038,Online,Corporate,3,335.71,0.0,8.0,No
ORD-103798,2024-08-11,East,Patna,R208,P1048,Partner,Consumer,2,17940.7,0.05,3.0,No
ORD-101355,2025-08-18,West,Surat,R217,P1048,Partner,Consumer,4,17863.2,0.0,4.0,No
ORD-102596,2025-09-11,South,Chennai,R207,P1007,Retail,SMB,2,67372.75,0.0,2.0,No
ORD-103826,2025-12-03,South,Bengaluru,R215,P1017,Partner,Corporate,5,12104.24,0.0,11.0,No
ORD-103495,2025-04-07,West,Ahmedabad,R209,P1003,Online,Corporate,3,33778.76,0.0,6.0,No
ORD-102936,2025-04-17,North,Jaipur,R210,P1049,Retail,SMB,2,14800.54,0.0,5.0,No
ORD-101177,2025-07-06,West,Pune,R201,P1020,Retail,Corporate,2,12206.24,0.0,1.0,No
ORD-101630,2024-04-01,North,Chandigarh,R210,P1046,Retail,Corporate,1,14155.39,0.0,,No
ORD-105714,2025-09-17,West,Surat,R201,P1006,Online,Corporate,1,50371.7,0.05,9.0,No
ORD-104222,2024-07-30,East,Kolkata,R200,P1042,Partner,Consumer,3,823.0,0.0,11.0,No
ORD-103578,2024-05-03, South,Bengaluru,R211,P1005,Online,Consumer,3,28526.07,0.1,1.0,No
ORD-104619,2024-10-12,East,Guwahati,R208,P1023,Retail,SMB,3,25678.76,0.0,3.0,No
ORD-100330,2025-04-19,East,Patna,R200,P1053,Partner,Consumer,2,31914.88,0.0,10.0,No
ORD-105519,2025-03-18,East,Guwahati,R208,P1038,Retail,Corporate,4,323.1,0.0,5.0,No
ORD-101673,2025-06-07,South,Kochi,R219,P1019,Online,Consumer,3,9187.83,0.1,8.0,No
ORD-104869,2024-02-13,WEST,Surat,R217,P1032,Online,Corporate,4,863.61,0.15,5.0,No
ORD-102192,2024-03-07,North,Delhi,R214,P1028,Partner,SMB,4,22515.15,0.05,4.0,No
ORD-105460,2024-06-23,North,Delhi,R210,P1035,Online,Consumer,3,338.54,0.0,5.0,No
ORD-101498,2024-07-07,East,Guwahati,R216,P1020,Partner,SMB,4,11890.02,0.0,8.0,No
ORD-100032,2025-12-16,East,Kolkata,R216,P1034,Online,SMB,3,728.69,0.1,9.0,No
ORD-105586,2024-03-08,West,Surat,R217,P1012,Partner,Consumer,2,91354.37,0.15,9.0,No
ORD-101724,2025-05-05,South,Kochi,R203,P1006,Retail,Corporate,1,49666.91,0.1,9.0,No
ORD-103293,2025-10-14,East,Guwahati,R212,P1036,Retail,Corporate,7,473.35,0.0,1.0,No
ORD-102929,2024-11-23,South,Hyderabad,R219,P1008,Partner,Consumer,6,41216.91,0.0,1.0,No
ORD-103867,2025-05-28,North,Lucknow,R210,P1022,Online,SMB,5,18164.42,0.0,7.0,No
ORD-103697,2024-03-30,West,Mumbai,R205,P1026,Online,Consumer,2,8747.3,0.0,1.0,No
ORD-104175,2025-12-03,West,Mumbai,R205,P1034,Online,Corporate,9,725.31,0.0,7.0,No
ORD-105990,2024-12-04,West,Mumbai,R209,P1025,Online,Consumer,3,16630.97,0.15,4.0,No
ORD-102855,2024-04-05,East,Patna,R212,P1035,Retail,Consumer,3,328.86,0.0,1.0,No
ORD-101438,2024-08-25,South,Bengaluru,R215,P1047,Partner,Consumer,2,19017.31,0.0,8.0,No
ORD-104267,2024-05-19,South,Bengaluru,R215,P1035,Online,SMB,2,336.43,0.0,8.0,No
ORD-101398,2025-06-24,West,Surat,R209,P1034,Retail,Corporate,3,716.64,0.05,2.0,No
ORD-101476,2025-10-07,East,Guwahati,R216,P1040,Partner,Corporate,2,866.89,0.0,6.0,No
ORD-103447,2025-10-19,East,Guwahati,R216,P1009,Online,Corporate,4,44783.41,0.1,3.0,No
ORD-100663,2025-01-05,East,Bhubaneswar,R212,P1038,Online,Consumer,3,327.07,0.0,8.0,No
ORD-105156,2025-11-07, North,Lucknow,R210,P1047,Online,SMB,4,19762.22,0.1,10.0,No
ORD-101010,2024-02-18,West,Surat,R201,P1038,Retail,Consumer,4,323.24,0.0,2.0,No
ORD-104144,2025-09-18,West,Ahmedabad,R213,P1053,Online,SMB,4,32040.57,0.0,11.0,No
ORD-100221,2024-06-02,West,Mumbai,R209,P1008,Partner,SMB,3,42416.36,0.0,5.0,No
ORD-101386,2024-10-12,North,Chandigarh,R218,P1023,Retail,Corporate,4,24751.75,0.2,10.0,No
ORD-102917,2024-01-29,East,Kolkata,R212,P1025,Online,SMB,5,16747.77,0.1,3.0,No
ORD-101141,2025-01-04,South,Chennai,R219,P1044,Online,Consumer,2,913.24,0.05,4.0,No
ORD-104943,2024-09-07,West,Ahmedabad,R201,P1054,Partner,Consumer,3,18154.1,0.05,2.0,No
ORD-104496,2025-08-08,South,Hyderabad,R207,P1042,Partner,Corporate,3,863.21,0.1,1.0,No
ORD-105432,2025-07-24,West,Pune,R205,P1036,Partner,Corporate,3,466.75,0.0,11.0,No
ORD-104261,2024-05-27,North,Jaipur,R210,P1031,Online,SMB,5,851.31,0.2,1.0,No
ORD-105837,2025-12-20,South,Bengaluru,R219,P1024,Online,Consumer,6,13365.37,0.0,1.0,No
ORD-104540,2024-03-15,North,Chandigarh,R206,P1010,Online,SMB,3,71406.47,0.0,4.0,No
ORD-101380,2025-03-02,East,Patna,R216,P1024,Retail,Corporate,4,13253.64,0.2,6.0,No
ORD-104527,2025-06-04,North,Delhi,R206,P1047,Partner,Consumer,3,19953.63,0.0,10.0,No
ORD-101720,2024-10-10,North,Chandigarh,R202,P1003,Partner,Corporate,4,32264.99,0.0,1.0,No
ORD-104069,2025-01-31,East,Kolkata,R204,P1037,Online,Consumer,5,880.9,0.0,5.0,No
ORD-102295,2024-02-15,South,Hyderabad,R211,P1013,Retail,Consumer,3,56635.0,0.1,8.0,No
ORD-104856,2025-07-08,North,Lucknow,R210,P1013,Partner,Consumer,4,58832.14,0.0,9.0,No
ORD-100932,2024-01-27,West,Mumbai,R209,P1042,Partner,SMB,2,864.03,0.0,8.0,No
ORD-105679,2025-06-19,West,Ahmedabad,R213,P1048,Retail,Consumer,2,17448.08,0.0,8.0,No
ORD-103685,2024-09-10,West,Pune,R201,P1010,Retail,Consumer,1,72327.84,0.0,8.0,No
ORD-103387,2024-08-24,North,Jaipur,R206,P1032,Partner,Consumer,2,837.14,0.0,10.0,No
ORD-101608,2024-05-27,East,Guwahati,R216,P1051,Retail,SMB,5,33921.23,0.0,4.0,No
ORD-105970,2025-03-31,West,Surat,R209,P1012,Online,SMB,5,90376.32,0.0,10.0,No
ORD-104289,2025-08-31,West,Mumbai,R209,P1046,Online,Corporate,4,14591.32,0.0,3.0,No
ORD-103757,2025-05-11,North,Chandigarh,R202,P1005,Online,Corporate,4,29368.53,0.0,8.0,No
ORD-105047,2025-07-24,East,Kolkata,R208,P1024,Retail,Corporate,2,12661.63,0.0,1.0,No
ORD-102491,2024-05-29,South,Bengaluru,R203,P1008,Online,Corporate,2,40927.42,0.05,3.0,No
ORD-104757,2025-09-12,West,Pune,R209,P1029,Partner,SMB,4,16129.46,0.0,9.0,No
ORD-101140,2025-12-02,North,Delhi,R210,P1037,Retail,SMB,6,913.89,0.0,9.0,No
ORD-102537,2025-08-05,West,Surat,R217,P1050,Partner,SMB,2,14994.51,0.0,8.0,No
ORD-105749,2024-12-19,East,Kolkata,R204,P1007,Online,Consumer,4,65561.55,0.0,1.0,No
ORD-100710,2025-11-05,West,Mumbai,R201,P1016,Online,Corporate,4,24451.15,0.0,1.0,No
ORD-105385,2024-04-22,South,Kochi,R211,P1022,Retail,Corporate,2,18534.01,0.1,8.0,No
ORD-103172,2024-03-28,North,Jaipur,R214,P1002,Online,Consumer,1,75647.31,0.0,11.0,No
ORD-104427,2024-02-07,South,Bengaluru,R211,P1044,Online,Corporate,2,870.81,0.0,3.0,Yes
ORD-102253,2025-12-19,South,Kochi,R203,P1003,Partner,Corporate,5,32765.86,0.0,10.0,No
ORD-102241,2025-08-28,South,Chennai,R207,P1027,Retail,SMB,2,23186.5,0.1,,Yes
ORD-104389,2025-04-04,South,Hyderabad,R203,P1045,Retail,Consumer,2,445.45,0.0,8.0,No
ORD-101686,2024-11-11,West,Mumbai,R205,P1005,Online,Corporate,2,29333.17,0.0,1.0,No
ORD-100772,2024-09-24,South,Bengaluru,R207,P1006,Partner,Consumer,4,51783.21,0.0,7.0,No
ORD-101606,2024-01-09,North,Lucknow,R210,P1011,Partner,Corporate,4,62801.98,0.0,7.0,No
ORD-102506,2024-04-08,East,Bhubaneswar,R216,P1032,Retail,Consumer,4,875.39,0.0,5.0,No
ORD-100900,2024-09-20,East,Bhubaneswar,R208,P1038,Online,SMB,4,334.81,0.05,1.0,No
ORD-101533,2025-04-15,North,Jaipur,R214,P1017,Online,Consumer,4,12029.68,0.1,11.0,No
ORD-101427,2024-11-22,North,Lucknow,R218,P1009,Retail,SMB,7,45313.32,0.0,2.0,No
ORD-103806,2025-11-12,North,Lucknow,R214,P1015,Retail,Corporate,1,33746.67,0.15,10.0,No
ORD-100854,2024-03-12,West,Pune,R209,P1020,Partner,SMB,5,12169.96,0.0,3.0,No
ORD-104808,2024-04-22,South,Hyderabad,R207,P1049,Online,Consumer,5,15268.66,0.1,1.0,No
ORD-102204,2024-12-14, North,Chandigarh,R206,P1023,Partner,Corporate,2,25207.16,0.1,7.0,No
ORD-101392,2025-03-22,North,Jaipur,R214,P1022,Retail,Consumer,3,18375.9,0.0,6.0,No
ORD-100179,2025-11-09,North,Jaipur,R210,P1023,Online,Consumer,3,25455.28,0.0,3.0,No
ORD-100874,2024-10-05,West,Pune,R201,P1037,Retail,Consumer,7,881.29,0.05,5.0,No
ORD-103780,2024-05-28,North,Delhi,R202,P1023,Partner,Corporate,2,25397.57,0.1,5.0,No
ORD-100770,2024-07-01,North,Delhi,R206,P1002,Online,Corporate,6,79284.91,0.0,4.0,Yes
ORD-100894,2025-10-03,North,Chandigarh,R206,P1038,Retail,Consumer,6,324.54,0.0,5.0,No
ORD-103534,2025-05-01,East,Kolkata,R200,P1044,Retail,SMB,3,900.6,0.0,,No
ORD-101603,2024-02-28,South,Bengaluru,R207,P1023,Partner,SMB,2,25759.45,0.0,1.0,No
ORD-103147,2025-09-08,North,Delhi,R202,P1043,Online,Consumer,2,285.29,0.0,10.0,No
ORD-100749,2024-01-26,North,Jaipur,R218,P1033,Partner,Corporate,5,870.99,0.0,6.0,Yes
ORD-105404,2025-12-26,North,Jaipur,R218,P1003,Partner,Corporate,5,32327.82,0.0,,No
ORD-103456,2024-10-28,North,Lucknow,R206,P1005,Retail,SMB,6,28894.47,0.05,9.0,No
ORD-102285,2024-05-25,North,Lucknow,R214,P1032,Retail,Consumer,4,842.97,0.0,10.0,No
ORD-100083,2025-07-17,North,Lucknow,R218,P1006,Online,Consumer,3,49952.74,0.2,10.0,No
ORD-105061,2024-12-18,West,Surat,R217,P1041,Online,Corporate,4,832.02,0.0,3.0,No
ORD-102408,2024-08-19,North,Delhi,R206,P1002,Partner,Consumer,3,76974.96,0.2,6.0,No
ORD-100128,2025-09-05,South,Bengaluru,R215,P1010,Retail,Consumer,4,73651.54,0.0,10.0,No
ORD-102098,2025-10-08,South,Kochi,R215,P1021,Partner,SMB,5,17260.99,0.0,9.0,No
ORD-103332,2025-08-14,East,Kolkata,R208,P1045,Retail,SMB,2,445.41,0.0,11.0,No
ORD-100885,2025-11-05,South,Kochi,R219,P1031,Retail,Consumer,4,860.63,0.0,8.0,No
ORD-101431,2024-01-17,West,Pune,R201,P1044,Partner,Consumer,4,896.93,0.0,5.0,No
ORD-100134,2024-01-23,South,Hyderabad,R215,P1048,Partner,SMB,3,18219.45,0.05,7.0,No
ORD-101852,2024-03-03,East,Patna,R204,P1039,Retail,Corporate,4,577.49,0.15,8.0,No
ORD-103588,2025-05-17,West,Pune,R213,P1054,Online,SMB,2,18638.7,0.0,5.0,No
ORD-103774,2024-01-15,East,Bhubaneswar,R204,P1055,Online,Corporate,4,13378.59,0.1,9.0,No
ORD-105009,2025-05-03,North,Delhi,R218,P1030,Partner,Consumer,1,8335.34,0.05,5.0,No
ORD-102188,2024-01-09,West,Ahmedabad,R209,P1048,Retail,SMB,2,17725.04,0.0,10.0,No
ORD-105961,2025-09-22,West,Mumbai,R201,P1054,Online,SMB,3,18674.54,0.0,2.0,Yes
ORD-104777,2025-10-04,West,Surat,R201,P1002,Online,Corporate,2,75534.0,0.2,5.0,No
ORD-103738,2025-05-17,South,Chennai,R203,P1053,Retail,Consumer,3,30712.53,0.0,2.0,No
ORD-100522,2024-09-04,West,Pune,R209,P1035,Partner,Consumer,5,323.53,0.0,,No
ORD-101020,2024-05-01,South,Hyderabad,R215,P1031,Partner,Corporate,1,827.73,0.1,10.0,No
ORD-101545,2024-08-06,West,Ahmedabad,R217,P1007,Online,Consumer,1,65442.18,0.0,2.0,No
ORD-104502,2024-01-05,South,Hyderabad,R215,P1045,Partner,Corporate,6,449.03,0.05,8.0,No
ORD-103135,2024-12-21,North,Jaipur,R202,P1044,Retail,Corporate,8,898.51,0.0,1.0,No
ORD-104912,2025-04-11,South,Hyderabad,R207,P1049,Retail,Corporate,3,15565.56,0.0,1.0,No
ORD-102049,2024-12-25,East,Bhubaneswar,R216,P1033,Retail,Consumer,2,837.96,0.0,5.0,No
ORD-101301,2024-10-17,East,Patna,R204,P1003,Online,SMB,5,32116.93,0.0,3.0,No
ORD-105315,2025-09-27,West,Ahmedabad,R201,P1030,Online,Corporate,3,8056.79,0.1,,No
ORD-100111,2025-11-27,East,Kolkata,R208,P1051,Online,Corporate,9,33892.81,0.0,11.0,No
ORD-100478,2024-08-12,West,Ahmedabad,R209,P1010,Partner,Corporate,2,74913.23,0.0,1.0,No
ORD-104521,2024-02-21,East,Bhubaneswar,R216,P1005,Partner,Consumer,6,28787.34,0.0,4.0,No
ORD-103267,2025-09-13,East,Bhubaneswar,R200,P1044,Online,Corporate,3,893.85,0.0,7.0,No
ORD-104088,2025-10-07,East,Kolkata,R216,P1043,Retail,SMB,5,273.43,0.0,5.0,No
ORD-105226,2025-02-16,East,Guwahati,R216,P1022,Partner,Corporate,3,18712.38,0.0,5.0,No
ORD-102754,2025-01-23,South,Kochi,R207,P1020,Partner,Consumer,3,12346.19,0.0,7.0,No
ORD-102685,2024-03-21,East,Bhubaneswar,R212,P1019,Online,Consumer,3,9598.03,0.15,4.0,No
ORD-102169,2024-03-10,North,Chandigarh,R218,P1005,Online,Corporate,2,28493.58,0.0,8.0,No
ORD-100657,2024-01-13,East,Kolkata,R208,P1014,Retail,Consumer,1,40199.66,0.15,1.0,No
ORD-104065,2025-01-31,East,Patna,R216,P1017,Retail,SMB,1,12529.34,0.0,9.0,Yes
ORD-105642,2025-12-08,East,Patna,R216,P1024,Retail,Consumer,4,12760.3,0.0,11.0,No
ORD-102527,2024-09-30,East,Guwahati,R216,P1027,Retail,SMB,4,23433.5,0.0,6.0,No
ORD-103168,2024-04-20,North,Lucknow,R210,P1017,Retail,SMB,2,12242.18,0.0,7.0,No
ORD-101273,2024-04-05,West,Mumbai,R213,P1025,Partner,Consumer,2,17114.27,0.0,5.0,No
ORD-101333,2025-01-14,West,Ahmedabad,R205,P1014,Retail,Consumer,2,40431.42,0.1,6.0,Yes
ORD-104012,2024-10-13,North,Lucknow,R206,P1034,Online,Consumer,4,708.3,0.05,7.0,No
ORD-103676,2025-02-07,South,Bengaluru,R203,P1036,Retail,Consumer,1,464.67,0.0,11.0,No
ORD-102663,2024-11-03,East,Kolkata,R208,P1040,Online,Corporate,4,861.38,0.0,5.0,No
ORD-101098,2024-01-20,West,Ahmedabad,R209,P1029,Online,Corporate,3,15647.29,0.0,7.0,No
ORD-102216,2025-09-21,West,Surat,R205,P1017,Online,Corporate,3,12155.66,0.05,5.0,No
ORD-105585,2025-06-20,West,Mumbai,R201,P1002,Partner,Corporate,1,77732.48,0.0,3.0,No
ORD-100787,2025-10-17,North,Chandigarh,R218,P1002,Retail,Consumer,3,76606.12,0.05,4.0,No
ORD-103745,2025-12-15, South,Kochi,R219,P1008,Partner,Corporate,3,42132.18,0.15,11.0,No
ORD-104058,2024-09-10,East,Kolkata,R200,P1032,Retail,Corporate,4,854.2,0.1,7.0,No
ORD-101558,2024-10-29,South,Chennai,R203,P1049,Partner,Consumer,5,14885.06,0.0,1.0,No
ORD-102990,2024-12-01,West,Ahmedabad,R205,P1002,Partner,Corporate,7,77515.34,0.0,4.0,Yes
ORD-101147,2025-02-10,South,Kochi,R215,P1025,Retail,SMB,2,16613.52,0.0,2.0,No
ORD-101432,2025-03-08,North,Jaipur,R210,P1042,Partner,Consumer,3,840.47,0.0,4.0,No
ORD-100748,2024-08-12,East,Kolkata,R208,P1055,Partner,Consumer,1,13510.45,0.0,8.0,No
ORD-102030,2025-09-06,West,Surat,R201,P1014,Partner,SMB,2,39240.85,0.0,6.0,No
ORD-104142,2024-06-15,North,Chandigarh,R214,P1012,Online,Consumer,2,90681.06,0.0,9.0,No
ORD-104447,2025-05-15,West,Mumbai,R217,P1017,Online,Consumer,4,12721.92,0.0,10.0,No
ORD-100910,2025-11-03,East,Bhubaneswar,R208,P1049,Online,SMB,5,15122.21,0.05,10.0,No
ORD-102520,2025-11-17,North,Lucknow,R202,P1054,Online,Consumer,7,18823.53,0.0,9.0,No
ORD-100304,2025-03-09,South,Kochi,R211,P1015,Partner,Corporate,2,33379.5,0.05,6.0,No
ORD-102246,2024-06-03,South,Hyderabad,R203,P1001,Online,SMB,6,65887.14,0.0,3.0,No
ORD-105152,2025-04-18,West,Surat,R213,P1053,Retail,SMB,1,32049.73,0.0,7.0,No
ORD-102707,2025-02-01,East,Guwahati,R204,P1033,Retail,Consumer,2,838.33,0.05,11.0,No
ORD-104093,2025-07-12,West,Pune,R217,P1005,Retail,Corporate,2,29231.9,0.0,1.0,No
ORD-104587,2025-04-27,South,Chennai,R203,P1005,Online,Corporate,3,29304.34,0.0,7.0,No
ORD-104429,2024-12-17,South,Kochi,R215,P1054,Partner,Consumer,5,18370.51,0.0,2.0,No
ORD-101919,2024-02-03,West,Pune,R201,P1009,Partner,Corporate,2,44737.91,0.05,6.0,No
ORD-104934,2024-07-15,South,Chennai,R215,P1016,Partner,Corporate,5,24313.76,0.0,3.0,No
ORD-102112,2024-04-08,West,Surat,R209,P1049,Retail,Corporate,2,14977.85,0.0,10.0,No
ORD-104928,2024-02-12,East,Bhubaneswar,R200,P1029,Online,SMB,3,15738.06,0.0,7.0,No
ORD-100107,2025-07-02,North,Lucknow,R218,P1048,Retail,Consumer,2,17379.42,0.0,3.0,No
ORD-105736,2025-11-24,South,Kochi,R203,P1004,Partner,Consumer,3,73088.37,0.05,4.0,No
ORD-102423,2024-10-24,North,Delhi,R218,P1018,Partner,Consumer,2,13533.53,0.0,9.0,No
ORD-100120,2024-09-03,West,Pune,R201,P1002,Retail,Consumer,3,78573.24,0.1,8.0,No
ORD-100364,2024-11-23,East,Kolkata,R200,P1008,Retail,Consumer,5,41621.51,0.15,11.0,No
ORD-104354,2024-05-01,South,Kochi,R219,P1053,Partner,Consumer,4,31966.91,0.1,8.0,No
ORD-103657,2025-01-30,East,Guwahati,R200,P1040,Online,Consumer,5,845.09,0.0,2.0,No
ORD-102621,2025-05-14,West,Surat,R217,P1053,Retail,SMB,1,31756.83,0.0,10.0,No
ORD-100872,2024-06-08,East,Guwahati,R200,P1045,Partner,SMB,4,460.64,0.0,7.0,No
ORD-100898,2025-08-12,East,Kolkata,R212,P1014,Partner,Consumer,3,39512.81,0.2,7.0,No
ORD-104665,2025-02-26,North,Chandigarh,R214,P1015,Online,SMB,4,33498.81,0.0,9.0,No
ORD-104552,2025-11-15,North,Chandigarh,R214,P1007,Partner,Corporate,8,67703.78,0.0,6.0,No
ORD-104276,2025-10-29,North,Jaipur,R218,P1006,Online,SMB,6,52415.9,0.0,2.0,No
ORD-104406,2025-03-21,North,Delhi,R214,P1034,Partner,SMB,1,713.41,0.1,9.0,No
ORD-103383,2025-08-13,East,Bhubaneswar,R208,P1052,Online,SMB,2,19175.42,0.1,9.0,Yes
ORD-103590,2024-02-05,North,Jaipur,R214,P1053,Partner,Corporate,4,31735.87,0.2,7.0,No
ORD-104312,2025-05-01, East,Patna,R208,P1048,Online,Consumer,3,17855.02,0.15,10.0,No
ORD-103359,2024-03-10,West,Mumbai,R213,P1048,Retail,Consumer,1,17865.34,0.0,6.0,No
ORD-102634,2025-03-31,West,Pune,R205,P1032,Partner,Corporate,4,882.52,0.0,8.0,No
ORD-105291,2024-11-22,North,Chandigarh,R210,P1055,Partner,SMB,4,13408.24,0.0,7.0,Yes
ORD-103392,2025-09-17,South,Chennai,R219,P1039,Retail,Corporate,4,592.86,0.0,4.0,No
ORD-102226,2025-07-17,West,Surat,R217,P1016,Retail,Consumer,5,25248.12,0.0,2.0,No
ORD-102274,2024-04-15,East,Kolkata,R204,P1026,Partner,Corporate,3,8769.57,0.2,2.0,No
ORD-101524,2024-02-11,South,Chennai,R215,P1055,Partner,Consumer,3,13782.22,0.0,2.0,No
ORD-102379,2025-11-06,West,Surat,R205,P1013,Partner,SMB,4,59413.57,0.15,11.0,No
ORD-105892,2024-08-09,South,Chennai,R203,P1022,Online,Corporate,3,18520.01,0.0,5.0,No
ORD-101960,2024-08-29,South,Kochi,R219,P1015,Partner,Corporate,4,32976.09,0.0,3.0,No
ORD-102027,2025-08-03,West,Pune,R213,P1037,Retail,SMB,4,884.17,0.0,9.0,No
ORD-104229,2024-04-10,North,Chandigarh,R218,P1011,Partner,SMB,2,62506.21,0.0,11.0,No
ORD-104758,2024-09-11,East,Guwahati,R200,P1031,Partner,Corporate,3,870.04,0.05,11.0,No
ORD-104160,2024-07-18,West,Surat,R209,P1045,Partner,Consumer,2,436.52,0.05,10.0,No
ORD-102619,2025-12-10,West,Mumbai,R217,P1014,Partner,Consumer,4,40281.32,0.0,11.0,No
ORD-105997,2025-05-01,South,Hyderabad,R211,P1024,Partner,SMB,4,13057.21,0.15,4.0,No
ORD-103408,2024-06-07,East,Patna,R212,P1021,Partner,SMB,3,17065.29,0.0,3.0,No
ORD-100055,2024-10-31,South,Kochi,R219,P1036,Online,Consumer,6,480.07,0.0,11.0,No
ORD-103491,2024-11-11,North,Delhi,R206,P1009,Partner,Corporate,3,45449.9,0.0,8.0,No
ORD-105333,2025-08-15,West,Surat,R213,P1011,Retail,SMB,5,61892.66,0.0,11.0,Yes
ORD-102852,2024-10-17,East,Kolkata,R208,P1016,Retail,Consumer,3,24302.58,0.15,9.0,No
ORD-103976,2024-08-10,North,Chandigarh,R206,P1023,Online,SMB,2,24704.6,0.15,6.0,No
ORD-101727,2025-10-12,East,Bhubaneswar,R204,P1005,Retail,SMB,4,29039.08,0.0,5.0,No
ORD-101325,2025-08-12,West,Mumbai,R213,P1019,Partner,SMB,1,9118.71,0.0,1.0,No
ORD-105900,2025-10-16,West,Pune,R217,P1015,Partner,Consumer,6,33976.02,0.1,5.0,No
ORD-102451,2025-08-27,West,Surat,R217,P1037,Partner,Consumer,2,914.25,0.0,2.0,Yes
ORD-102018,2024-01-23,South,Chennai,R219,P1014,Partner,SMB,3,40163.25,0.15,4.0,No
ORD-100482,2025-02-13,East,Kolkata,R216,P1002,Online,SMB,5,77938.47,0.1,6.0,No
ORD-102784,2025-11-13,South,Hyderabad,R215,P1018,Online,SMB,5,13983.72,0.05,5.0,No
ORD-102578,2024-04-05,North,Lucknow,R202,P1011,Online,Corporate,1,62609.85,0.05,9.0,No
ORD-105824,2025-08-09,South,Chennai,R211,P1030,Online,Corporate,1,8159.54,0.2,10.0,No
ORD-104242,2025-09-24,North,Lucknow,R214,P1033,Online,SMB,5,871.15,0.0,1.0,No
ORD-101810,2025-11-20,West,Mumbai,R217,P1029,Retail,Consumer,4,16091.33,0.0,3.0,No
ORD-104369,2025-03-30,East,Guwahati,R204,P1040,Online,SMB,5,885.52,0.0,5.0,No
ORD-100671,2025-12-18,East,Bhubaneswar,R200,P1040,Retail,SMB,6,843.89,0.0,4.0,No
ORD-103014,2024-10-23,East,Bhubaneswar,R212,P1041,Retail,SMB,4,848.27,0.0,6.0,No
ORD-103862,2025-04-25,South,Bengaluru,R219,P1016,Partner,Corporate,2,24875.15,0.0,2.0,Yes
ORD-105332,2024-07-17,South,Hyderabad,R219,P1016,Partner,SMB,2,25368.24,0.1,4.0,No
ORD-100187,2024-11-26,West,Surat,R209,P1004,Online,SMB,3,71461.92,0.15,4.0,No
ORD-102652,2025-12-15,South,Bengaluru,R203,P1044,Online,Corporate,4,873.67,0.15,9.0,Yes
ORD-104092,2025-08-12,East,Bhubaneswar,R216,P1055,Online,SMB,4,13567.48,0.15,2.0,No
ORD-101477,2024-04-11,South,Kochi,R211,P1031,Online,SMB,2,829.25,0.0,3.0,No
ORD-102313,2024-08-17,South,Kochi,R219,P1018,Partner,Corporate,3,13820.86,0.2,5.0,No
ORD-101802,2025-03-27,West,Pune,R209,P1028,Online,SMB,3,22213.12,0.0,3.0,No
ORD-103242,2024-05-30,West,Ahmedabad,R209,P1050,Online,SMB,3,14399.43,0.0,5.0,No
ORD-101512,2024-07-07,North,Lucknow,R218,P1052,Partner,Consumer,3,19451.8,0.1,7.0,Yes
ORD-102963,2025-08-31,North,Chandigarh,R202,P1018,Retail,Corporate,1,13638.0,0.0,2.0,Yes
ORD-102687,2025-08-31,North,Delhi,R214,P1015,Retail,Consumer,6,32464.51,0.05,4.0,No
ORD-104417,2025-11-04,East,Bhubaneswar,R212,P1051,Retail,SMB,7,34468.55,0.0,6.0,No
ORD-103192,2024-10-02,West,Ahmedabad,R205,P1047,Online,Consumer,4,19957.07,0.05,7.0,No
ORD-100236,2024-02-02,South,Hyderabad,R207,P1052,Partner,SMB,3,19471.13,0.1,6.0,No
ORD-102886,2024-10-09,North,Delhi,R202,P1016,Partner,Consumer,5,25077.85,0.0,2.0,Yes
ORD-103730,2025-09-25,South,Chennai,R207,P1026,Online,Consumer,5,8388.87,0.0,3.0,No
ORD-104805,2024-12-05,East,Bhubaneswar,R208,P1038,Online,Corporate,3,324.13,0.05,8.0,No
ORD-103612,2025-11-01,South,Hyderabad,R219,P1040,Online,SMB,3,867.89,0.0,8.0,No
ORD-104508,2025-04-10,South,Bengaluru,R203,P1044,Retail,SMB,2,888.3,0.15,11.0,Yes
ORD-104514,2024-11-02,North,Lucknow,R202,P1030,Retail,SMB,5,8081.95,0.0,3.0,No
ORD-103407,2024-10-03,North,Lucknow,R202,P1044,Retail,Corporate,10,878.89,0.15,10.0,No
ORD-103660,2024-11-25,West,Pune,R217,P1013,Online,Consumer,8,57118.98,0.05,8.0,No
ORD-101444,2025-04-30,East,Kolkata,R216,P1010,Partner,SMB,3,73219.68,0.0,5.0,No
ORD-101928,2024-03-01,East,Bhubaneswar,R216,P1031,Retail,SMB,3,848.61,0.0,5.0,No
ORD-103884,2025-08-05,East,Kolkata,R208,P1050,Retail,Consumer,2,14698.57,0.0,9.0,No
ORD-105467,2024-04-26,North,Chandigarh,R202,P1006,Partner,Corporate,5,51737.88,0.0,3.0,No
ORD-103201,2025-01-01,West,Ahmedabad,R205,P1029,Retail,Consumer,1,16176.64,0.2,10.0,Yes
ORD-105321,2024-06-04,East,Patna,R208,P1007,Retail,SMB,2,65917.13,0.0,10.0,No
ORD-102680,2025-10-24,East,Patna,R208,P1048,Partner,SMB,4,17902.91,0.0,9.0,No
ORD-100418,2025-03-08,West,Mumbai,R205,P1017,Retail,SMB,1,12676.78,0.0,1.0,No
ORD-101702,2024-12-07,South,Bengaluru,R211,P1052,Online,Corporate,8,18738.38,0.05,8.0,No
ORD-105632,2025-07-15,East,Patna,R216,P1035,Online,SMB,2,328.2,0.0,7.0,No
ORD-102490,2025-10-04,South,Hyderabad,R207,P1053,Partner,SMB,4,31771.71,0.0,2.0,No
ORD-103908,2025-04-17,West,Surat,R213,P1011,Retail,Consumer,2,62039.28,0.0,4.0,No
ORD-104999,2024-10-02,North,Lucknow,R206,P1019,Retail,Consumer,8,9125.85,0.15,11.0,No
ORD-105427,2025-05-03,East,Patna,R216,P1019,Retail,SMB,1,9378.91,0.2,2.0,No
ORD-105223,2024-10-25,East,Kolkata,R208,P1011,Partner,Consumer,6,60254.63,0.0,1.0,No
ORD-102389,2024-06-07,East,Guwahati,R216,P1029,Partner,SMB,2,16216.4,0.0,7.0,No
ORD-100437,2024-07-21,South,Hyderabad,R211,P1018,Online,Consumer,3,13479.07,0.0,7.0,No
ORD-104854,2025-01-01,South,Kochi,R215,P1003,Partner,SMB,3,32534.99,0.0,11.0,No
ORD-101436,2024-08-05,East,Kolkata,R204,P1049,Partner,Consumer,2,14865.52,0.1,11.0,No
ORD-103737,2024-12-15,North,Lucknow,R210,P1014,Online,SMB,8,38897.15,0.0,8.0,No
ORD-105829,2024-07-14,West,Mumbai,R209,P1020,Online,Consumer,3,11794.27,0.15,2.0,No
ORD-102839,2025-11-24,East,Bhubaneswar,R212,P1028,Retail,Consumer,3,22397.03,0.15,2.0,No
ORD-100534,2024-12-31,East,Kolkata,R216,P1005,Partner,SMB,4,29485.95,0.05,5.0,No
ORD-100821,2024-04-11,East,Bhubaneswar,R216,P1020,Partner,Corporate,1,12364.19,0.2,1.0,No
ORD-101848,2025-06-08,West,Surat,R205,P1009,Online,SMB,3,43381.18,0.0,5.0,Yes
ORD-101571,2024-03-18,West,Pune,R205,P1040,Partner,Consumer,1,855.18,0.1,1.0,No
ORD-105050,2024-04-11,West,Surat,R201,P1035,Partner,Corporate,3,335.98,0.15,5.0,No
ORD-103618,2025-04-22,East,Bhubaneswar,R216,P1004,Retail,SMB,2,75315.04,0.1,5.0,No
ORD-101417,2025-04-03,East,Kolkata,R212,P1026,Partner,Consumer,3,8411.46,0.0,6.0,Yes
ORD-101563,2025-12-07,North,Lucknow,R210,P1046,Online,Consumer,5,14542.85,0.05,5.0,No
ORD-100175,2024-06-01,West,Surat,R217,P1003,Partner,Consumer,3,33323.96,0.0,3.0,No
ORD-102971,2025-08-20,West,Ahmedabad,R209,P1048,Online,Corporate,3,17960.91,0.0,3.0,No
ORD-101995,2025-02-11,North,Chandigarh,R214,P1044,Partner,Consumer,3,909.61,0.0,6.0,No
ORD-105038,2025-04-01,North,Jaipur,R210,P1027,Online,Corporate,2,22632.65,0.2,1.0,No
ORD-104228,2025-10-30,West,Ahmedabad,R217,P1012,Partner,SMB,5,89876.15,0.05,6.0,No
ORD-105461,2024-01-26,North,Delhi,R214,P1027,Online,Consumer,2,22381.5,0.0,8.0,No
ORD-101542,2025-11-28,South,Chennai,R215,P1018,Online,SMB,3,13952.2,0.0,4.0,No
ORD-104906,2024-06-20,East,Bhubaneswar,R200,P1033,Retail,Corporate,2,855.81,0.05,4.0,No
ORD-101433,2025-10-16,North,Jaipur,R210,P1021,Online,Corporate,9,17316.99,0.05,2.0,No
ORD-103997,2024-05-02,South,Bengaluru,R215,P1012,Partner,SMB,3,89128.11,0.15,11.0,No
ORD-103679,2024-05-09,North,Delhi,R206,P1031,Retail,SMB,3,862.84,0.1,2.0,Yes
ORD-101646,2024-04-20,North,Delhi,R206,P1004,Partner,SMB,5,75363.56,0.0,9.0,No
ORD-100630,2025-03-27,East,Guwahati,R208,P1009,Online,Corporate,2,44611.41,0.0,7.0,No
ORD-100909,2024-12-31,South,Bengaluru,R207,P1037,Partner,Consumer,5,883.16,0.2,11.0,No
ORD-103371,2024-10-18,South,Chennai,R207,P1037,Retail,Corporate,9,889.65,0.0,9.0,No
ORD-101925,2025-03-19,South,Kochi,R207,P1007,Online,SMB,5,67604.75,0.1,8.0,No
ORD-105506,2025-03-01,East,Bhubaneswar,R212,P1037,Online,SMB,1,916.95,0.0,9.0,No
ORD-104172,2025-12-28,West,Ahmedabad,R213,P1013,Online,Corporate,5,57796.39,0.1,5.0,No
ORD-104986,2024-02-28,West,Surat,R205,P1031,Retail,Consumer,-3,874.17,0.0,11.0,No
ORD-105820,2025-06-04,North,Delhi,R210,P1042,Retail,SMB,4,863.98,0.0,11.0,No
ORD-105086,2025-02-19,West,Mumbai,R213,P1039,Partner,Consumer,5,593.23,0.0,4.0,No
ORD-105265,2024-03-17,West,Mumbai,R217,P1023,Partner,Corporate,3,25676.32,0.05,7.0,No
ORD-102640,2025-12-10,West,Mumbai,R209,P1054,Online,Consumer,-2,18313.69,0.0,7.0,No
ORD-102978,2025-12-20,West,Ahmedabad,R217,P1028,Retail,Corporate,7,22774.38,0.1,2.0,No
ORD-100619,2025-11-04,East,Kolkata,R200,P1001,Retail,Corporate,9,63159.89,0.05,11.0,No
ORD-104358,2025-11-24,East,Bhubaneswar,R200,P1033,Online,Corporate,6,858.26,0.0,,No
ORD-104803,2025-08-22,West,Pune,R217,P1005,Partner,Corporate,3,28652.82,0.1,2.0,No
ORD-100216,2025-06-11,North,Jaipur,R210,P1026,Online,Corporate,4,8437.01,0.0,6.0,No
ORD-102327,2025-06-14,West,Mumbai,R213,P1020,Online,SMB,1,12032.32,0.0,6.0,No
ORD-105180,2025-08-05,North,Delhi,R218,P1049,Retail,Corporate,2,15319.62,0.0,1.0,No
ORD-104184,2025-09-10,East,Kolkata,R208,P1020,Retail,Corporate,5,11933.37,0.1,10.0,No
ORD-102740,2024-03-02,South,Bengaluru,R215,P1011,Retail,SMB,2,62156.57,0.05,7.0,Yes
ORD-105197,2025-01-25,West,Pune,R213,P1005,Retail,Consumer,1,29180.16,0.1,2.0,No
ORD-105693,2024-07-16,North,Delhi,R202,P1039,Online,Consumer,1,593.63,0.0,3.0,Yes
ORD-104672,2025-10-07,West,Pune,R205,P1052,Retail,SMB,3,18627.38,0.0,1.0,No
ORD-102132,2024-12-12,North,Jaipur,R218,P1052,Partner,Consumer,2,19200.84,0.0,10.0,No
ORD-103084,2024-09-16,North,Jaipur,R218,P1023,Partner,SMB,4,25862.2,0.0,7.0,No
ORD-102441,2024-08-26,East,Kolkata,R212,P1033,Retail,Corporate,4,871.27,0.0,11.0,No
ORD-100460,2025-06-24,West,Ahmedabad,R209,P1054,Online,SMB,2,18886.84,0.0,8.0,No
ORD-105683,2025-02-19,South,Hyderabad,R219,P1021,Partner,Corporate,2,16796.71,0.05,6.0,No
ORD-102007,2025-12-04,West,Pune,R217,P1051,Retail,Consumer,8,34847.7,0.15,4.0,No
ORD-103953,2025-01-22,West,Surat,R213,P1038,Retail,Consumer,5,320.53,0.05,7.0,Yes
ORD-100267,2025-05-19,East,Bhubaneswar,R204,P1044,Online,Consumer,4,883.24,0.0,9.0,No
ORD-105245,2024-04-29,North,Delhi,R218,P1009,Partner,Corporate,4,43470.6,0.0,7.0,No
ORD-101521,2025-08-23,North,Jaipur,R206,P1039,Retail,Consumer,3,609.06,0.0,1.0,No
ORD-103777,2024-10-23,North,Jaipur,R202,P1015,Online,SMB,3,33334.8,0.0,5.0,No
ORD-100817,2025-08-09,West,Surat,R205,P1040,Online,SMB,4,873.15,0.1,2.0,No
ORD-104128,2025-12-09,East,Bhubaneswar,R204,P1048,Online,Corporate,5,17513.31,0.0,5.0,No
ORD-102541,2025-10-30,South,Kochi,R211,P1049,Online,SMB,6,15472.66,0.2,7.0,No
ORD-104314,2025-08-26,South,Kochi,R219,P1026,Partner,SMB,3,8647.6,0.0,3.0,No
ORD-103662,2024-10-08,East,Guwahati,R204,P1007,Retail,SMB,4,66221.91,0.0,6.0,No
ORD-104226,2025-01-28,North,Delhi,R206,P1050,Retail,Corporate,3,14486.03,0.05,5.0,No
ORD-105041,2025-08-09,West,Mumbai,R209,P1019,Retail,SMB,2,9530.13,0.0,3.0,No
ORD-101291,2024-08-14,South,Hyderabad,R215,P1037,Online,Consumer,3,884.49,0.0,7.0,No
ORD-100001,2024-08-18,North,Lucknow,R206,P1031,Online,Consumer,3,865.88,0.05,2.0,No
ORD-103203,2025-03-13,North,Jaipur,R206,P1035,Partner,SMB,1,330.32,0.2,7.0,No
ORD-101752,2024-08-12,West,Surat,R213,P1025,Retail,SMB,3,16731.81,0.1,5.0,No
ORD-104537,2024-11-20,East,Kolkata,R208,P1021,Online,SMB,5,17517.51,0.2,6.0,No
ORD-102878,2024-09-28,North,Lucknow,R218,P1017,Online,Consumer,1,12037.11,0.15,,No
ORD-104018,2025-09-09,South,Chennai,R207,P1015,Retail,Corporate,7,33412.31,0.0,2.0,No
ORD-101103,2025-12-01,East,Guwahati,R204,P1004,Online,SMB,7,71667.28,0.05,3.0,No
ORD-100561,2025-11-12,East,Bhubaneswar,R212,P1055,Online,Consumer,8,13556.88,0.2,6.0,No
ORD-104957,2025-10-08,North,Jaipur,R210,P1047,Retail,Consumer,8,19328.94,0.1,11.0,No
ORD-105107,2024-09-09,North,Lucknow,R202,P1017,Retail,Corporate,4,12262.14,0.0,11.0,No
ORD-100880,2025-05-22,North,Lucknow,R218,P1036,Retail,Corporate,2,468.47,0.1,11.0,No
ORD-101787,2024-02-18,West,Mumbai,R213,P1040,Partner,Corporate,3,878.58,0.0,9.0,No
ORD-101008,2024-01-11,North,Jaipur,R218,P1033,Partner,Consumer,3,868.54,0.0,2.0,No
ORD-105737,2025-05-05,North,Delhi,R202,P1014,Online,Consumer,4,39121.63,0.0,9.0,No
ORD-105630,2025-03-10,West,Surat,R213,P1014,Partner,SMB,3,40006.7,0.0,7.0,No
ORD-101426,2025-06-06,West,Surat,R217,P1029,Partner,SMB,4,16273.0,0.15,8.0,No
ORD-101120,2024-09-14,West,Mumbai,R205,P1014,Online,Corporate,3,38848.47,0.2,7.0,No
ORD-102166,2024-07-28,North,Delhi,R214,P1006,Retail,SMB,3,52067.76,0.0,6.0,No
ORD-102708,2025-01-17,West,Ahmedabad,R201,P1047,Online,SMB,3,19414.6,0.0,6.0,No
ORD-101195,2025-01-31,East,Patna,R204,P1026,Retail,Corporate,5,8423.46,0.0,8.0,No
ORD-102534,2025-02-22,South,Chennai,R219,P1009,Partner,SMB,1,44732.69,0.0,3.0,No
ORD-103739,2025-11-27,East,Patna,R208,P1028,Online,SMB,4,21781.13,0.0,5.0,No
ORD-104471,2025-01-12,West,Ahmedabad,R209,P1001,Partner,Corporate,1,65333.26,0.15,9.0,No
ORD-101330,2025-08-26,East,Patna,R212,P1017,Retail,Corporate,3,12282.63,0.0,3.0,No
ORD-104779,2025-10-06,East,Kolkata,R208,P1004,Partner,Consumer,6,73673.02,0.2,10.0,No
ORD-104655,2025-10-06,East,Patna,R200,P1033,Online,SMB,1,872.92,0.2,10.0,No
ORD-105292,2024-09-10,South,Chennai,R203,P1041,Retail,Corporate,5,811.32,0.1,3.0,No
ORD-105635,2024-08-16,South,Kochi,R215,P1034,Partner,Consumer,3,722.76,0.0,9.0,No
ORD-101420,2024-04-15,East,Kolkata,R212,P1035,Partner,SMB,4,335.66,0.05,3.0,No
ORD-102623,2025-04-29,East,Kolkata,R212,P1022,Online,Corporate,1,18505.88,0.15,3.0,No
ORD-102179,2024-10-26,East,Bhubaneswar,R200,P1029,Online,SMB,7,15908.34,0.0,3.0,No
ORD-105903,2025-06-21,West,Pune,R209,P1048,Online,Corporate,4,17947.45,0.0,5.0,No
ORD-103381,2024-08-24,South,Chennai,R219,P1046,Online,Consumer,3,14589.25,0.0,5.0,No
ORD-101721,2024-11-05,NORTH,Lucknow,R218,P1014,Partner,Corporate,8,39558.1,0.0,2.0,No
ORD-101231,2025-11-25,East,Bhubaneswar,R208,P1013,Online,Corporate,2,56882.77,0.0,7.0,No
ORD-102206,2024-10-23,North,Delhi,R202,P1037,Retail,SMB,1,926.57,0.2,7.0,No
ORD-100396,2024-11-21,East,Patna,R204,P1054,Partner,SMB,6,18129.97,0.1,11.0,No
ORD-105666,2024-08-31,West,Surat,R205,P1017,Partner,SMB,2,12398.35,0.0,2.0,Yes
ORD-102545,2025-08-30,East,Guwahati,R200,P1053,Partner,Consumer,4,30872.33,0.0,3.0,No
ORD-105352,2025-11-27,North,Jaipur,R206,P1040,Retail,SMB,4,847.76,0.0,3.0,No
ORD-103257,2024-09-19,South,Kochi,R211,P1038,Online,Corporate,6,332.38,0.0,5.0,No
ORD-101535,2024-05-02,West,Pune,R213,P1050,Partner,SMB,2,14437.4,0.0,4.0,No
ORD-104189,2024-05-14,North,Chandigarh,R206,P1001,Partner,Corporate,4,66674.76,0.0,5.0,No
ORD-103879,2024-11-27,North,Chandigarh,R206,P1016,Online,SMB,5,24864.1,0.05,4.0,No
ORD-101959,2025-06-22,South,Hyderabad,R207,P1044,Retail,Corporate,3,894.04,0.0,11.0,No
ORD-100613,2025-06-21,West,Ahmedabad,R205,P1015,Partner,Corporate,3,33794.44,0.05,8.0,No
ORD-100290,2024-02-07,South,Bengaluru,R215,P1037,Online,Consumer,5,886.22,0.0,4.0,No
ORD-103593,2025-06-16,East,Kolkata,R200,P1039,Partner,Consumer,1,609.76,0.1,,No
ORD-103631,2024-10-17,SOUTH,Bengaluru,R219,P1001,Partner,Corporate,3,65915.86,0.0,2.0,No
ORD-100990,2025-12-06,East,Patna,R212,P1024,Online,SMB,4,13096.13,0.05,3.0,No
ORD-102360,2025-06-11,West,Ahmedabad,R217,P1002,Retail,Consumer,4,77516.67,0.15,3.0,No
ORD-105942,2025-09-14,South,Bengaluru,R219,P1029,Partner,SMB,5,16331.59,0.15,5.0,No
ORD-104892,2025-06-06,South,Hyderabad,R207,P1019,Retail,SMB,1,9405.16,0.0,9.0,No
ORD-102610,2025-08-06,South,Chennai,R215,P1013,Partner,Consumer,5,58638.04,0.1,2.0,No
ORD-100650,2025-03-07,West,Ahmedabad,R213,P1047,Online,Consumer,2,19710.94,0.0,1.0,No
ORD-101559,2024-01-29,South,Hyderabad,R219,P1033,Retail,Consumer,1,856.54,0.0,6.0,No
ORD-100487,2024-05-28,North,Delhi,R214,P1001,Online,Consumer,4,65903.25,0.0,2.0,No
ORD-104732,2025-03-13,North,Chandigarh,R202,P1002,Partner,Corporate,3,78111.47,0.05,8.0,No
ORD-101772,2025-08-09,WEST,Ahmedabad,R217,P1045,Online,SMB,4,438.03,0.15,2.0,No
ORD-101678,2025-02-25,West,Surat,R201,P1044,Retail,SMB,2,907.72,0.0,5.0,No
ORD-100345,2024-02-20,North,Jaipur,R210,P1054,Partner,Consumer,5,18305.57,0.05,9.0,No
ORD-101313,2025-06-19,East,Guwahati,R204,P1010,Retail,Consumer,1,71351.84,0.2,5.0,No
ORD-102501,2025-09-06,East,Kolkata,R200,P1055,Online,Consumer,3,13645.17,0.0,3.0,No
ORD-103804,2024-02-28,North,Jaipur,R210,P1022,Online,Corporate,4,18089.98,0.0,4.0,No
ORD-100852,2025-05-25,North,Lucknow,R202,P1016,Partner,SMB,4,25465.97,0.0,6.0,No
ORD-103643,2024-01-01,North,Delhi,R210,P1025,Retail,SMB,2,16454.93,0.0,11.0,No
ORD-100092,2025-08-19,East,Kolkata,R208,P1006,Online,Corporate,3,49897.33,0.0,10.0,No
ORD-103837,2024-04-14, West,Mumbai,R213,P1039,Retail,Consumer,2,582.94,0.0,7.0,No
ORD-104090,2025-12-17,North,Jaipur,R206,P1006,Partner,Consumer,5,51338.08,0.1,9.0,No
ORD-104030,2024-02-26,South,Bengaluru,R215,P1024,Partner,Corporate,1,13344.82,0.0,6.0,No
ORD-100794,2024-07-31,North,Lucknow,R210,P1031,Online,Corporate,5,857.02,0.15,7.0,No
ORD-105712,2025-05-28,West,Mumbai,R217,P1014,Retail,Corporate,4,38698.78,0.0,7.0,No
ORD-104377,2025-05-24,West,Pune,R201,P1043,Retail,Consumer,3,278.23,0.0,5.0,No
ORD-104948,2024-03-28,East,Guwahati,R204,P1055,Retail,Consumer,1,13671.72,0.1,3.0,No
ORD-105559,2024-10-24,North,Lucknow,R202,P1039,Retail,Consumer,4,576.0,0.0,5.0,No
ORD-104396,2024-06-12,North,Chandigarh,R214,P1045,Online,SMB,3,446.78,0.1,,No
ORD-102305,2024-08-27,South,Hyderabad,R203,P1054,Online,SMB,5,18904.63,0.0,3.0,No
ORD-100702,2025-04-22,West,Surat,R205,P1053,Online,Corporate,2,30501.0,0.0,3.0,No
ORD-101774,2024-10-08,South,Chennai,R203,P1054,Retail,SMB,4,18452.01,0.05,2.0,No
ORD-103378,2025-06-12,East,Patna,R208,P1021,Online,Corporate,3,17332.87,0.0,4.0,No
ORD-104286,2025-04-26,West,Surat,R201,P1053,Partner,Corporate,2,31350.07,0.1,1.0,No
ORD-105485,2025-09-18,West,Ahmedabad,R217,P1006,Partner,Corporate,6,51159.73,0.0,7.0,No
ORD-103641,2024-07-21,North,Delhi,R202,P1048,Partner,SMB,2,17506.51,0.0,6.0,Yes
ORD-103761,2024-11-10,East,Patna,R204,P1029,Online,Corporate,4,16244.15,0.1,1.0,Yes
ORD-104843,2025-03-13,North,Lucknow,R206,P1053,Retail,SMB,5,31908.06,0.1,9.0,No
ORD-103256,2025-08-28,East,Bhubaneswar,R204,P1036,Retail,SMB,2,477.09,0.0,1.0,No
ORD-101525,2025-12-17,West,Mumbai,R205,P1013,Retail,SMB,4,57467.65,0.0,11.0,No
ORD-102901,2024-07-13,North,Chandigarh,R214,P1006,Retail,SMB,5,50484.02,0.0,4.0,No
ORD-104811,2024-01-05,East,Patna,R212,P1014,Partner,SMB,2,40049.38,0.0,1.0,No
ORD-104580,2024-12-06,North,Chandigarh,R218,P1047,Retail,Consumer,4,19904.08,0.15,6.0,No
ORD-105815,2024-05-01,South,Kochi,R203,P1044,Partner,Corporate,4,902.18,0.0,9.0,No
ORD-100430,2024-07-18,North,Jaipur,R210,P1010,Partner,Consumer,2,75189.92,0.05,1.0,No
ORD-100729,2024-06-20,East,Bhubaneswar,R212,P1024,Retail,SMB,4,13143.66,0.2,3.0,No
ORD-103243,2025-06-26,East,Bhubaneswar,R212,P1031,Retail,Consumer,1,846.83,0.0,6.0,No
ORD-102249,2024-09-10,East,Kolkata,R200,P1001,Retail,SMB,1,65051.16,0.1,3.0,No
ORD-102719,2025-07-19,South,Bengaluru,R211,P1021,Partner,Consumer,5,17111.06,0.05,8.0,No
ORD-102345,2025-10-03,South,Kochi,R211,P1038,Online,SMB,8,334.98,0.0,11.0,No
ORD-103964,2024-08-11,East,Kolkata,R204,P1028,Online,Corporate,1,22951.37,0.05,5.0,No
ORD-104086,2024-11-14,West,Surat,R205,P1008,Online,Consumer,4,42097.29,0.0,5.0,No
ORD-104819,2025-06-12,North,Jaipur,R218,P1045,Partner,Corporate,3,460.22,0.0,6.0,No
ORD-105735,2025-07-10,West,Surat,R209,P1018,Online,SMB,5,13503.21,0.0,6.0,No
ORD-101739,2024-03-20,West,Surat,R217,P1006,Retail,Consumer,3,52321.66,0.0,4.0,No
ORD-101128,2025-08-09,East,Kolkata,R204,P1034,Online,Corporate,2,691.21,0.0,1.0,No
ORD-103560,2025-02-26,South,Bengaluru,R203,P1029,Retail,SMB,2,15993.51,0.05,3.0,No
ORD-104798,2024-05-13,North,Jaipur,R202,P1006,Partner,Consumer,2,51395.11,0.15,9.0,No
ORD-103465,2025-08-19,West,Ahmedabad,R201,P1027,Retail,SMB,2,23345.58,0.0,10.0,No
ORD-102343,2025-11-06,West,Surat,R213,P1003,Online,SMB,7,32498.35,0.1,11.0,No
ORD-105010,2025-04-12,West,Mumbai,R217,P1005,Partner,Consumer,2,27998.32,0.0,1.0,No
ORD-103223,2024-09-15,West,Surat,R209,P1039,Partner,SMB,2,602.47,0.05,11.0,No
ORD-100632,2024-12-16,East,Patna,R204,P1034,Online,Consumer,1,712.57,0.2,5.0,No
ORD-100577,2024-06-15,East,Guwahati,R208,P1019,Retail,SMB,3,9189.17,0.0,5.0,No
ORD-103496,2025-09-22,North,Delhi,R206,P1055,Online,Consumer,5,13776.32,0.05,8.0,No
ORD-101080,2025-09-14,North,Jaipur,R202,P1010,Partner,Corporate,4,74974.49,0.0,6.0,No
ORD-104115,2025-11-21,South,Kochi,R211,P1054,Partner,Corporate,4,18372.0,0.0,8.0,No
ORD-104457,2025-08-30,South,Chennai,R207,P1029,Retail,SMB,2,15718.93,0.05,4.0,No
ORD-104236,2024-06-16,East,Patna,R212,P1041,Partner,Corporate,1,820.82,0.0,1.0,No
ORD-105788,2024-06-26,West,Ahmedabad,R209,P1004,Retail,SMB,1,75231.13,0.0,11.0,No
ORD-103925,2024-05-28,West,Pune,R209,P1024,Partner,Corporate,2,12917.44,0.05,1.0,No
ORD-105141,2024-08-18,South,Kochi,R215,P1032,Online,SMB,2,856.81,0.0,4.0,No
ORD-101855,2025-11-16,East,Patna,R212,P1053,Online,Corporate,6,32000.93,0.0,4.0,No
ORD-101917,2024-12-14,West,Ahmedabad,R205,P1042,Partner,SMB,3,834.44,0.0,11.0,Yes
ORD-102753,2024-03-24,South,Hyderabad,R219,P1017,Partner,Corporate,3,12542.04,0.1,2.0,No
ORD-103057,2024-12-12,West,Pune,R213,P1036,Retail,Consumer,7,470.8,0.0,6.0,No
ORD-100983,2025-02-21,West,Ahmedabad,R201,P1011,Online,Corporate,3,62486.74,0.0,1.0,No
ORD-102450,2024-01-23,East,Bhubaneswar,R216,P1054,Online,Corporate,3,18516.47,0.2,6.0,No
ORD-101675,2025-03-14,West,Ahmedabad,R213,P1039,Online,Consumer,5,601.42,0.0,8.0,No
ORD-100785,2024-06-09,South,Kochi,R211,P1012,Partner,SMB,3,90460.37,0.0,2.0,No
ORD-104951,2025-06-20,South,Hyderabad,R219,P1027,Partner,SMB,2,22982.73,0.0,10.0,No
ORD-101973,2025-05-19,South,Chennai,R207,P1044,Online,Corporate,1,879.8,0.15,2.0,No
ORD-100500,2025-11-28,North,Lucknow,R218,P1043,Retail,Consumer,1,277.34,0.0,6.0,No
ORD-102487,2024-12-23,South,Kochi,R219,P1018,Retail,SMB,3,13727.59,0.0,10.0,Yes
ORD-104474,2025-02-15,South,Bengaluru,R215,P1046,Retail,Corporate,3,14084.59,0.0,6.0,No
ORD-102117,2025-02-09,West,Pune,R201,P1017,Online,SMB,3,12585.67,0.05,6.0,No
ORD-104274,2025-09-16,West,Ahmedabad,R201,P1034,Online,Consumer,3,720.25,0.1,9.0,No
ORD-101361,2025-06-20,East,Kolkata,R212,P1013,Retail,Consumer,3,56613.17,0.0,5.0,Yes
ORD-100292,2025-08-31,South,Chennai,R211,P1028,Online,Corporate,4,22842.74,0.0,10.0,No
ORD-104006,2025-03-28,East,Guwahati,R208,P1010,Retail,Corporate,2,71531.85,0.0,5.0,No
ORD-103477,2024-02-10,South,Chennai,R207,P1038,Partner,SMB,1,320.23,0.05,6.0,No
ORD-101682,2024-04-10,East,Kolkata,R200,P1054,Online,Consumer,4,18106.82,0.0,8.0,No
ORD-100093,2025-01-17,South,Bengaluru,R207,P1033,Retail,Corporate,2,866.6,0.0,9.0,No
ORD-103051,2024-12-09,East,Patna,R212,P1012,Retail,SMB,6,91376.97,0.0,5.0,No
ORD-104524,2024-06-25,South,Bengaluru,R211,P1019,Partner,Consumer,2,9160.85,0.0,2.0,No
ORD-104357,2025-05-25,West,Ahmedabad,R205,P1031,Retail,SMB,4,864.23,0.0,4.0,No
ORD-103639,2025-10-13,East,Patna,R200,P1001,Retail,Corporate,2,66532.99,0.0,2.0,No
ORD-102078,2024-03-20,East,Bhubaneswar,R216,P1001,Partner,SMB,6,64622.73,0.2,7.0,No
ORD-100859,2024-09-16,East,Kolkata,R208,P1016,Retail,SMB,6,24475.94,0.1,5.0,Yes
ORD-103339,2025-05-29,West,Mumbai,R213,P1021,Online,Consumer,1,16909.69,0.0,10.0,No
ORD-100279,2024-09-19,North,Delhi,R206,P1047,Online,Corporate,2,19017.55,0.0,,No
ORD-105090,2025-09-27,South,Hyderabad,R207,P1015,Retail,SMB,4,33510.87,0.05,9.0,No
ORD-105810,2025-05-21,South,Kochi,R207,P1050,Retail,Consumer,4,15080.08,0.0,3.0,No
ORD-101939,2025-12-23,East,Patna,R212,P1051,Online,Corporate,6,35308.48,0.0,3.0,No
ORD-103725,2025-06-11,West,Mumbai,R209,P1018,Partner,Consumer,1,13689.8,0.0,8.0,No
ORD-105743,2025-06-13,South,Bengaluru,R203,P1001,Retail,Corporate,4,64762.4,0.05,1.0,No
ORD-101956,2024-11-13,East,Bhubaneswar,R204,P1026,Partner,Corporate,4,8640.95,0.0,11.0,No
ORD-103329,2024-02-03,South,Bengaluru,R215,P1016,Partner,SMB,1,24363.34,0.0,5.0,No
ORD-100861,2025-01-31,North,Chandigarh,R214,P1028,Retail,Consumer,1,22721.01,0.0,8.0,No
ORD-103779,2024-08-22,South,Bengaluru,R215,P1029,Online,Consumer,2,16280.99,0.2,11.0,No
ORD-100938,2024-06-13,North,Jaipur,R210,P1049,Retail,SMB,4,15119.69,0.0,7.0,No
ORD-105130,2025-04-18,North,Chandigarh,R206,P1042,Retail,Corporate,5,833.45,0.0,3.0,No
ORD-103835,2024-02-14,East,Patna,R208,P1005,Retail,Corporate,1,28067.64,0.15,11.0,No
ORD-100006,2024-07-23,East,Kolkata,R200,P1011,Partner,Consumer,4,60579.24,0.0,4.0,No
ORD-101063,2024-01-11,North,Delhi,R218,P1055,Online,Corporate,3,13862.32,0.1,9.0,No
ORD-102762,2024-09-10,East,Patna,R200,P1002,Partner,Consumer,6,78541.06,0.0,3.0,Yes
ORD-103568,2025-02-25,East,Kolkata,R216,P1025,Partner,Corporate,4,17033.89,0.2,1.0,Yes
ORD-104239,2024-10-20,West,Surat,R217,P1042,Online,Consumer,2,867.31,0.1,8.0,No
ORD-100224,2024-03-11,North,Delhi,R214,P1006,Online,Consumer,2,51741.8,0.05,9.0,No
ORD-101523,2024-04-06,South,Kochi,R207,P1046,Partner,Consumer,3,14232.86,0.0,2.0,No
ORD-100436,2024-11-13,West,Ahmedabad,R213,P1039,Online,SMB,2,587.01,0.05,1.0,No
ORD-105513,2024-01-13,East,Kolkata,R204,P1050,Retail,Corporate,3,14484.97,0.0,2.0,No
ORD-101043,2024-09-24,West,Pune,R205,P1046,Retail,Consumer,3,14566.65,0.1,11.0,No
ORD-101358,2024-05-25,EAST,Bhubaneswar,R216,P1023,Retail,SMB,2,25637.13,0.0,10.0,No
ORD-103933,2024-07-15,South,Chennai,R203,P1025,Online,SMB,3,17099.81,0.05,2.0,No
ORD-103231,2025-04-03,South,Hyderabad,R211,P1005,Online,SMB,3,28623.97,0.0,8.0,No
ORD-100602,2024-08-26,South,Hyderabad,R215,P1053,Online,SMB,3,31674.92,0.0,4.0,No
ORD-104675,2024-02-06,South,Kochi,R211,P1027,Online,SMB,3,22400.9,0.0,9.0,No
ORD-103060,2024-09-03,SOUTH,Chennai,R215,P1007,Online,SMB,5,66797.41,0.0,3.0,Yes
ORD-105673,2024-06-15,West,Pune,R205,P1037,Partner,Consumer,5,892.98,0.0,5.0,No
ORD-101338,2025-02-06,East,Patna,R200,P1037,Retail,Corporate,3,922.4,0.0,7.0,No
ORD-105122,2025-01-20,West,Mumbai,R217,P1055,Partner,Corporate,3,14187.45,0.0,6.0,No
ORD-103041,2024-02-06,South,Chennai,R207,P1025,Partner,Consumer,2,17053.3,0.0,3.0,No
ORD-101853,2025-12-24,North,Jaipur,R210,P1002,Online,Corporate,3,78112.84,0.0,3.0,No
ORD-104476,2025-04-14,South,Chennai,R203,P1046,Retail,SMB,1,14176.38,0.0,7.0,No
ORD-100768,2025-03-02,East,Bhubaneswar,R208,P1030,Online,Consumer,2,8034.33,0.1,7.0,No
ORD-101308,2025-04-08,North,Delhi,R218,P1053,Online,SMB,2,30665.05,0.0,,No
ORD-102079,2024-06-24,East,Guwahati,R216,P1028,Partner,Consumer,3,22983.77,0.15,5.0,No
ORD-104749,2024-04-15,East,Patna,R212,P1018,Retail,Corporate,4,13553.54,0.05,5.0,No
ORD-105049,2025-05-04,EAST,Patna,R204,P1036,Retail,Consumer,4,478.03,0.0,2.0,No
ORD-105075,2024-09-24,East,Kolkata,R204,P1051,Retail,Consumer,4,35276.8,0.05,3.0,No
ORD-102104,2024-07-07,North,Chandigarh,R210,P1044,Retail,Corporate,6,883.82,0.0,4.0,No
ORD-101931,2024-07-19,West,Surat,R217,P1035,Partner,Consumer,1,326.28,0.2,5.0,No
ORD-102864,2024-11-15,South,Hyderabad,R207,P1049,Partner,SMB,6,15669.89,0.2,3.0,No
ORD-103527,2024-02-15,South,Kochi,R207,P1012,Online,Consumer,3,92813.38,0.0,1.0,No
ORD-100464,2024-11-14,South,Hyderabad,R211,P1046,Online,SMB,5,14085.79,0.15,3.0,No
ORD-100568,2025-01-14,North,Jaipur,R206,P1012,Retail,SMB,2,89978.88,0.0,8.0,No
ORD-100725,2024-07-14,West,Surat,R201,P1053,Partner,Consumer,3,30837.79,0.0,6.0,No
ORD-103484,2024-02-15,South,Bengaluru,R211,P1032,Online,Corporate,3,864.35,0.05,1.0,No
ORD-101818,2025-08-24,South,Chennai,R219,P1053,Partner,SMB,3,31027.2,0.0,4.0,No
ORD-101526,2025-03-23,South,Hyderabad,R215,P1006,Partner,Corporate,4,50553.16,0.0,1.0,No
ORD-103661,2024-07-19,South,Hyderabad,R203,P1009,Online,Consumer,3,43270.15,0.0,8.0,No
ORD-100395,2024-01-22,South,Chennai,R219,P1040,Online,Consumer,4,872.28,0.2,7.0,No
ORD-102279,2025-05-27,South,Bengaluru,R215,P1004,Partner,SMB,4,74850.06,0.0,7.0,No
ORD-104958,2025-04-11,North,Jaipur,R202,P1048,Retail,Consumer,4,18015.35,0.0,9.0,No
ORD-100660,2024-10-06,West,Mumbai,R217,P1005,Partner,SMB,10,28157.91,0.05,11.0,No
ORD-100813,2025-09-13,East,Patna,R216,P1032,Online,SMB,2,866.53,0.05,1.0,No
ORD-102101,2024-07-18,West,Ahmedabad,R201,P1008,Partner,SMB,4,42134.75,0.0,5.0,No
ORD-101143,2024-04-22,West,Pune,R201,P1006,Retail,Corporate,2,50961.57,0.1,11.0,No
ORD-101035,2025-10-23,North,Jaipur,R210,P1016,Retail,Corporate,2,24351.11,0.15,11.0,No
ORD-105938,2025-08-26,South,Hyderabad,R219,P1049,Online,Corporate,1,15464.48,0.0,11.0,No
ORD-100025,2025-11-03,NORTH,Delhi,R214,P1024,Partner,SMB,6,12718.12,0.0,9.0,No
ORD-101823,2025-07-12,West,Ahmedabad,R205,P1013,Retail,SMB,6,59451.8,0.05,4.0,No
ORD-102459,2025-04-20,East,Kolkata,R200,P1024,Partner,SMB,5,13286.68,0.0,3.0,Yes
ORD-105973,2025-06-11,East,Bhubaneswar,R212,P1044,Online,Corporate,1,900.61,0.0,10.0,No
ORD-105988,2025-11-13,East,Bhubaneswar,R200,P1034,Retail,Consumer,8,721.97,0.0,2.0,No
ORD-102705,2024-11-18,East,Kolkata,R216,P1020,Partner,Corporate,4,11878.77,0.0,8.0,No
ORD-101815,2025-11-14,East,Patna,R216,P1018,Partner,SMB,10,13882.54,0.1,1.0,No
ORD-103379,2025-06-15,South,Bengaluru,R219,P1049,Online,Corporate,1,15651.83,0.0,2.0,No
ORD-101962,2024-07-29,North,Jaipur,R210,P1038,Retail,SMB,6,337.86,0.0,9.0,No
ORD-103012,2024-08-21,South,Kochi,R203,P1019,Partner,Corporate,1,9624.28,0.1,6.0,No
ORD-100773,2025-09-07,West,Mumbai,R209,P1025,Partner,Consumer,4,16832.13,0.0,1.0,No
ORD-103228,2025-11-04,North,Jaipur,R202,P1053,Retail,Corporate,6,30710.71,0.0,7.0,No
ORD-102800,2024-08-03,East,Guwahati,R204,P1042,Online,Corporate,2,824.07,0.05,6.0,No
ORD-104933,2024-08-26,East,Guwahati,R208,P1021,Online,Consumer,4,17675.32,0.05,11.0,No
ORD-102896,2024-05-14,South,Kochi,R203,P1034,Partner,Consumer,3,692.97,0.0,4.0,Yes
ORD-104724,2024-08-07,South,Hyderabad,R207,P1004,Online,Consumer,3,72855.15,0.0,3.0,No
ORD-103880,2024-06-09,West,Surat,R201,P1023,Online,Consumer,4,25321.08,0.2,7.0,No
ORD-100201,2024-10-20,South,Chennai,R219,P1010,Online,Corporate,5,73275.37,0.15,7.0,No
ORD-104771,2024-08-26,South,Bengaluru,R215,P1049,Retail,Corporate,4,15585.03,0.0,6.0,No
ORD-102070,2024-02-19,West,Pune,R217,P1008,Retail,SMB,2,42108.79,0.0,7.0,No
ORD-101986,2024-05-30,South,Chennai,R203,P1052,Retail,SMB,2,19558.87,0.0,2.0,No
ORD-103053,2025-06-29,North,Lucknow,R202,P1015,Retail,Consumer,2,33411.54,0.0,5.0,No
ORD-104387,2024-08-21,South,Bengaluru,R215,P1006,Partner,SMB,4,52079.95,0.1,10.0,No
ORD-102235,2024-02-09,East,Patna,R212,P1047,Retail,Consumer,3,19444.46,0.0,8.0,No
ORD-105668,2025-04-19,North,Delhi,R210,P1053,Partner,Corporate,3,31458.23,0.15,,No
ORD-104613,2025-04-07,South,Kochi,R207,P1001,Online,Consumer,4,64211.65,0.1,6.0,No
ORD-100790,2024-10-26,North,Jaipur,R210,P1053,Online,SMB,9,31334.52,0.05,4.0,No
ORD-102346,2024-07-08,South,Bengaluru,R215,P1050,Retail,SMB,2,14864.52,0.0,2.0,No
ORD-100139,2024-09-01,West,Ahmedabad,R201,P1002,Partner,Corporate,4,76295.99,0.1,9.0,No
ORD-101886,2024-04-10,East,Guwahati,R212,P1038,Online,Consumer,4,333.52,0.05,1.0,No
ORD-100338,2024-12-22,NORTH,Jaipur,R206,P1049,Online,Corporate,5,14976.47,0.0,9.0,No
ORD-100260,2025-11-23,North,Lucknow,R210,P1041,Partner,SMB,5,803.89,0.0,4.0,No
ORD-100036,2024-10-27,West,Pune,R209,P1040,Online,SMB,2,859.43,0.2,2.0,No
ORD-100719,2024-05-19,West,Pune,R213,P1037,Retail,SMB,1,890.06,0.1,9.0,No
ORD-105844,2025-06-18,North,Chandigarh,R206,P1026,Partner,SMB,2,8731.58,0.15,,No
ORD-105481,2024-10-14,South,Chennai,R215,P1013,Partner,Consumer,8,58168.83,0.1,3.0,No
ORD-100376,2024-11-24,West,Mumbai,R201,P1014,Retail,Corporate,6,38804.21,0.1,5.0,No
ORD-102657,2024-11-13,East,Patna,R208,P1055,Online,Corporate,5,13533.65,0.0,5.0,No
ORD-102998,2025-01-14,North,Jaipur,R214,P1045,Partner,SMB,4,460.63,0.0,4.0,No
ORD-105836,2025-02-27,East,Guwahati,R204,P1024,Online,SMB,4,13142.19,0.0,10.0,No
ORD-100302,2024-11-04,East,Kolkata,R208,P1001,Online,Corporate,5,65851.47,0.05,7.0,No
ORD-101075,2025-12-15,EAST,Guwahati,R208,P1003,Partner,SMB,7,31860.37,0.0,5.0,No
ORD-105160,2024-02-22,East,Patna,R208,P1009,Retail,SMB,2,44726.42,0.0,9.0,No
ORD-104714,2024-10-23,East,Patna,R204,P1050,Partner,Corporate,4,14628.05,0.05,2.0,No
ORD-103570,2025-06-29,East,Patna,R216,P1036,Retail,SMB,2,459.14,0.0,10.0,No
ORD-102479,2024-03-03,East,Kolkata,R216,P1029,Partner,SMB,2,16415.18,0.2,,No
ORD-100362,2024-02-24,East,Kolkata,R216,P1016,Online,SMB,4,25285.57,0.0,4.0,No
ORD-105221,2024-10-18,West,Ahmedabad,R201,P1009,Retail,Consumer,1,44994.16,0.0,1.0,No
ORD-101565,2025-07-18,East,Guwahati,R208,P1021,Partner,Consumer,3,17057.04,0.1,5.0,No
ORD-104691,2024-12-23,SOUTH,Hyderabad,R211,P1025,Partner,SMB,5,16362.57,0.0,8.0,No
ORD-105993,2025-12-21,South,Kochi,R207,P1047,Online,SMB,9,19853.78,0.0,6.0,No
ORD-103787,2025-10-01,West,Mumbai,R213,P1038,Retail,Consumer,4,335.18,0.2,1.0,No
ORD-100953,2025-04-08,South,Hyderabad,R211,P1006,Retail,Consumer,3,51677.68,0.0,2.0,No
ORD-100481,2024-07-19,East,Guwahati,R212,P1045,Online,Consumer,2,456.56,0.0,4.0,No
ORD-100272,2025-09-12,West,Pune,R209,P1023,Retail,Consumer,6,25405.21,0.0,7.0,No
ORD-105947,2024-03-30,East,Guwahati,R216,P1020,Partner,SMB,4,12366.28,0.0,9.0,No
ORD-102498,2025-05-26,South,Chennai,R215,P1041,Retail,Corporate,2,840.01,0.05,6.0,No
ORD-105741,2024-12-12,North,Delhi,R210,P1002,Partner,SMB,9,76007.13,0.0,3.0,No
ORD-105351,2024-08-06,North,Delhi,R218,P1042,Retail,Corporate,9,853.5,0.1,2.0,No
ORD-105439,2024-02-12,West,Ahmedabad,R217,P1025,Online,SMB,3,17088.94,0.1,10.0,No
ORD-100709,2024-02-07,South,Kochi,R219,P1055,Retail,Corporate,3,13928.64,0.0,6.0,No
ORD-104794,2024-03-02,North,Lucknow,R218,P1055,Partner,SMB,2,13399.67,0.15,7.0,No
ORD-104523,2025-02-03,North,Lucknow,R214,P1053,Online,SMB,1,31252.04,0.1,2.0,No
ORD-103840,2025-12-04,North,Jaipur,R214,P1047,Online,Corporate,10,19664.01,0.0,4.0,No
ORD-104549,2024-12-12,North,Lucknow,R214,P1052,Partner,SMB,4,18762.6,0.0,3.0,No
ORD-100130,2025-04-20,West,Surat,R201,P1008,Partner,SMB,2,41766.71,0.0,10.0,No
ORD-104822,2025-07-01,East,Patna,R208,P1017,Online,Consumer,4,12731.9,0.2,5.0,No
ORD-104760,2025-08-26,North,Chandigarh,R202,P1014,Retail,Consumer,1,40176.28,0.15,1.0,No
ORD-103999,2024-05-07,West,Mumbai,R213,P1015,Online,Consumer,3,33850.48,0.0,7.0,No
ORD-103881,2024-06-08,North,Delhi,R214,P1005,Online,SMB,4,28778.08,0.0,4.0,No
ORD-100490,2025-05-10,East,Guwahati,R200,P1047,Retail,SMB,1,19422.91,0.0,1.0,No
ORD-100089,2024-12-14,North,Delhi,R206,P1016,Online,Consumer,4,24799.44,0.0,3.0,No
ORD-101635,2025-03-30,South,Chennai,R211,P1002,Online,SMB,4,75884.18,0.0,5.0,No
ORD-101992,2025-02-28,East,Guwahati,R216,P1005,Partner,SMB,4,29042.1,0.0,7.0,No
ORD-102821,2025-08-25,North,Chandigarh,R210,P1040,Online,Corporate,4,876.41,0.0,11.0,No
ORD-100351,2024-03-31,North,Jaipur,R214,P1052,Partner,SMB,2,19330.45,0.0,5.0,No
ORD-102234,2025-10-04,East,Kolkata,R200,P1042,Retail,Consumer,5,853.02,0.0,7.0,No
ORD-104002,2024-06-19,West,Ahmedabad,R201,P1055,Online,Corporate,2,13822.96,0.05,7.0,No
ORD-102999,2025-05-18,West,Pune,R217,P1035,Retail,Corporate,1,334.44,0.1,10.0,No
ORD-104495,2025-05-05,South,Bengaluru,R219,P1054,Retail,SMB,3,18111.03,0.0,11.0,No
ORD-102868,2024-06-16,South,Kochi,R219,P1052,Retail,Corporate,4,19390.22,0.0,7.0,No
ORD-101942,2025-10-20,North,Chandigarh,R218,P1026,Online,Corporate,4,8834.72,0.15,10.0,No
ORD-100399,2024-06-17,East,Patna,R216,P1009,Online,Corporate,4,44074.78,0.0,4.0,No
ORD-103309,2025-02-01,East,Guwahati,R212,P1008,Retail,Consumer,4,41286.97,0.0,3.0,Yes
ORD-102911,2025-10-08,North,Chandigarh,R210,P1038,Online,Consumer,3,325.47,0.0,6.0,No
ORD-101909,2025-08-08,South,Chennai,R203,P1053,Partner,SMB,5,31747.69,0.1,6.0,No
ORD-101049,2024-09-05,North,Delhi,R218,P1041,Partner,Corporate,5,824.62,0.0,3.0,No
ORD-104327,2024-11-21,East,Bhubaneswar,R200,P1045,Retail,Consumer,11,440.53,0.0,10.0,No
ORD-101821,2025-03-08,East,Guwahati,R204,P1001,Partner,Corporate,3,63976.22,0.05,11.0,No
ORD-101100,2024-05-04,West,Pune,R205,P1036,Retail,Consumer,3,475.76,0.0,6.0,No
ORD-103414,2024-11-30,East,Patna,R204,P1014,Partner,Consumer,5,39836.58,0.0,11.0,No
ORD-104512,2025-07-20,North,Delhi,R214,P1043,Retail,Corporate,2,271.48,0.0,2.0,No
ORD-102024,2025-07-12,North,Lucknow,R202,P1001,Partner,SMB,1,66382.55,0.0,11.0,No
ORD-105355,2024-08-21,North,Chandigarh,R210,P1019,Online,Corporate,3,9484.43,0.0,10.0,No
ORD-103032,2024-11-10,East,Patna,R216,P1012,Retail,Corporate,5,88656.94,0.0,10.0,No
ORD-100421,2025-06-11,North,Chandigarh,R202,P1024,Online,Corporate,5,13301.88,0.15,10.0,No
ORD-101401,2025-05-30,West,Mumbai,R205,P1011,Partner,SMB,5,61637.17,0.15,11.0,No
ORD-102838,2025-10-08,South,Bengaluru,R215,P1045,Retail,Consumer,6,458.55,0.0,10.0,No
ORD-102083,2025-11-25,West,Ahmedabad,R205,P1037,Retail,Consumer,10,878.28,0.0,11.0,No
ORD-100963,2024-08-11,West,Ahmedabad,R217,P1007,Retail,Consumer,2,67012.27,0.0,9.0,No
ORD-101101,2024-11-21,South,Bengaluru,R219,P1031,Online,Corporate,4,847.93,0.05,3.0,No
ORD-104883,2024-06-07,East,Guwahati,R208,P1034,Online,Corporate,4,701.76,0.0,7.0,No
ORD-104734,2024-03-23, South,Bengaluru,R219,P1018,Retail,Consumer,3,13634.82,0.0,9.0,No
ORD-104073,2024-09-01,WEST,Mumbai,R201,P1038,Online,SMB,5,336.35,0.05,5.0,No
ORD-105183,2024-01-01,South,Hyderabad,R207,P1007,Retail,Consumer,4,68814.63,0.1,8.0,Yes
ORD-100435,2025-01-04,North,Delhi,R210,P1024,Online,Consumer,3,13221.94,0.0,4.0,No
ORD-102303,2024-01-30,East,Bhubaneswar,R212,P1007,Partner,Corporate,4,65590.62,0.05,6.0,No
ORD-103599,2025-12-11,South,Hyderabad,R215,P1012,Online,Consumer,3,91528.01,0.15,8.0,No
ORD-100829,2025-03-03,South,Bengaluru,R215,P1034,Retail,Corporate,3,713.39,0.1,9.0,No
ORD-100788,2025-06-17,NORTH,Delhi,R214,P1052,Retail,Consumer,2,19223.8,0.05,11.0,No
ORD-104485,2024-01-06,East,Kolkata,R208,P1039,Partner,SMB,3,580.77,0.0,7.0,No
ORD-104072,2024-10-27,North,Chandigarh,R218,P1045,Online,Consumer,6,440.55,0.0,10.0,No
ORD-100456,2025-05-24,East,Bhubaneswar,R208,P1036,Retail,Corporate,4,473.52,0.05,8.0,No
ORD-104897,2025-10-24,East,Bhubaneswar,R216,P1054,Online,Consumer,5,18407.77,0.0,8.0,No
ORD-102073,2024-10-31,East,Guwahati,R204,P1036,Online,SMB,4,483.92,0.0,1.0,No
ORD-103886,2024-07-05, North,Lucknow,R218,P1025,Online,Consumer,3,16887.61,0.0,4.0,No
ORD-105571,2024-05-17,West,Surat,R213,P1044,Retail,Consumer,3,874.63,0.0,8.0,No
ORD-101105,2025-08-27,South,Bengaluru,R219,P1022,Partner,SMB,5,18659.27,0.15,3.0,No
ORD-104233,2025-03-02, North,Jaipur,R202,P1055,Retail,Corporate,3,13498.62,0.0,5.0,No
ORD-101770,2024-12-10,South,Hyderabad,R211,P1015,Online,SMB,2,32286.35,0.0,2.0,No
ORD-100398,2024-01-20,South,Kochi,R219,P1001,Retail,SMB,2,63689.96,0.1,6.0,No
ORD-105468,2025-04-24,West,Mumbai,R217,P1030,Partner,Consumer,3,8265.15,0.0,1.0,No
ORD-100797,2025-05-28,West,Mumbai,R217,P1020,Retail,Corporate,3,11839.22,0.1,3.0,No
ORD-103432,2025-04-05,West,Pune,R213,P1055,Partner,Corporate,6,13861.73,0.0,9.0,No
ORD-104899,2024-03-27,West,Mumbai,R205,P1043,Retail,Corporate,2,275.62,0.1,9.0,No
ORD-105778,2025-05-09,South,Chennai,R203,P1018,Partner,Consumer,3,14087.24,0.0,2.0,No
ORD-105001,2024-11-08,East,Kolkata,R204,P1006,Online,Consumer,6,50517.21,0.0,10.0,No
ORD-104262,2025-02-22,South,Bengaluru,R211,P1020,Retail,SMB,2,12322.17,0.1,8.0,No
ORD-101458,2025-07-04,South,Bengaluru,R219,P1007,Partner,SMB,2,66724.08,0.0,8.0,No
ORD-101664,2025-10-13,North,Lucknow,R206,P1049,Online,SMB,2,15285.5,0.1,11.0,No
ORD-101334,2025-06-04,North,Chandigarh,R206,P1024,Online,Corporate,4,13103.87,0.0,10.0,No
ORD-100755,2025-07-17,South,Hyderabad,R219,P1055,Online,Corporate,2,13694.36,0.0,4.0,Yes
ORD-100065,2025-03-28,East,Guwahati,R204,P1033,Partner,SMB,2,835.65,0.0,8.0,No
ORD-100177,2024-06-26,West,Ahmedabad,R213,P1023,Online,Consumer,4,24790.81,0.0,11.0,No
ORD-104051,2024-04-07,East,Bhubaneswar,R204,P1008,Online,Corporate,2,42754.78,0.05,6.0,No
ORD-105126,2025-12-06,South,Chennai,R203,P1004,Partner,Consumer,4,73488.29,0.2,1.0,No
ORD-102894,2024-08-12,North,Jaipur,R210,P1016,Online,Consumer,1,24308.54,0.1,1.0,No
ORD-100026,2025-02-09,West,Pune,R201,P1052,Partner,SMB,5,18935.55,0.0,5.0,No
ORD-100525,2024-05-10,West,Surat,R209,P1011,Partner,SMB,2,60733.01,0.0,3.0,No
ORD-104645,2025-12-28,East,Guwahati,R216,P1045,Partner,SMB,5,434.04,0.0,10.0,No
ORD-105855,2024-01-04,East,Bhubaneswar,R200,P1032,Retail,Consumer,4,859.06,0.0,11.0,No
ORD-102369,2025-06-25,South,Kochi,R207,P1027,Partner,Consumer,2,23093.59,0.0,,No
ORD-104215,2025-09-03,South,Chennai,R207,P1036,Partner,SMB,3,466.12,0.0,5.0,No
ORD-100664,2024-08-09,North,Jaipur,R210,P1039,Online,Corporate,2,580.43,0.0,10.0,No
ORD-102881,2025-10-19,South,Bengaluru,R207,P1033,Partner,Consumer,6,866.51,0.0,3.0,No
ORD-103112,2025-03-14,East,Kolkata,R208,P1043,Retail,Corporate,5,279.92,0.05,1.0,No
ORD-102456,2025-09-02,East,Guwahati,R200,P1025,Retail,SMB,4,16595.96,0.0,11.0,No
ORD-101221,2024-10-14,East,Bhubaneswar,R208,P1043,Partner,Corporate,3,277.31,0.0,5.0,No
ORD-101742,2025-09-12,South,Chennai,R207,P1049,Partner,Consumer,2,14770.15,0.1,6.0,No
ORD-104179,2025-01-02,North,Lucknow,R210,P1037,Retail,SMB,2,885.31,0.05,8.0,No
ORD-100332,2025-10-27,West,Mumbai,R213,P1054,Retail,Consumer,5,18212.02,0.0,2.0,No
ORD-102696,2024-08-03,East,Bhubaneswar,R204,P1049,Retail,Corporate,2,14918.39,0.2,11.0,No
ORD-100598,2025-12-11,West,Surat,R205,P1008,Partner,SMB,5,41123.61,0.0,4.0,No
ORD-102940,2024-02-12,West,Mumbai,R201,P1038,Retail,Corporate,1,332.01,0.1,9.0,No
ORD-102434,2024-04-28,North,Jaipur,R214,P1053,Online,SMB,3,30845.91,0.0,1.0,No
ORD-103155,2024-08-02,East,Guwahati,R200,P1049,Retail,SMB,2,15274.81,0.05,3.0,No
ORD-101459,2025-03-19,North,Delhi,R210,P1055,Retail,SMB,6,13601.49,0.0,8.0,No
ORD-103355,2024-08-21,East,Patna,R200,P1039,Partner,SMB,2,592.65,0.2,2.0,Yes
ORD-101415,2024-08-24,South,Kochi,R207,P1031,Retail,Corporate,4,865.45,0.0,6.0,Yes
ORD-100739,2024-03-23,South,Chennai,R207,P1042,Partner,Consumer,3,859.3,0.05,4.0,No
ORD-103468,2024-08-20,East,Patna,R204,P1029,Online,SMB,2,15853.57,0.0,8.0,No
ORD-100228,2024-02-03,South,Kochi,R215,P1028,Partner,Corporate,5,22891.94,0.0,1.0,No
ORD-105753,2025-11-09,South,Kochi,R211,P1025,Online,SMB,6,17108.14,0.05,2.0,No
ORD-100498,2025-09-10,North,Delhi,R206,P1009,Online,Corporate,3,44067.85,0.0,9.0,No
ORD-100007,2025-12-08,East,Guwahati,R200,P1038,Online,Corporate,7,322.58,0.0,2.0,No
ORD-101977,2025-03-31,North,Chandigarh,R202,P1016,Online,Corporate,4,25546.03,0.0,6.0,No
ORD-100902,2024-02-02,West,Surat,R209,P1012,Retail,Consumer,4,91888.74,0.0,8.0,No
ORD-105502,2024-07-09,West,Pune,R201,P1008,Online,SMB,4,41273.72,0.05,8.0,No
ORD-105638,2024-11-04,West,Surat,R213,P1045,Online,Consumer,5,448.36,0.0,5.0,No
ORD-104143,2025-07-27,West,Mumbai,R209,P1004,Partner,SMB,3,74073.08,0.0,5.0,No
ORD-102365,2024-02-11,North,Chandigarh,R218,P1004,Partner,Consumer,1,75513.74,0.0,1.0,No
ORD-103690,2025-05-17,East,Patna,R216,P1002,Partner,SMB,1,74844.92,0.0,10.0,No
ORD-101237,2025-10-10,North,Delhi,R214,P1002,Online,SMB,8,79320.04,0.05,2.0,No
ORD-105717,2024-02-10,North,Chandigarh,R206,P1030,Online,Consumer,1,8257.49,0.0,11.0,Yes
ORD-101932,2024-06-02,North,Lucknow,R202,P1037,Retail,Corporate,4,924.85,0.2,2.0,No
ORD-104991,2024-06-08,East,Kolkata,R216,P1001,Retail,Consumer,4,65359.5,0.0,11.0,No
ORD-103004,2025-04-12,North,Delhi,R206,P1012,Online,SMB,1,92476.45,0.05,2.0,No
ORD-100949,2024-04-04,North,Jaipur,R210,P1022,Retail,Corporate,4,18166.35,0.1,2.0,No
ORD-101717,2024-05-22,South,Hyderabad,R211,P1001,Retail,Corporate,5,65070.64,0.0,2.0,No
ORD-102183,2025-10-28,East,Kolkata,R200,P1030,Retail,Corporate,1,8163.96,0.1,9.0,No
ORD-102949,2025-07-22,North,Lucknow,R214,P1055,Retail,Consumer,3,13742.07,0.05,4.0,No
ORD-102576,2024-08-27,East,Patna,R200,P1035,Online,Consumer,1,337.54,0.1,,No
ORD-103635,2025-11-20,West,Ahmedabad,R213,P1001,Online,Corporate,7,65519.06,0.0,3.0,No
ORD-104744,2025-07-10,East,Bhubaneswar,R216,P1046,Online,Corporate,2,14570.04,0.15,11.0,No
ORD-100138,2024-03-16,East,Bhubaneswar,R216,P1022,Partner,Consumer,2,18643.21,0.0,11.0,No
ORD-104806,2025-05-07,North,Jaipur,R210,P1044,Retail,Corporate,3,875.9,0.0,2.0,No
ORD-102017,2025-05-07,South,Hyderabad,R211,P1050,Partner,Corporate,3,14936.0,0.1,1.0,No
ORD-100251,2024-01-14,East,Guwahati,R216,P1026,Online,Corporate,2,8585.34,0.1,2.0,No
ORD-104896,2025-06-25,North,Lucknow,R210,P1050,Retail,Corporate,2,15125.1,0.05,1.0,No
ORD-101090,2025-11-08,East,Bhubaneswar,R216,P1035,Online,Corporate,3,323.06,0.0,7.0,No
ORD-102016,2024-04-16,East,Bhubaneswar,R200,P1003,Online,SMB,5,31908.02,0.0,9.0,No
ORD-105014,2024-06-05,North,Chandigarh,R218,P1014,Partner,Consumer,4,40007.22,0.0,6.0,No
ORD-103300,2025-12-13,South,Kochi,R207,P1032,Retail,Corporate,7,854.35,0.0,8.0,No
ORD-102809,2024-11-25,NORTH,Chandigarh,R218,P1030,Partner,Consumer,4,7967.33,0.0,5.0,No
ORD-100912,2024-02-23,South,Kochi,R215,P1017,Online,Corporate,1,12483.11,0.0,7.0,No
ORD-102415,2025-06-06,North,Jaipur,R202,P1029,Retail,Consumer,3,16049.49,0.05,3.0,No
ORD-103630,2024-12-08,North,Lucknow,R218,P1045,Online,SMB,2,439.54,0.15,6.0,No
ORD-101281,2024-07-28,South,Bengaluru,R215,P1024,Online,Corporate,2,12940.43,0.0,8.0,No
ORD-104939,2024-05-08,South,Kochi,R203,P1006,Partner,Corporate,1,51458.81,0.0,11.0,No
ORD-102307,2025-07-10,North,Jaipur,R202,P1053,Retail,Corporate,7,30550.91,0.1,4.0,No
ORD-102118,2024-07-12,West,Ahmedabad,R209,P1026,Online,Consumer,3,8673.88,0.0,5.0,No
ORD-100911,2024-02-26,North,Lucknow,R218,P1032,Retail,Corporate,2,837.36,0.0,10.0,No
ORD-103532,2025-12-12,West,Ahmedabad,R217,P1030,Online,Consumer,4,8113.65,0.1,5.0,No
ORD-102158,2024-01-16,West,Mumbai,R205,P1004,Partner,Corporate,2,75301.43,0.0,3.0,No
ORD-103743,2025-06-03,North,Lucknow,R214,P1017,Retail,Consumer,2,12113.12,0.0,5.0,No
ORD-101089,2024-09-08,South,Hyderabad,R207,P1049,Partner,SMB,2,14977.33,0.2,1.0,No
ORD-105828,2025-10-07,East,Guwahati,R200,P1002,Online,Consumer,6,75721.03,0.05,8.0,No
ORD-103624,2025-02-01,East,Patna,R216,P1020,Partner,Corporate,3,12185.33,0.05,8.0,No
ORD-103803,2024-07-11,East,Guwahati,R212,P1018,Partner,Corporate,2,13565.76,0.0,7.0,No
ORD-100936,2024-08-17,East,Guwahati,R208,P1043,Retail,Consumer,2,274.47,0.0,4.0,No
ORD-105812,2024-12-29,East,Patna,R216,P1044,Partner,Corporate,7,894.26,0.0,8.0,No
ORD-101829,2024-05-17,West,Ahmedabad,R205,P1047,Partner,Corporate,4,19403.83,0.0,1.0,No
ORD-101250,2025-03-22,South,Chennai,R203,P1038,Retail,Consumer,1,334.22,0.0,4.0,No
ORD-105464,2024-10-15,South,Bengaluru,R207,P1016,Online,Consumer,11,24693.15,0.0,10.0,No
ORD-104015,2024-10-26,West,Mumbai,R209,P1029,Online,Consumer,2,15568.24,0.0,,No
ORD-105805,2024-06-15,East,Patna,R200,P1051,Online,Corporate,2,33848.93,0.1,9.0,No
ORD-100736,2024-07-26,North,Lucknow,R218,P1002,Partner,SMB,3,76808.9,0.0,2.0,No
ORD-103792,2024-08-09,South,Chennai,R203,P1012,Online,Corporate,2,92808.5,0.15,11.0,No
ORD-105949,2024-06-21,North,Jaipur,R210,P1034,Online,SMB,2,731.14,0.0,4.0,No
ORD-103866,2025-05-14,South,Chennai,R211,P1012,Retail,Corporate,2,90265.22,0.0,10.0,No
ORD-104337,2025-03-16,North,Lucknow,R218,P1023,Retail,SMB,6,25488.52,0.0,11.0,No
ORD-103819,2024-12-07,East,Kolkata,R204,P1020,Retail,Corporate,4,12153.17,0.15,11.0,No
ORD-101978,2025-09-10,West,Mumbai,R201,P1045,Partner,SMB,3,434.3,0.0,7.0,No
ORD-102656,2025-05-05,North,Delhi,R210,P1035,Online,Corporate,6,323.75,0.1,8.0,No
ORD-101792,2025-03-23,West,Pune,R209,P1020,Retail,SMB,5,11738.86,0.1,4.0,No
ORD-104927,2024-09-17,East,Patna,R212,P1010,Online,Consumer,2,72334.02,0.0,8.0,No
ORD-101925,2025-03-19,South,Kochi,R207,P1007,Online,SMB,5,67604.75,0.1,8.0,No
ORD-104901,2025-10-19,West,Pune,R201,P1045,Retail,SMB,4,458.19,0.0,1.0,No
ORD-104974,2024-02-25,East,Kolkata,R200,P1034,Retail,Corporate,7,720.74,0.0,11.0,No
ORD-105231,2024-12-28,North,Chandigarh,R206,P1032,Retail,SMB,3,843.91,0.0,2.0,No
ORD-103483,2025-06-19,North,Jaipur,R218,P1045,Partner,SMB,1,448.59,0.1,7.0,No
ORD-103376,2024-11-08,East,Bhubaneswar,R200,P1055,Partner,SMB,6,13911.17,0.0,7.0,No
ORD-105562,2024-03-12,West,Surat,R213,P1003,Online,Corporate,3,32768.3,0.0,9.0,No
ORD-105733,2024-07-13,South,Hyderabad,R211,P1055,Online,Consumer,2,13794.06,0.0,6.0,No
ORD-102475,2025-09-30,West,Ahmedabad,R205,P1023,Online,Consumer,3,25303.64,0.0,3.0,No
ORD-104543,2024-04-29,East,Guwahati,R204,P1001,Online,Consumer,3,65786.27,0.15,7.0,No
ORD-105420,2024-09-01,South,Kochi,R219,P1050,Online,SMB,4,14984.36,0.0,7.0,No
ORD-103485,2024-02-23,North,Delhi,R206,P1049,Online,Corporate,1,15597.81,0.0,3.0,No
ORD-105242,2025-08-19,East,Patna,R216,P1033,Retail,Consumer,2,866.37,0.1,5.0,No
ORD-100892,2025-06-20,East,Guwahati,R216,P1020,Partner,SMB,2,11699.66,0.05,11.0,No
ORD-102644,2024-01-09,West,Ahmedabad,R209,P1026,Online,SMB,2,8331.41,0.0,8.0,No
ORD-105934,2025-10-15,East,Bhubaneswar,R204,P1054,Online,Consumer,6,18499.44,0.2,10.0,No
ORD-103806,2025-11-12,North,Lucknow,R214,P1015,Retail,Corporate,1,33746.67,0.15,10.0,No
ORD-103189,2024-01-02,West,Mumbai,R209,P1039,Retail,Consumer,4,582.56,0.05,5.0,No
ORD-101725,2024-10-24,South,Hyderabad,R215,P1043,Partner,Corporate,7,275.76,0.1,8.0,No
ORD-105908,2025-08-11,East,Guwahati,R212,P1026,Retail,SMB,3,8505.1,0.0,9.0,No
ORD-102051,2024-11-14,East,Kolkata,R208,P1033,Online,Corporate,6,853.74,0.05,6.0,No
ORD-105445,2024-03-11,East,Patna,R208,P1041,Partner,SMB,3,814.15,0.0,2.0,No
ORD-100242,2024-08-19,North,Lucknow,R206,P1033,Partner,Corporate,2,864.61,0.0,3.0,Yes
ORD-105745,2025-08-04,East,Guwahati,R212,P1019,Online,Consumer,4,9657.34,0.0,5.0,Yes
ORD-102889,2025-11-07,West,Surat,R213,P1028,Online,Consumer,7,22087.13,0.05,2.0,No
ORD-102046,2024-05-12,East,Bhubaneswar,R204,P1055,Online,SMB,2,14089.06,0.2,8.0,No
ORD-103123,2025-07-26,North,Lucknow,R214,P1024,Partner,SMB,3,12764.97,0.0,1.0,No
ORD-100403,2024-04-12,South,Hyderabad,R211,P1022,Partner,Consumer,3,18766.72,0.1,10.0,No
ORD-105599,2025-03-29,West,Mumbai,R201,P1009,Online,Consumer,4,45430.38,0.15,11.0,No
ORD-100050,2024-10-23,South,Hyderabad,R211,P1036,Partner,Consumer,3,467.63,0.0,8.0,No
ORD-102916,2024-12-11,East,Guwahati,R216,P1001,Online,Corporate,6,64793.35,0.0,7.0,Yes
ORD-102993,2024-08-01,East,Guwahati,R216,P1027,Partner,Consumer,1,22503.38,0.0,9.0,No
ORD-105930,2025-11-07,South,Hyderabad,R211,P1006,Partner,SMB,6,49911.78,0.0,5.0,No
ORD-104569,2024-10-26,East,Patna,R212,P1043,Partner,SMB,7,275.99,0.05,4.0,No
ORD-100558,2024-03-15,South,Bengaluru,R211,P1051,Retail,Corporate,2,35176.28,0.0,5.0,No
ORD-104102,2025-07-07,West,Pune,R201,P1007,Partner,Corporate,4,66837.3,0.0,2.0,No
ORD-103304,2024-08-10,North,Lucknow,R214,P1016,Partner,SMB,6,24921.23,0.0,9.0,No
ORD-104481,2024-02-19,North,Delhi,R210,P1042,Partner,SMB,1,864.96,0.05,7.0,No
ORD-101151,2024-12-24,East,Bhubaneswar,R212,P1021,Retail,Consumer,4,17202.48,0.0,2.0,No
ORD-100009,2025-06-30,North,Chandigarh,R214,P1008,Retail,Corporate,7,42959.9,0.0,5.0,No
ORD-101707,2025-07-24,East,Guwahati,R208,P1007,Online,Corporate,3,67784.22,0.0,11.0,No
ORD-102593,2025-10-21,East,Kolkata,R216,P1004,Online,Consumer,7,72735.15,0.0,10.0,No
ORD-103658,2025-02-03,South,Hyderabad,R219,P1032,Partner,Corporate,2,886.04,0.1,8.0,No
ORD-101614,2025-07-05,West,Pune,R209,P1035,Online,Consumer,4,329.96,0.0,1.0,No
ORD-101071,2025-01-06,North,Delhi,R202,P1036,Retail,SMB,3,458.42,0.0,2.0,No
ORD-105943,2025-11-22,East,Kolkata,R216,P1035,Retail,Corporate,6,334.13,0.0,4.0,No
ORD-105070,2024-09-26,North,Delhi,R210,P1004,Partner,Consumer,4,74116.76,0.05,1.0,No
ORD-105746,2024-02-19,NORTH,Delhi,R218,P1045,Retail,SMB,4,437.99,0.0,1.0,No
ORD-100716,2025-12-21,South,Chennai,R211,P1051,Retail,SMB,3,33646.41,0.15,8.0,Yes
ORD-101896,2025-12-27,East,Patna,R212,P1003,Online,Corporate,5,33132.06,0.15,5.0,No
ORD-105478,2024-03-25,East,Kolkata,R208,P1052,Retail,Consumer,6,19497.05,0.15,7.0,No
ORD-103505,2025-12-28,West,Pune,R205,P1040,Online,Corporate,8,842.07,0.2,8.0,No
ORD-102123,2025-12-15,East,Patna,R204,P1015,Partner,SMB,4,32317.37,0.0,5.0,No
ORD-100318,2025-03-30,North,Lucknow,R214,P1021,Partner,Corporate,3,17676.41,0.1,5.0,No
ORD-105395,2024-09-11,East,Bhubaneswar,R200,P1048,Retail,Consumer,2,17809.24,0.1,1.0,No
ORD-101672,2024-12-25,East,Kolkata,R212,P1023,Partner,Consumer,7,25090.77,0.0,3.0,No
ORD-103882,2024-11-15,West,Surat,R217,P1043,Online,Consumer,2,270.34,0.0,3.0,No
ORD-100427,2024-07-23,West,Mumbai,R209,P1046,Online,Corporate,2,14654.97,0.15,11.0,No
ORD-103336,2025-08-11,East,Bhubaneswar,R212,P1029,Online,Consumer,2,15792.58,0.0,10.0,No
ORD-103448,2025-10-04,North,Delhi,R210,P1001,Retail,Consumer,4,65370.33,0.0,9.0,No
ORD-103783,2024-09-17,South,Bengaluru,R203,P1049,Online,Corporate,2,15586.86,0.05,1.0,No
ORD-103856,2024-02-21,WEST,Mumbai,R201,P1008,Online,Corporate,2,41199.04,0.15,11.0,No
ORD-100546,2024-01-22,West,Mumbai,R213,P1024,Partner,SMB,2,13025.68,0.0,1.0,No
ORD-100262,2024-03-22,West,Ahmedabad,R201,P1049,Retail,SMB,3,15238.33,0.0,8.0,No
ORD-100254,2024-07-19,West,Pune,R201,P1011,Online,Consumer,4,59876.76,0.0,4.0,No
ORD-103778,2025-02-28,South,Hyderabad,R203,P1021,Partner,SMB,3,16926.11,0.15,10.0,No
ORD-101042,2025-04-27,West,Mumbai,R209,P1055,Partner,Consumer,1,14128.99,0.0,5.0,No
ORD-100666,2025-10-09,North,Lucknow,R218,P1049,Retail,SMB,4,15280.3,0.0,6.0,No
ORD-102890,2025-01-23,South,Kochi,R211,P1039,Partner,Corporate,3,584.45,0.0,5.0,No
ORD-100171,2025-12-27,East,Kolkata,R208,P1019,Retail,Corporate,3,9639.6,0.0,7.0,No
ORD-101176,2024-10-14,South,Hyderabad,R207,P1051,Online,Consumer,9,33784.99,0.0,2.0,No
ORD-104363,2024-06-04,East,Guwahati,R200,P1019,Partner,SMB,3,9597.69,0.0,6.0,No
ORD-101482,2024-02-27,South,Bengaluru,R211,P1040,Online,Corporate,1,846.41,0.0,8.0,No
ORD-101906,2024-02-24,South,Bengaluru,R219,P1025,Partner,SMB,1,17008.48,0.0,2.0,No
ORD-103916,2025-07-26,North,Delhi,R202,P1044,Partner,Corporate,5,904.17,0.1,2.0,Yes
ORD-104767,2024-07-15,West,Pune,R217,P1054,Online,Corporate,3,18021.29,0.1,3.0,No
ORD-101900,2024-08-30,West,Pune,R217,P1031,Retail,SMB,4,841.88,0.0,7.0,No
ORD-100693,2025-08-02,North,Chandigarh,R206,P1027,Retail,Corporate,2,22435.24,0.15,3.0,Yes
ORD-105890,2025-04-27,East,Patna,R212,P1013,Partner,Consumer,2,58500.0,0.15,8.0,No
ORD-105257,2024-12-30,North,Lucknow,R214,P1053,Online,SMB,4,31813.37,0.0,10.0,No
ORD-105310,2025-07-06,South,Hyderabad,R203,P1012,Online,SMB,2,89874.97,0.0,1.0,No
ORD-103706,2025-12-19,North,Lucknow,R218,P1044,Partner,SMB,6,900.93,0.0,6.0,No
ORD-102115,2024-06-07,West,Ahmedabad,R217,P1003,Partner,SMB,2,33239.5,0.1,6.0,No
ORD-102096,2024-06-28,West,Surat,R213,P1053,Partner,Corporate,4,30623.6,0.0,4.0,No
ORD-103461,2025-02-13,North,Delhi,R218,P1053,Retail,SMB,2,31774.35,0.0,11.0,No
ORD-105762,2024-12-09,East,Kolkata,R204,P1044,Retail,Consumer,5,873.28,0.0,10.0,Yes
ORD-100781,2025-12-18,South,Kochi,R207,P1037,Online,SMB,2,905.76,0.0,11.0,Yes
ORD-103625,2025-01-01,West,Mumbai,R209,P1047,Retail,SMB,3,19981.56,0.05,9.0,No
ORD-104965,2025-07-17,West,Ahmedabad,R217,P1026,Retail,SMB,3,8827.24,0.1,9.0,No
ORD-104721,2025-07-08,West,Surat,R209,P1046,Online,Corporate,3,13872.31,0.0,5.0,No
ORD-100541,2024-02-02,North,Jaipur,R210,P1040,Online,Consumer,2,836.04,0.0,8.0,No
ORD-104498,2025-03-18,West,Surat,R209,P1007,Partner,SMB,1,68269.29,0.1,10.0,No
ORD-105688,2024-07-14,East,Kolkata,R200,P1030,Partner,Corporate,4,7915.42,0.0,2.0,No
ORD-102947,2025-05-03,South,Chennai,R203,P1044,Online,SMB,1,891.49,0.0,3.0,Yes
ORD-102678,2025-05-18,North,Delhi,R214,P1014,Online,SMB,3,40344.24,0.0,10.0,No
ORD-105108,2025-07-04,West,Surat,R217,P1038,Partner,Consumer,3,339.57,0.0,5.0,Yes
ORD-105879,2024-07-06,South,Hyderabad,R219,P1043,Online,Corporate,3,275.7,0.0,7.0,No
ORD-102728,2024-03-21,South,Bengaluru,R203,P1006,Online,Consumer,3,50036.01,0.0,10.0,No
ORD-100882,2024-05-30,South,Hyderabad,R211,P1054,Retail,Corporate,6,18561.75,0.1,11.0,No
ORD-103388,2025-10-16,South,Hyderabad,R211,P1054,Retail,SMB,3,18735.68,0.15,6.0,No
ORD-103069,2025-02-20,North,Delhi,R206,P1001,Retail,Corporate,4,65446.4,0.05,8.0,No
ORD-105210,2024-06-26,North,Jaipur,R206,P1042,Partner,Corporate,3,863.67,0.0,3.0,No
ORD-105974,2024-06-28,West,Pune,R209,P1007,Online,SMB,5,66149.87,0.0,1.0,No
ORD-105525,2024-08-09,East,Guwahati,R200,P1036,Online,Corporate,4,475.01,0.0,2.0,No
ORD-101171,2024-02-27,West,Pune,R205,P1027,Online,Consumer,3,22884.5,0.0,9.0,No
ORD-104028,2025-08-20,North,Chandigarh,R206,P1048,Partner,SMB,1,17286.37,0.0,8.0,No
ORD-102636,2024-07-27,South,Bengaluru,R219,P1003,Retail,SMB,3,33097.61,0.0,3.0,No
ORD-101329,2025-06-05,South,Bengaluru,R215,P1029,Retail,SMB,4,15509.08,0.0,6.0,No
ORD-105873,2025-05-02,East,Bhubaneswar,R212,P1048,Online,Corporate,3,17458.1,0.15,8.0,No
ORD-105841,2024-02-02,West,Pune,R209,P1015,Online,Consumer,3,33488.36,0.2,,No
ORD-100075,2025-12-27,West,Surat,R217,P1043,Online,SMB,8,278.84,0.1,10.0,No
ORD-105123,2024-11-18,West,Pune,R217,P1025,Partner,SMB,4,16826.78,0.0,10.0,No
ORD-103402,2025-06-27,North,Jaipur,R202,P1031,Partner,Corporate,2,862.91,0.1,11.0,No
ORD-104609,2025-04-01,South,Hyderabad,R203,P1004,Partner,Consumer,2,75548.94,0.0,4.0,No
ORD-105334,2024-11-09,North,Lucknow,R214,P1001,Retail,SMB,7,64447.55,0.1,6.0,No
ORD-102194,2025-10-14,East,Patna,R212,P1050,Partner,Corporate,6,14307.03,0.1,11.0,No
ORD-103549,2025-06-03,SOUTH,Kochi,R207,P1044,Retail,Consumer,2,903.99,0.1,7.0,No
ORD-102934,2024-01-01,West,Surat,R217,P1030,Retail,SMB,3,8349.13,0.0,3.0,No
ORD-101466,2024-01-26,East,Kolkata,R208,P1006,Online,SMB,2,50373.02,0.2,8.0,Yes
ORD-102665,2025-01-05,South,Hyderabad,R207,P1038,Retail,Corporate,4,336.44,0.1,5.0,No
ORD-102387,2024-09-23,South,Kochi,R215,P1025,Partner,Consumer,3,16611.21,0.0,6.0,No
ORD-103986,2025-05-19,North,Delhi,R214,P1021,Online,Consumer,1,17088.96,0.05,7.0,No
ORD-105606,2025-05-05,South,Chennai,R215,P1020,Online,SMB,1,11868.54,0.0,3.0,No
ORD-103551,2025-03-17,West,Mumbai,R217,P1049,Retail,SMB,3,15360.82,0.1,11.0,No
ORD-104214,2024-06-17,North,Delhi,R206,P1055,Partner,Consumer,2,13745.6,0.0,5.0,No
ORD-100945,2024-02-27,East,Patna,R204,P1014,Retail,Consumer,5,39209.18,0.1,1.0,No
ORD-105015,2025-07-21,West,Ahmedabad,R205,P1037,Online,Consumer,3,908.41,0.0,2.0,No
ORD-105912,2025-12-22,North,Lucknow,R210,P1049,Retail,Consumer,4,15473.32,0.05,3.0,No
ORD-100842,2025-04-06,West,Pune,R209,P1016,Partner,Consumer,1,24881.87,0.0,10.0,No
ORD-104004,2025-04-24,East,Guwahati,R200,P1023,Online,Corporate,-3,25380.07,0.05,8.0,No
ORD-103366,2025-07-17,South,Hyderabad,R219,P1019,Retail,Corporate,3,9605.06,0.0,6.0,No
ORD-103142,2025-11-08,South,Chennai,R219,P1018,Online,SMB,11,13818.56,0.0,11.0,No
ORD-104554,2024-02-21,West,Pune,R217,P1029,Retail,Consumer,3,15811.09,0.0,11.0,No
ORD-103512,2025-11-03,West,Ahmedabad,R217,P1040,Partner,SMB,5,878.66,0.0,8.0,No
ORD-103858,2025-09-16,South,Bengaluru,R215,P1009,Online,SMB,2,45397.13,0.2,,No
ORD-100225,2025-01-01,South,Bengaluru,R215,P1044,Partner,Consumer,3,894.87,0.0,7.0,No
ORD-104746,2024-04-14,North,Lucknow,R218,P1029,Retail,Consumer,4,15693.68,0.05,1.0,No
ORD-101856,2025-12-20,West,Mumbai,R209,P1014,Online,SMB,5,38928.97,0.0,6.0,Yes
ORD-102677,2024-02-08,East,Patna,R212,P1054,Retail,Corporate,1,18255.07,0.0,8.0,No
ORD-104699,2025-07-03,North,Lucknow,R202,P1044,Partner,Corporate,4,874.63,0.1,4.0,No
ORD-100845,2025-06-04,North,Delhi,R214,P1043,Online,SMB,3,281.88,0.0,10.0,No
ORD-100572,2024-02-19,West,Ahmedabad,R217,P1047,Partner,SMB,3,19048.87,0.15,1.0,No
ORD-105093,2025-10-31,East,Guwahati,R200,P1040,Retail,SMB,4,881.02,0.0,7.0,No
ORD-105229,2024-06-26,East,Bhubaneswar,R208,P1041,Retail,Corporate,2,810.76,0.1,8.0,No
ORD-102837,2024-03-04,East,Kolkata,R204,P1049,Partner,Consumer,5,15027.02,0.2,8.0,No
ORD-102481,2024-12-19,South,Chennai,R219,P1034,Partner,Consumer,3,715.19,0.0,11.0,No
ORD-100154,2024-09-22,North,Lucknow,R202,P1032,Online,SMB,3,869.1,0.1,11.0,No
ORD-100476,2025-05-11,East,Kolkata,R204,P1011,Partner,SMB,2,61048.61,0.05,1.0,No
ORD-103920,2024-10-09,South,Kochi,R203,P1027,Retail,Corporate,3,23444.44,0.0,1.0,No
ORD-103466,2025-06-12,South,Kochi,R207,P1048,Partner,Corporate,5,17643.01,0.0,,No
ORD-101690,2024-08-24,West,Surat,R217,P1043,Partner,Corporate,4,273.6,0.05,4.0,No
ORD-100278,2025-09-08,North,Delhi,R214,P1016,Retail,Corporate,6,24226.32,0.0,1.0,No
ORD-104393,2025-12-27,East,Guwahati,R208,P1013,Online,SMB,3,58810.16,0.05,2.0,No
ORD-105301,2024-06-10,North,Jaipur,R214,P1011,Online,Corporate,2,63260.02,0.2,5.0,No
ORD-105998,2025-11-13,South,Bengaluru,R203,P1007,Online,Consumer,4,66500.86,0.0,5.0,No
ORD-101087,2024-10-16,North,Jaipur,R210,P1039,Retail,Consumer,5,608.29,0.0,4.0,No
ORD-103044,2024-02-19,West,Mumbai,R209,P1032,Online,SMB,2,856.9,0.0,7.0,No
ORD-100382,2024-04-14,North,Jaipur,R210,P1025,Retail,SMB,2,16266.89,0.2,3.0,No
ORD-101099,2024-04-30,East,Bhubaneswar,R204,P1007,Retail,Consumer,1,64894.65,0.0,7.0,No
ORD-103595,2025-02-17,North,Delhi,R202,P1036,Partner,SMB,4,473.05,0.1,8.0,No
ORD-103259,2024-12-15,North,Lucknow,R206,P1002,Online,SMB,4,78787.69,0.0,2.0,No
ORD-102530,2025-09-13,West,Mumbai,R217,P1047,Retail,Consumer,5,19982.4,0.1,3.0,No
ORD-103419,2024-09-01,East,Bhubaneswar,R212,P1033,Retail,SMB,2,851.06,0.05,2.0,No
ORD-104817,2024-09-14,West,Surat,R217,P1038,Partner,Corporate,2,321.82,0.0,1.0,No
ORD-104410,2025-07-08,West,Mumbai,R205,P1041,Partner,Consumer,2,848.75,0.05,9.0,No
ORD-100918,2024-06-30,North,Chandigarh,R214,P1001,Online,SMB,6,66403.99,0.15,9.0,No
ORD-100207,2025-05-16,West,Ahmedabad,R217,P1016,Retail,Corporate,1,24114.56,0.0,1.0,No
ORD-105112,2025-11-22,West,Mumbai,R217,P1032,Online,Corporate,3,866.57,0.0,5.0,No
ORD-103841,2024-02-05,East,Guwahati,R200,P1053,Partner,Corporate,3,31425.86,0.0,9.0,No
ORD-105262,2024-01-14,North,Delhi,R218,P1029,Retail,Corporate,2,15766.85,0.0,5.0,No
ORD-103385,2024-08-29,North,Chandigarh,R202,P1038,Retail,Consumer,4,323.17,0.0,1.0,No
ORD-100297,2024-03-29,East,Kolkata,R204,P1028,Partner,Consumer,6,22119.9,0.0,6.0,No
ORD-101490,2024-10-21,South,Kochi,R219,P1043,Online,Consumer,5,280.28,0.0,4.0,No
ORD-100527,2024-11-12,East,Bhubaneswar,R200,P1027,Retail,Consumer,5,23533.78,0.0,1.0,No
ORD-105281,2024-01-31,East,Bhubaneswar,R204,P1032,Partner,Consumer,2,860.45,0.0,4.0,No
ORD-100442,2024-05-09,South,Bengaluru,R211,P1022,Retail,SMB,4,18849.51,0.0,4.0,No
ORD-102120,2024-12-28,South,Hyderabad,R215,P1010,Retail,Consumer,4,73106.08,0.1,3.0,No
ORD-101138,2025-11-18,West,Mumbai,R205,P1020,Online,Consumer,4,12238.28,0.1,3.0,No
ORD-103446,2025-07-14,West,Mumbai,R217,P1009,Retail,Consumer,2,44979.45,0.0,3.0,No
ORD-103500,2025-04-13,South,Kochi,R207,P1044,Partner,SMB,2,910.53,0.0,4.0,No
ORD-102861,2024-11-20,South,Kochi,R211,P1027,Retail,SMB,5,23206.54,0.0,7.0,No
ORD-103396,2024-10-13,West,Mumbai,R201,P1016,Retail,SMB,4,24132.95,0.05,3.0,No
ORD-102374,2024-02-11,South,Hyderabad,R203,P1048,Retail,SMB,1,18167.49,0.0,7.0,No
ORD-103577,2025-05-01,South,Chennai,R211,P1023,Partner,Consumer,3,25503.35,0.0,8.0,No
ORD-104827,2025-05-02,South,Kochi,R207,P1011,Retail,Consumer,5,59870.88,0.1,9.0,No
ORD-104788,2024-04-22,North,Lucknow,R202,P1008,Retail,Consumer,2,42415.98,0.1,10.0,No
ORD-101836,2025-07-12,North,Chandigarh,R202,P1049,Online,Consumer,4,15610.34,0.0,11.0,No
ORD-102453,2024-05-21,East,Guwahati,R212,P1031,Online,Consumer,3,827.18,0.1,3.0,No
ORD-104068,2025-04-19,South,Bengaluru,R207,P1035,Retail,SMB,1,322.49,0.2,4.0,No
ORD-102008,2025-07-13,South,Chennai,R219,P1022,Online,SMB,1,18973.38,0.05,11.0,No
ORD-105621,2024-08-05,North,Jaipur,R218,P1037,Retail,Consumer,3,922.5,0.05,11.0,No
ORD-100047,2024-10-31,North,Lucknow,R214,P1010,Partner,Corporate,7,74397.0,0.0,10.0,No
ORD-102201,2025-02-12,South,Bengaluru,R203,P1001,Retail,Consumer,2,65791.08,0.0,8.0,No
ORD-104402,2024-05-18,North,Delhi,R206,P1051,Retail,Consumer,5,35339.99,0.0,1.0,No
ORD-100397,2025-12-24,South,Hyderabad,R215,P1028,Online,Corporate,2,22387.55,0.1,5.0,Yes
ORD-101507,2025-06-30,South,Kochi,R203,P1050,Partner,SMB,2,14321.82,0.0,5.0,No
ORD-105884,2025-02-11,North,Jaipur,R214,P1033,Retail,SMB,3,870.57,0.05,5.0,No
ORD-102612,2025-02-19,West,Mumbai,R205,P1022,Online,Consumer,5,18338.71,0.2,9.0,No
ORD-103152,2024-06-03,East,Kolkata,R212,P1013,Partner,Corporate,2,57988.61,0.1,6.0,No
ORD-104977,2024-06-17,South,Kochi,R219,P1006,Retail,Consumer,1,50794.5,0.0,8.0,No
ORD-105935,2024-02-01,EAST,Bhubaneswar,R212,P1029,Partner,SMB,1,16126.51,0.0,4.0,No
ORD-103604,2025-03-20,East,Patna,R200,P1022,Partner,Corporate,3,18613.71,0.2,11.0,No
ORD-105350,2024-07-04,West,Surat,R209,P1045,Online,SMB,3,452.34,0.05,5.0,No
ORD-100986,2024-09-12,South,Kochi,R203,P1044,Partner,Corporate,6,898.87,0.0,7.0,No
ORD-105744,2024-08-05,West,Mumbai,R213,P1024,Retail,Corporate,1,13127.31,0.0,8.0,Yes
ORD-105510,2025-06-09,North,Delhi,R206,P1001,Retail,SMB,4,64758.49,0.0,6.0,No
ORD-101434,2025-06-15,West,Mumbai,R201,P1043,Retail,SMB,5,271.81,0.05,11.0,No
ORD-102532,2025-06-13,West,Surat,R213,P1041,Retail,Consumer,3,803.85,0.1,2.0,No
ORD-105622,2025-06-22,South,Kochi,R215,P1008,Partner,Corporate,2,43118.27,0.2,7.0,No
ORD-100237,2024-03-29,South,Bengaluru,R203,P1024,Partner,Consumer,4,13195.3,0.2,9.0,No
ORD-102119,2024-04-19,West,Mumbai,R205,P1055,Partner,SMB,2,13635.16,0.0,2.0,No
ORD-102286,2025-11-17,North,Delhi,R214,P1049,Partner,SMB,5,14800.67,0.05,6.0,No
ORD-104684,2025-06-08,West,Surat,R209,P1032,Retail,Consumer,3,881.38,0.05,3.0,No
ORD-103279,2025-01-15,West,Mumbai,R205,P1044,Retail,Consumer,4,873.3,0.15,9.0,No
ORD-101104,2025-11-21,West,Pune,R205,P1036,Online,SMB,5,463.58,0.0,6.0,No
ORD-103871,2025-07-14,West,Surat,R217,P1027,Partner,Consumer,2,22504.54,0.0,8.0,No
ORD-100802,2025-03-07,North,Delhi,R218,P1054,Partner,Consumer,4,18037.83,0.0,,No
ORD-105186,2025-01-08,West,Ahmedabad,R201,P1030,Online,Consumer,2,8318.65,0.0,11.0,No
ORD-105785,2025-05-17,South,Bengaluru,R203,P1015,Partner,Consumer,5,34068.89,0.1,5.0,No
ORD-104917,2025-05-30,West,Ahmedabad,R209,P1015,Partner,Consumer,4,33884.19,0.0,9.0,No
ORD-103868,2024-01-09,North,Delhi,R214,P1017,Retail,Corporate,3,12137.77,0.0,5.0,No
ORD-104272,2025-07-25,South,Chennai,R203,P1021,Online,Corporate,1,17008.81,0.0,6.0,No
ORD-101737,2024-03-16,North,Lucknow,R214,P1048,Partner,SMB,4,17601.31,0.0,4.0,No
ORD-104360,2024-02-12,East,Kolkata,R200,P1022,Online,SMB,5,18296.44,0.0,1.0,No
ORD-103834,2025-10-20,North,Chandigarh,R214,P1043,Partner,Consumer,5,275.44,0.0,10.0,No
ORD-104464,2025-03-06,South,Bengaluru,R219,P1032,Online,SMB,3,878.33,0.05,6.0,No
ORD-105282,2024-03-17,West,Ahmedabad,R201,P1023,Retail,SMB,3,24935.16,0.1,5.0,No
ORD-104223,2025-10-03,East,Bhubaneswar,R200,P1043,Online,Consumer,4,269.48,0.05,10.0,No
ORD-100034,2025-02-04,North,Chandigarh,R210,P1041,Retail,SMB,2,810.67,0.05,7.0,No
ORD-102245,2025-05-19,West,Ahmedabad,R213,P1018,Retail,SMB,3,13316.21,0.2,3.0,No
ORD-102984,2024-04-16,South,Kochi,R211,P1044,Partner,Corporate,4,882.06,0.0,4.0,No
ORD-103705,2024-07-21,West,Pune,R209,P1029,Retail,Corporate,3,16311.45,0.1,3.0,No
ORD-104032,2025-12-18,East,Patna,R216,P1049,Retail,SMB,8,15658.11,0.15,9.0,Yes
ORD-105258,2024-08-20,North,Chandigarh,R206,P1010,Retail,Corporate,3,74615.6,0.15,2.0,No
ORD-100564,2024-05-03,East,Bhubaneswar,R216,P1004,Partner,Corporate,4,74815.23,0.0,4.0,No
ORD-104034,2025-04-16,East,Kolkata,R204,P1016,Partner,Corporate,8,24760.66,0.0,4.0,Yes
ORD-104981,2025-01-13,East,Guwahati,R208,P1015,Partner,SMB,3,32288.92,0.0,4.0,No
ORD-100074,2024-12-13,North,Jaipur,R214,P1035,Retail,SMB,4,333.73,0.1,3.0,No
ORD-100855,2025-03-11,South,Chennai,R207,P1021,Retail,Corporate,2,17137.88,0.0,6.0,No
ORD-100309,2025-03-15,East,Kolkata,R204,P1042,Online,Consumer,3,827.3,0.0,4.0,No
ORD-103163,2024-12-09,North,Chandigarh,R218,P1031,Partner,SMB,5,831.66,0.15,11.0,No
ORD-100282,2024-08-28,North,Lucknow,R202,P1021,Online,Consumer,3,16963.7,0.0,1.0,No
ORD-103411,2025-02-20,South,Chennai,R207,P1002,Online,Corporate,2,77693.33,0.2,7.0,Yes
ORD-103434,2024-04-18,West,Surat,R201,P1037,Online,Consumer,2,898.23,0.05,7.0,No
ORD-100547,2024-12-11,East,Patna,R208,P1016,Online,Corporate,5,25436.22,0.1,8.0,No
ORD-103708,2025-05-04,West,Ahmedabad,R205,P1018,Online,SMB,3,14090.28,0.0,8.0,No
ORD-105413,2024-06-13,East,Bhubaneswar,R208,P1028,Retail,Consumer,5,21823.51,0.0,10.0,No
ORD-101570,2024-08-08,West,Ahmedabad,R201,P1004,Partner,Consumer,2,75612.67,0.0,11.0,No
ORD-102581,2025-08-26, West,Pune,R205,P1032,Online,SMB,2,843.12,0.0,4.0,No
ORD-101158,2024-11-22,East,Guwahati,R216,P1047,Online,Corporate,1,19684.7,0.0,2.0,No
ORD-101680,2024-01-30,South,Kochi,R219,P1043,Retail,Consumer,6,283.98,0.0,8.0,No
ORD-100720,2025-12-28,West,Ahmedabad,R209,P1005,Online,Corporate,10,29318.92,0.1,10.0,No
ORD-100291,2025-10-29,SOUTH,Chennai,R211,P1046,Partner,Consumer,8,14039.82,0.0,10.0,No
ORD-100540,2024-10-22,East,Patna,R212,P1055,Partner,Consumer,7,13839.57,0.05,1.0,No
ORD-103351,2024-02-08,West,Ahmedabad,R217,P1054,Online,Consumer,2,18024.47,0.15,4.0,No
ORD-102232,2025-05-28,South,Kochi,R215,P1039,Online,SMB,2,587.11,0.0,11.0,No
ORD-101036,2024-01-30,South,Bengaluru,R215,P1021,Retail,Consumer,7,16736.25,0.0,5.0,Yes
ORD-103099,2024-06-27,South,Kochi,R203,P1009,Retail,SMB,3,45458.4,0.0,9.0,No
ORD-101047,2024-01-20,South,Bengaluru,R211,P1046,Partner,Consumer,4,14023.74,0.0,6.0,No
ORD-104246,2024-06-22,West,Pune,R201,P1042,Retail,SMB,7,871.29,0.05,4.0,No
ORD-103289,2025-08-10,North,Chandigarh,R202,P1055,Retail,Consumer,1,13531.3,0.0,6.0,No
ORD-102315,2024-08-07,West,Ahmedabad,R201,P1002,Retail,SMB,1,75107.32,0.15,11.0,No
ORD-105858,2025-02-27,South,Chennai,R207,P1015,Online,Corporate,4,33224.53,0.0,11.0,No
ORD-100060,2025-01-17,East,Bhubaneswar,R208,P1047,Online,SMB,4,19859.96,0.0,4.0,No
ORD-101599,2025-07-14,West,Surat,R205,P1003,Retail,SMB,2,33372.14,0.0,5.0,No
ORD-104493,2025-10-17,East,Kolkata,R216,P1002,Retail,SMB,6,78226.8,0.1,6.0,No
ORD-101189,2024-11-07,North,Lucknow,R202,P1028,Online,Consumer,3,22505.95,0.0,2.0,No
ORD-104657,2024-04-18,South,Hyderabad,R219,P1043,Partner,Consumer,3,280.91,0.0,2.0,No
ORD-104221,2025-06-01,South,Bengaluru,R211,P1007,Online,SMB,3,68816.85,0.15,2.0,No
ORD-105567,2024-03-19,North,Jaipur,R202,P1048,Partner,SMB,2,17339.99,0.05,5.0,No
ORD-102443,2025-10-04,West,Pune,R213,P1055,Retail,SMB,4,13989.37,0.05,9.0,No
ORD-104898,2025-10-22,North,Lucknow,R210,P1019,Online,SMB,9,9566.0,0.0,11.0,No
ORD-100535,2025-09-12,West,Surat,R201,P1011,Retail,SMB,3,61737.2,0.0,4.0,No
ORD-104801,2025-12-13,North,Jaipur,R218,P1007,Retail,SMB,3,66700.04,0.0,7.0,No
ORD-105407,2024-05-31,West,Pune,R213,P1040,Retail,Corporate,4,865.69,0.0,8.0,No
ORD-104482,2025-01-22,East,Patna,R212,P1009,Online,Corporate,1,44489.65,0.1,4.0,No
ORD-104807,2024-10-03,SOUTH,Kochi,R207,P1045,Partner,SMB,2,450.23,0.0,4.0,No
ORD-104126,2024-11-24,North,Delhi,R214,P1011,Online,SMB,3,61718.27,0.2,6.0,No
ORD-100581,2025-09-18,East,Bhubaneswar,R204,P1025,Retail,Consumer,3,16853.29,0.0,2.0,No
ORD-104661,2025-06-01,North,Jaipur,R218,P1008,Partner,Corporate,3,41242.35,0.0,3.0,No
ORD-100195,2025-04-19,West,Pune,R209,P1038,Retail,Corporate,3,332.44,0.0,11.0,No
ORD-101263,2024-01-02,North,Chandigarh,R210,P1042,Partner,Consumer,6,870.29,0.0,11.0,No
ORD-100172,2024-01-03,West,Pune,R201,P1046,Retail,SMB,2,14059.84,0.1,8.0,No
ORD-104066,2024-07-16,North,Delhi,R218,P1029,Retail,Corporate,4,15794.93,0.05,1.0,No
ORD-103373,2024-11-06,East,Patna,R204,P1029,Online,Consumer,4,15964.91,0.1,7.0,No
ORD-104599,2025-05-28,West,Mumbai,R213,P1035,Partner,Corporate,4,338.88,0.0,2.0,No
ORD-102870,2024-02-18,West,Ahmedabad,R217,P1055,Partner,Consumer,1,13584.16,0.05,11.0,No
ORD-102569,2024-03-16,East,Patna,R200,P1042,Partner,Corporate,4,834.16,0.15,4.0,No
ORD-100924,2025-07-20,North,Delhi,R214,P1048,Partner,Corporate,2,17413.19,0.1,5.0,No
ORD-102750,2025-12-19,East,Guwahati,R200,P1029,Retail,SMB,4,15520.53,0.15,8.0,No
ORD-101013,2024-10-14,South,Kochi,R219,P1012,Retail,Consumer,2,92524.87,0.1,9.0,No
ORD-104606,2025-04-02,West,Pune,R205,P1029,Online,SMB,2,15764.67,0.0,5.0,Yes
ORD-101173,2024-06-25,South,Hyderabad,R219,P1011,Partner,SMB,2,60721.38,0.05,3.0,No
ORD-101562,2024-04-04,East,Guwahati,R212,P1048,Retail,SMB,2,17432.21,0.2,4.0,No
ORD-102597,2025-04-17,West,Ahmedabad,R201,P1047,Online,SMB,3,19666.55,0.0,5.0,No
ORD-101641,2024-10-21,East,Bhubaneswar,R200,P1044,Partner,SMB,7,868.3,0.15,7.0,No
ORD-103903,2024-07-15,East,Guwahati,R208,P1031,Retail,SMB,1,865.98,0.0,7.0,Yes
ORD-105956,2025-05-26,South,Hyderabad,R219,P1001,Online,Consumer,2,66006.21,0.05,5.0,No
ORD-101430,2024-11-20,North,Chandigarh,R214,P1009,Online,Consumer,3,44893.47,0.1,1.0,No
ORD-103655,2024-03-05,South,Hyderabad,R215,P1035,Retail,Consumer,2,333.3,0.1,9.0,No
ORD-103506,2024-07-23,North,Delhi,R214,P1028,Partner,Corporate,2,23011.09,0.0,1.0,No
ORD-103901,2025-12-28,North,Lucknow,R210,P1053,Retail,Consumer,5,30765.59,0.0,4.0,No
ORD-105669,2024-03-23,South,Chennai,R219,P1026,Retail,Corporate,5,8786.88,0.0,1.0,No
ORD-103003,2024-11-13,South,Chennai,R219,P1026,Retail,Corporate,5,8633.53,0.0,3.0,No
ORD-103934,2024-03-24,East,Bhubaneswar,R204,P1050,Retail,SMB,3,14344.29,0.15,10.0,No
ORD-104519,2025-10-12,East,Patna,R200,P1021,Partner,Consumer,5,16868.66,0.0,9.0,No
ORD-101239,2024-08-20,North,Jaipur,R202,P1028,Online,SMB,2,22092.86,0.0,10.0,No
ORD-104621,2025-03-07,South,Bengaluru,R219,P1011,Online,SMB,4,61030.56,0.1,6.0,No
ORD-100415,2025-11-06,SOUTH,Hyderabad,R207,P1018,Partner,SMB,2,13452.16,0.05,7.0,No
ORD-104617,2024-08-05,West,Mumbai,R209,P1001,Retail,Consumer,3,63077.03,0.15,10.0,No
ORD-105289,2024-07-15,South,Bengaluru,R219,P1019,Partner,Consumer,3,9173.76,0.0,8.0,No
ORD-100982,2024-01-14,South,Kochi,R219,P1052,Online,SMB,2,18633.17,0.15,,No
ORD-101164,2025-07-11,West,Surat,R209,P1054,Retail,Corporate,5,18966.47,0.15,9.0,No
ORD-101779,2025-01-12,South,Bengaluru,R219,P1029,Online,SMB,3,15660.75,0.0,11.0,No
ORD-105480,2024-03-18,South,Chennai,R215,P1025,Retail,Consumer,3,16312.37,0.05,4.0,Yes
ORD-102965,2024-07-22,North,Lucknow,R202,P1017,Partner,Corporate,5,12092.51,0.0,7.0,No
ORD-104659,2024-08-31,South,Kochi,R207,P1037,Retail,SMB,9,896.66,0.1,7.0,No
ORD-100586,2024-08-23,West,Ahmedabad,R205,P1019,Online,Consumer,4,9154.5,0.05,10.0,No
ORD-100595,2024-09-08,West,Pune,R209,P1006,Retail,Consumer,1,50875.91,0.0,7.0,No
ORD-101811,2025-07-30,East,Bhubaneswar,R216,P1053,Online,Consumer,2,30968.42,0.15,3.0,No
ORD-100812,2024-12-28,North,Delhi,R210,P1047,Partner,Corporate,5,19222.82,0.0,9.0,No
ORD-101949,2025-11-12,North,Jaipur,R214,P1055,Partner,Corporate,2,13957.73,0.0,8.0,Yes
ORD-105681,2024-06-02,East,Guwahati,R200,P1019,Partner,SMB,1,9598.18,0.05,7.0,No
ORD-101167,2024-07-31,East,Bhubaneswar,R204,P1017,Retail,SMB,2,12673.94,0.0,1.0,No
ORD-101930,2024-07-31,West,Surat,R213,P1044,Online,SMB,2,887.4,0.1,9.0,No
ORD-100220,2025-05-18,South,Hyderabad,R207,P1049,Online,Corporate,2,14805.44,0.05,6.0,No
ORD-101065,2024-05-17,South,Chennai,R219,P1021,Partner,Consumer,3,16955.28,0.1,7.0,No
ORD-104864,2025-07-31,East,Kolkata,R208,P1034,Partner,Corporate,1,690.65,0.05,5.0,Yes
ORD-101692,2025-03-08,East,Guwahati,R212,P1029,Partner,Consumer,7,16211.72,0.0,9.0,No
ORD-104876,2025-11-07,North,Delhi,R206,P1038,Online,Corporate,7,339.68,0.0,7.0,No
ORD-103347,2024-09-05,South,Bengaluru,R207,P1033,Retail,SMB,3,835.8,0.0,8.0,No
ORD-102013,2025-10-22,East,Patna,R204,P1008,Partner,Consumer,7,41156.02,0.0,7.0,No
ORD-104062,2025-12-04,East,Kolkata,R200,P1049,Retail,SMB,6,15624.96,0.05,5.0,No
ORD-100774,2025-04-26,South,Kochi,R219,P1038,Partner,Corporate,5,331.67,0.0,4.0,No
ORD-100305,2025-01-24,North,Chandigarh,R206,P1047,Retail,SMB,4,19406.32,0.0,2.0,Yes
ORD-103974,2025-02-06,West,Ahmedabad,R217,P1040,Retail,Consumer,1,843.99,0.05,3.0,Yes
ORD-100439,2025-01-16,South,Kochi,R207,P1040,Partner,Consumer,4,879.63,0.2,11.0,No
ORD-100713,2024-12-02,West,Ahmedabad,R209,P1024,Retail,SMB,5,13116.3,0.0,10.0,No
ORD-105618,2025-01-23,West,Pune,R213,P1018,Partner,Corporate,2,13804.71,0.0,7.0,No
ORD-104770,2025-03-05,North,Chandigarh,R218,P1050,Retail,Consumer,1,14616.88,0.0,9.0,No
ORD-104673,2024-08-08,East,Kolkata,R204,P1015,Online,Consumer,3,33838.34,0.0,6.0,No
ORD-101024,2025-09-28,South,Chennai,R219,P1018,Partner,SMB,3,14091.63,0.0,2.0,No
ORD-103232,2024-08-08,East,Kolkata,R212,P1055,Retail,SMB,2,14095.85,0.0,6.0,No
ORD-101082,2025-04-09,South,Bengaluru,R203,P1037,Online,SMB,4,882.38,0.0,8.0,No
ORD-102727,2025-08-31,South,Chennai,R203,P1008,Retail,Consumer,1,41597.03,0.0,3.0,No
ORD-103846,2025-07-14,South,Chennai,R211,P1023,Partner,Consumer,1,25894.82,0.0,9.0,No
ORD-102293,2025-10-29,East,Kolkata,R208,P1014,Retail,Corporate,3,39895.28,0.05,7.0,No
ORD-100734,2024-04-04,WEST,Ahmedabad,R209,P1036,Retail,SMB,1,470.34,0.1,3.0,No
ORD-101674,2025-11-08,North,Delhi,R218,P1021,Partner,SMB,3,17340.49,0.0,8.0,No
ORD-103066,2024-01-18,South,Chennai,R215,P1012,Online,SMB,1,88152.76,0.0,1.0,No
ORD-104216,2024-10-13,East,Guwahati,R216,P1031,Online,Consumer,8,874.55,0.0,10.0,No
ORD-104629,2024-12-17,East,Kolkata,R204,P1021,Partner,Corporate,7,16815.27,0.0,9.0,No
ORD-105918,2025-02-21,South,Chennai,R215,P1005,Partner,Corporate,3,29373.04,0.0,10.0,No
ORD-103470,2024-02-23,South,Hyderabad,R219,P1013,Partner,Corporate,1,59381.71,0.0,9.0,No
ORD-103502,2025-10-02,East,Bhubaneswar,R212,P1050,Retail,Corporate,5,14902.09,0.1,1.0,No
ORD-102113,2025-06-12,East,Guwahati,R216,P1043,Online,SMB,4,269.09,0.0,2.0,No
ORD-105967,2025-07-07,West,Pune,R217,P1027,Online,Corporate,2,23503.17,0.0,2.0,No
ORD-101610,2025-01-07,South,Chennai,R211,P1055,Online,SMB,2,14106.62,0.15,10.0,No
ORD-101643,2024-06-25,East,Bhubaneswar,R212,P1042,Retail,SMB,4,832.91,0.0,6.0,No
ORD-101219,2024-06-14,North,Lucknow,R218,P1029,Retail,Consumer,2,15672.87,0.0,9.0,No
ORD-101604,2025-12-01,North,Delhi,R206,P1044,Partner,Consumer,4,904.14,0.0,9.0,No
ORD-100357,2025-04-01,East,Patna,R200,P1028,Partner,SMB,2,21813.86,0.0,11.0,No
ORD-103650,2025-09-25,North,Chandigarh,R206,P1010,Online,Consumer,2,75201.55,0.0,1.0,No
ORD-100530,2024-11-23,West,Mumbai,R213,P1009,Retail,SMB,2,43204.1,0.05,4.0,No
ORD-103469,2025-02-10,East,Patna,R204,P1042,Online,SMB,4,859.65,0.1,8.0,No
ORD-105816,2025-12-02,East,Kolkata,R212,P1043,Online,Consumer,6,277.57,0.0,1.0,No
ORD-101093,2024-10-29,South,Bengaluru,R215,P1054,Partner,Consumer,-7,18813.23,0.0,3.0,No
ORD-101765,2025-02-23,East,Bhubaneswar,R212,P1028,Retail,Corporate,4,22157.56,0.0,3.0,No
ORD-104669,2025-10-11,North,Delhi,R206,P1047,Partner,Corporate,6,19852.29,0.0,2.0,No
ORD-102444,2025-01-26,West,Pune,R213,P1024,Partner,SMB,3,13201.53,0.1,6.0,No
ORD-101935,2025-06-26,West,Pune,R201,P1009,Online,Consumer,2,44908.07,0.0,10.0,No
ORD-100985,2025-10-16,North,Chandigarh,R218,P1049,Online,Corporate,5,15177.87,0.15,4.0,No
ORD-104695,2025-08-20,East,Guwahati,R204,P1003,Retail,Consumer,4,32886.77,0.2,10.0,No
ORD-102981,2024-07-17,East,Patna,R208,P1031,Partner,SMB,3,834.67,0.05,1.0,No
ORD-103857,2024-01-09,North,Jaipur,R210,P1019,Partner,Consumer,2,9188.64,0.05,7.0,No
ORD-103889,2025-10-07,South,Chennai,R219,P1022,Partner,Corporate,3,18014.89,0.0,11.0,No
ORD-105872,2024-05-31,South,Chennai,R219,P1047,Online,SMB,4,18923.46,0.05,9.0,No
ORD-103375,2025-02-06,South,Chennai,R211,P1031,Partner,Consumer,4,871.81,0.15,9.0,No
ORD-102337,2025-11-21,West,Ahmedabad,R217,P1016,Retail,Consumer,4,25099.21,0.15,2.0,No
ORD-104786,2025-11-14, West,Pune,R209,P1011,Partner,SMB,3,62695.32,0.1,10.0,No
ORD-103536,2025-11-18,West,Surat,R201,P1001,Retail,SMB,9,66256.45,0.0,5.0,No
ORD-105328,2025-07-02,North,Jaipur,R218,P1031,Online,SMB,1,856.55,0.0,3.0,No
ORD-103219,2024-02-13,West,Surat,R201,P1018,Online,Corporate,1,13999.43,0.0,2.0,No
ORD-104277,2024-06-27,East,Kolkata,R208,P1039,Partner,SMB,5,594.04,0.2,4.0,Yes
ORD-105088,2025-08-01,West,Mumbai,R201,P1004,Online,Consumer,2,74580.37,0.2,11.0,No
ORD-101288,2024-01-26,East,Kolkata,R216,P1001,Retail,Consumer,3,65928.7,0.05,10.0,No
ORD-103384,2024-07-17,West,Mumbai,R217,P1042,Retail,SMB,4,828.85,0.15,3.0,No
ORD-100137,2025-07-23,West,Mumbai,R217,P1012,Retail,Consumer,5,87881.91,0.05,7.0,No
ORD-100973,2025-03-09,South,Hyderabad,R219,P1052,Partner,SMB,3,19594.66,0.0,2.0,No
ORD-105657,2024-07-05,West,Mumbai,R201,P1039,Retail,Corporate,3,586.53,0.2,6.0,No
ORD-101648,2024-06-20,South,Bengaluru,R219,P1013,Partner,Corporate,2,57657.09,0.0,9.0,No
ORD-103582,2025-09-26,North,Lucknow,R214,P1010,Online,SMB,4,73266.15,0.0,5.0,No
ORD-103510,2024-11-19,South,Hyderabad,R211,P1007,Online,SMB,2,68312.56,0.0,7.0,No
ORD-100615,2024-11-15,East,Guwahati,R204,P1031,Partner,Consumer,6,828.66,0.05,,No
ORD-104534,2025-01-31,East,Kolkata,R208,P1047,Partner,Consumer,1,19228.06,0.2,8.0,No
ORD-105124,2025-09-16,South,Chennai,R203,P1031,Retail,Consumer,3,833.65,0.0,2.0,No
ORD-101858,2024-07-26,South,Kochi,R211,P1055,Partner,Consumer,6,13584.05,0.0,9.0,No
ORD-105300,2024-08-23,South,Bengaluru,R211,P1036,Partner,Consumer,3,482.39,0.2,9.0,No
ORD-105142,2024-04-23,South,Chennai,R203,P1048,Online,Corporate,4,17354.26,0.0,8.0,No
ORD-104259,2025-05-29,East,Guwahati,R208,P1011,Online,Consumer,2,63165.04,0.0,11.0,No
ORD-101711,2024-09-22,North,Delhi,R202,P1031,Retail,SMB,3,836.37,0.0,3.0,No
ORD-102268,2025-01-31,East,Bhubaneswar,R216,P1011,Online,Corporate,1,62703.49,0.0,11.0,No
ORD-105891,2024-01-16,West,Pune,R201,P1048,Partner,Consumer,2,17329.5,0.0,6.0,No
ORD-105826,2025-01-21,West,Ahmedabad,R213,P1045,Online,SMB,3,434.94,0.0,4.0,No
ORD-102424,2024-03-23,West,Pune,R213,P1001,Online,Corporate,3,63694.12,0.0,4.0,No
ORD-100158,2025-01-22,South,Bengaluru,R211,P1028,Retail,SMB,4,22303.36,0.0,6.0,No
ORD-105463,2025-06-13,South,Chennai,R207,P1046,Partner,Consumer,1,14454.68,0.0,11.0,Yes
ORD-103675,2024-07-29,North,Lucknow,R206,P1015,Retail,Corporate,2,33466.76,0.0,11.0,No
ORD-101366,2025-10-07,West,Mumbai,R217,P1026,Partner,Consumer,6,8729.27,0.0,11.0,No
ORD-100414,2024-03-19,South,Chennai,R219,P1021,Retail,Corporate,3,17522.57,0.0,7.0,No
ORD-102773,2024-05-27,West,Ahmedabad,R213,P1042,Retail,SMB,2,863.94,0.1,11.0,No
ORD-103810,2025-05-06,South,Chennai,R211,P1026,Retail,Corporate,3,8590.53,0.0,1.0,No
ORD-102330,2025-12-07,WEST,Mumbai,R217,P1020,Partner,Consumer,5,12135.53,0.0,2.0,No
ORD-104203,2024-07-30,North,Jaipur,R206,P1046,Partner,SMB,3,14235.91,0.05,10.0,No
ORD-103202,2024-11-07,West,Ahmedabad,R213,P1039,Retail,SMB,5,604.03,0.0,1.0,No
ORD-104100,2024-09-08,West,Pune,R209,P1025,Retail,Consumer,2,16317.27,0.2,1.0,No
ORD-102697,2024-01-07,East,Patna,R212,P1003,Online,SMB,2,32197.45,0.15,3.0,No
ORD-103181,2025-10-14,West,Mumbai,R205,P1028,Retail,Consumer,4,22988.57,0.0,9.0,No
ORD-104477,2025-08-11,North,Delhi,R206,P1032,Retail,Consumer,1,850.81,0.0,1.0,No
ORD-101040,2024-03-08,West,Surat,R209,P1022,Retail,SMB,2,18510.7,0.15,10.0,No
ORD-104893,2024-09-17,North,Chandigarh,R206,P1046,Partner,Corporate,3,14347.56,0.0,9.0,No
ORD-105533,2025-04-16,West,Surat,R217,P1020,Online,Consumer,1,12382.77,0.1,6.0,No
ORD-103370,2024-09-20,East,Guwahati,R208,P1048,Partner,Corporate,1,17506.97,0.0,6.0,No
ORD-104281,2024-10-30,North,Delhi,R218,P1025,Retail,Consumer,3,16767.46,0.1,8.0,No
ORD-105225,2025-12-19,West,Pune,R217,P1052,Online,SMB,6,19071.51,0.05,10.0,No
ORD-100508,2025-04-16,West,Surat,R217,P1014,Partner,Corporate,5,39095.64,0.1,10.0,No
ORD-104195,2024-04-16,North,Chandigarh,R206,P1020,Retail,Consumer,5,11790.67,0.15,1.0,No
ORD-103724,2025-06-07,North,Lucknow,R214,P1025,Online,SMB,4,17208.54,0.1,1.0,No
ORD-105236,2024-07-12,East,Patna,R212,P1005,Online,SMB,5,29644.66,0.0,10.0,No
ORD-102448,2024-10-10,South,Kochi,R207,P1049,Retail,Corporate,4,14866.9,0.0,1.0,No
ORD-101781,2025-07-17,South,Bengaluru,R219,P1037,Retail,Corporate,7,891.62,0.0,4.0,No
ORD-104911,2025-01-01,East,Kolkata,R216,P1045,Partner,Consumer,3,447.28,0.0,1.0,No
ORD-102985,2025-03-24,West,Surat,R217,P1008,Online,Corporate,6,42173.04,0.1,9.0,No
ORD-105369,2025-04-18,East,Kolkata,R216,P1017,Online,SMB,6,12741.02,0.1,7.0,No
ORD-105593,2024-10-26,West,Pune,R201,P1014,Online,SMB,3,38541.0,0.05,6.0,No
ORD-102931,2024-01-22,East,Bhubaneswar,R208,P1029,Partner,Consumer,3,15517.7,0.0,2.0,No
ORD-105153,2025-09-22,West,Pune,R213,P1017,Partner,SMB,2,12702.63,0.0,2.0,No
ORD-103074,2024-03-15,East,Bhubaneswar,R216,P1015,Retail,SMB,3,33328.6,0.0,6.0,No
ORD-103522,2025-08-05,South,Kochi,R207,P1037,Retail,Corporate,3,918.71,0.0,1.0,No
ORD-105348,2025-11-26,West,Mumbai,R205,P1039,Online,Corporate,4,600.18,0.0,6.0,No
ORD-100543,2025-08-18,West,Pune,R209,P1028,Retail,Corporate,3,21988.43,0.0,1.0,No
ORD-103224,2024-09-30,South,Bengaluru,R211,P1002,Online,Consumer,5,78655.98,0.0,2.0,No
ORD-104528,2024-05-06,West,Pune,R213,P1015,Retail,SMB,2,32611.28,0.0,7.0,No
ORD-100223,2024-01-05,South,Bengaluru,R215,P1045,Partner,Consumer,3,443.11,0.0,5.0,No
ORD-104719,2024-08-10,West,Mumbai,R205,P1055,Online,Corporate,3,13641.09,0.2,7.0,No
ORD-104839,2024-04-17,South,Kochi,R219,P1031,Online,Corporate,4,853.44,0.1,7.0,No
ORD-101402,2024-03-03,West,Mumbai,R209,P1019,Retail,Consumer,5,9321.47,0.1,9.0,No
ORD-104546,2025-02-13,North,Lucknow,R214,P1032,Retail,Corporate,3,843.52,0.0,2.0,No
ORD-101872,2025-12-09,North,Chandigarh,R210,P1007,Partner,Corporate,8,67313.26,0.0,5.0,No
ORD-103988,2025-01-19,South,Chennai,R203,P1011,Online,SMB,6,60942.36,0.05,7.0,No
ORD-102136,2024-09-24,North,Lucknow,R206,P1038,Retail,SMB,1,320.72,0.15,9.0,No
ORD-100180,2024-10-13,South,Chennai,R203,P1012,Retail,SMB,4,89253.97,0.1,11.0,No
ORD-103683,2025-07-20,East,Bhubaneswar,R204,P1020,Online,SMB,1,12050.71,0.0,7.0,No
ORD-102173,2024-10-14,South,Bengaluru,R207,P1044,Retail,SMB,5,901.05,0.0,10.0,No
ORD-102778,2024-06-19,North,Jaipur,R206,P1054,Partner,Corporate,2,18315.45,0.2,,No
ORD-105105,2024-09-17,East,Patna,R216,P1012,Partner,SMB,2,92453.55,0.0,4.0,No
ORD-103205,2025-05-15,East,Kolkata,R200,P1018,Online,Consumer,2,13589.05,0.05,5.0,No
ORD-101322,2024-09-06,West,Mumbai,R209,P1030,Retail,SMB,3,7892.89,0.05,,No
ORD-103553,2024-12-12,South,Kochi,R203,P1041,Retail,SMB,9,808.63,0.0,8.0,No
ORD-104154,2024-03-06,South,Chennai,R203,P1051,Partner,Consumer,2,33827.43,0.0,4.0,No
ORD-100539,2025-11-01,South,Bengaluru,R207,P1048,Retail,Consumer,4,17812.42,0.15,2.0,No
ORD-100289,2025-11-14,South,Chennai,R207,P1023,Retail,SMB,6,25417.33,0.0,11.0,No
ORD-105909,2025-01-03,North,Chandigarh,R202,P1022,Online,SMB,2,18472.71,0.05,7.0,No
ORD-103121,2024-06-19,West,Ahmedabad,R217,P1002,Online,SMB,1,78801.23,0.0,4.0,No
ORD-100975,2024-08-11,South,Hyderabad,R215,P1020,Retail,Corporate,3,11864.53,0.0,5.0,No
ORD-102404,2025-09-25,North,Chandigarh,R202,P1035,Partner,Consumer,3,334.66,0.1,6.0,No
ORD-103957,2024-10-07,East,Kolkata,R212,P1024,Online,Consumer,5,13063.55,0.15,8.0,No
ORD-103812,2024-03-23,West,Surat,R205,P1014,Partner,SMB,2,40439.12,0.0,8.0,No
ORD-105742,2025-11-14,North,Lucknow,R202,P1050,Partner,SMB,9,14789.05,0.0,4.0,No
ORD-104171,2025-11-28,South,Chennai,R219,P1006,Retail,Corporate,4,50327.7,0.0,10.0,No
ORD-100041,2025-03-04,North,Delhi,R210,P1036,Online,SMB,4,468.26,0.05,8.0,No
ORD-105148,2024-04-21,South,Kochi,R207,P1033,Retail,Consumer,3,838.42,0.1,5.0,No
ORD-105434,2024-02-10,West,Pune,R201,P1028,Partner,Corporate,2,22098.87,0.0,8.0,No
ORD-104181,2025-11-26,West,Ahmedabad,R201,P1019,Online,SMB,1,9571.52,0.0,6.0,No
ORD-103680,2025-05-02,North,Jaipur,R218,P1053,Partner,Corporate,1,30471.24,0.0,2.0,No
ORD-104506,2025-01-03,East,Guwahati,R200,P1014,Online,Consumer,5,39998.38,0.0,9.0,No
ORD-105898,2025-10-01,North,Lucknow,R214,P1015,Partner,Corporate,5,32326.98,0.1,1.0,No
ORD-104306,2025-03-06,East,Guwahati,R200,P1004,Partner,SMB,2,75159.29,0.0,1.0,No
ORD-102846,2024-09-07,East,Patna,R216,P1022,Partner,SMB,3,18158.04,0.0,8.0,No
ORD-102930,2025-08-19,South,Kochi,R211,P1047,Retail,Corporate,3,19775.59,0.0,8.0,No
ORD-103126,2024-11-26,East,Guwahati,R216,P1020,Retail,Consumer,4,12326.14,0.0,1.0,No
ORD-105910,2024-06-22,North,Chandigarh,R214,P1050,Online,Consumer,2,14503.9,0.0,6.0,No
ORD-105773,2025-05-20,North,Lucknow,R210,P1011,Online,Corporate,1,60454.09,0.0,9.0,No
ORD-100876,2025-04-01,North,Jaipur,R218,P1049,Online,SMB,1,15215.94,0.0,7.0,No
ORD-102383,2024-01-07,West,Mumbai,R205,P1007,Retail,SMB,3,68182.94,0.0,11.0,No
ORD-101391,2025-02-07,West,Ahmedabad,R213,P1045,Online,SMB,1,452.69,0.0,11.0,No
ORD-105756,2025-11-06,West,Pune,R213,P1022,Online,Consumer,7,18950.09,0.05,8.0,No
ORD-100506,2025-04-22,North,Delhi,R214,P1024,Retail,Consumer,3,12724.29,0.0,5.0,No
ORD-104992,2024-03-21,South,Hyderabad,R215,P1010,Partner,SMB,5,74178.4,0.0,5.0,No
ORD-101014,2024-10-06,South,Chennai,R219,P1046,Retail,SMB,10,14464.65,0.05,11.0,No
ORD-103945,2024-08-22,North,Jaipur,R202,P1005,Partner,SMB,-3,29114.28,0.2,4.0,No
ORD-100387,2025-06-14,East,Guwahati,R208,P1046,Retail,Consumer,4,14114.67,0.0,7.0,No
ORD-103475,2024-07-05,North,Delhi,R214,P1001,Partner,Corporate,5,66206.44,0.0,8.0,No
ORD-100307,2025-01-18,North,Delhi,R210,P1039,Retail,SMB,4,577.37,0.0,8.0,No
ORD-101336,2025-08-26,West,Mumbai,R205,P1047,Partner,Corporate,2,19330.55,0.0,6.0,No
ORD-101863,2024-06-08,East,Guwahati,R216,P1024,Retail,Consumer,3,12866.5,0.0,5.0,No
ORD-101327,2025-12-25,West,Pune,R201,P1053,Online,SMB,3,30260.83,0.0,10.0,No
ORD-104437,2025-05-09,WEST,Surat,R205,P1011,Retail,Corporate,6,63072.01,0.0,2.0,No
ORD-103343,2025-09-08,East,Bhubaneswar,R216,P1042,Partner,Consumer,1,825.37,0.0,7.0,No
ORD-101255,2025-10-18,North,Lucknow,R210,P1026,Retail,Corporate,6,8725.29,0.0,2.0,No
ORD-104553,2024-10-31,North,Chandigarh,R202,P1023,Retail,SMB,4,25986.36,0.0,4.0,Yes
ORD-100340,2024-12-08,East,Patna,R212,P1021,Online,Corporate,2,17723.75,0.0,9.0,No
ORD-101801,2025-10-15,North,Jaipur,R218,P1053,Partner,SMB,3,31951.89,0.0,9.0,No
ORD-105576,2025-03-25,North,Lucknow,R218,P1004,Retail,SMB,4,74652.81,0.0,6.0,No
ORD-101955,2024-06-25,West,Surat,R205,P1022,Online,Consumer,1,18936.1,0.05,7.0,No
ORD-105294,2024-04-09,South,Hyderabad,R207,P1036,Partner,Corporate,3,469.88,0.1,2.0,No
ORD-104107,2024-12-16,East,Guwahati,R204,P1027,Partner,SMB,6,22718.49,0.0,11.0,No
ORD-102004,2024-01-12,West,Ahmedabad,R217,P1001,Partner,SMB,2,64197.93,0.05,10.0,No
ORD-102595,2025-01-03,East,Patna,R216,P1044,Partner,Corporate,2,897.57,0.0,8.0,No
ORD-100747,2024-05-17,North,Chandigarh,R202,P1055,Partner,SMB,1,13437.66,0.0,4.0,No
ORD-103854,2024-06-10,West,Mumbai,R205,P1004,Online,Consumer,1,71313.04,0.1,9.0,No
ORD-105511,2024-10-30,South,Chennai,R203,P1043,Online,SMB,2,282.2,0.0,11.0,Yes
ORD-104591,2025-09-17,East,Bhubaneswar,R208,P1034,Retail,SMB,2,710.49,0.0,2.0,No
ORD-102053,2024-09-09,East,Patna,R204,P1001,Retail,Corporate,5,65607.12,0.1,1.0,No
ORD-103951,2024-03-22,West,Surat,R201,P1011,Partner,Corporate,3,60751.94,0.0,9.0,No
ORD-101503,2024-04-08,North,Jaipur,R206,P1039,Partner,SMB,1,582.55,0.05,11.0,No
ORD-105017,2024-02-11,South,Kochi,R215,P1020,Online,Corporate,2,11982.52,0.0,3.0,No
ORD-103894,2024-12-20,East,Guwahati,R200,P1003,Retail,SMB,5,32557.31,0.0,4.0,No
ORD-101780,2024-04-27,South,Kochi,R219,P1050,Partner,Consumer,1,14267.07,0.0,9.0,No
ORD-103589,2025-11-03,West,Ahmedabad,R201,P1053,Partner,SMB,6,31303.36,0.1,7.0,No
ORD-100765,2025-03-04,North,Jaipur,R202,P1026,Online,SMB,4,8809.04,0.0,,No
ORD-104640,2024-10-30,West,Mumbai,R209,P1022,Partner,Corporate,5,18194.81,0.1,9.0,No
ORD-100925,2025-10-07,South,Bengaluru,R211,P1047,Online,Corporate,8,19646.26,0.15,6.0,No
ORD-100856,2024-07-26,North,Lucknow,R214,P1053,Online,SMB,3,31109.03,0.05,6.0,No
ORD-102620,2024-12-03,North,Jaipur,R206,P1025,Partner,SMB,1,16298.22,0.1,10.0,No
ORD-105889,2025-01-27,South,Bengaluru,R203,P1001,Retail,SMB,2,63399.82,0.1,6.0,No
ORD-101270,2024-06-08,South,Hyderabad,R219,P1023,Retail,Consumer,6,24517.96,0.05,2.0,No
ORD-105202,2024-07-22,West,Mumbai,R217,P1015,Online,Consumer,2,32973.24,0.05,10.0,No
ORD-101839,2025-01-10,East,Kolkata,R208,P1027,Online,Corporate,3,22503.83,0.2,1.0,No
ORD-101114,2024-12-02,East,Bhubaneswar,R204,P1039,Partner,SMB,3,585.1,0.2,5.0,No
ORD-105703,2024-09-06,West,Mumbai,R201,P1027,Retail,Corporate,5,23674.21,0.0,5.0,No
ORD-103277,2025-02-17,West,Ahmedabad,R209,P1005,Online,Consumer,-3,27963.68,0.0,5.0,No
ORD-100751,2024-11-14,North,Lucknow,R202,P1021,Online,Corporate,4,16827.61,0.0,10.0,No
ORD-105206,2025-02-11,South,Kochi,R219,P1036,Online,Corporate,1,460.48,0.15,10.0,No
ORD-102703,2024-01-16,East,Bhubaneswar,R216,P1029,Partner,SMB,4,15904.54,0.0,,No
ORD-105037,2024-03-15,East,Guwahati,R208,P1030,Retail,Corporate,1,8330.15,0.0,2.0,No
ORD-104716,2024-12-25,South,Chennai,R211,P1027,Retail,SMB,7,22618.98,0.0,1.0,No
ORD-100151,2024-06-06,South,Hyderabad,R219,P1050,Partner,SMB,4,14607.79,0.0,11.0,No
ORD-101032,2025-12-15,East,Guwahati,R208,P1014,Online,Corporate,5,40599.69,0.0,5.0,No
ORD-102508,2024-09-24,South,Hyderabad,R219,P1030,Retail,Consumer,2,8114.38,0.0,5.0,No
ORD-101442,2025-05-30,North,Jaipur,R210,P1012,Partner,SMB,1,91330.18,0.0,3.0,No
ORD-100346,2024-07-01,East,Guwahati,R204,P1007,Online,Corporate,4,67004.5,0.0,8.0,No
ORD-104323,2025-08-22,North,Delhi,R218,P1012,Online,Corporate,6,89817.64,0.2,7.0,No
ORD-102630,2024-04-29,South,Bengaluru,R219,P1042,Online,Corporate,2,836.95,0.1,3.0,No
ORD-101670,2025-08-26,West,Surat,R213,P1016,Retail,Corporate,5,25120.62,0.0,10.0,No
ORD-100706,2025-12-08,North,Jaipur,R214,P1026,Online,Corporate,8,8515.23,0.0,4.0,No
ORD-105607,2024-07-17,West,Ahmedabad,R217,P1009,Retail,Consumer,3,43944.63,0.1,6.0,No
ORD-102675,2025-08-03,East,Guwahati,R216,P1036,Retail,Corporate,2,476.23,0.05,5.0,No
ORD-103451,2025-03-13,South,Hyderabad,R215,P1054,Online,SMB,5,18032.3,0.1,,No
ORD-101746,2025-12-05,West,Surat,R209,P1003,Retail,SMB,2,33083.19,0.0,5.0,No
ORD-105729,2024-03-17,West,Pune,R217,P1034,Online,Consumer,3,692.85,0.0,10.0,No
ORD-101400,2025-12-01,West,Surat,R205,P1010,Online,Corporate,4,72796.66,0.0,7.0,No
ORD-101017,2025-10-16,South,Bengaluru,R207,P1009,Partner,Consumer,8,44409.96,0.0,7.0,No
ORD-102887,2025-09-27,South,Bengaluru,R207,P1046,Partner,SMB,2,14289.28,0.0,7.0,No
ORD-103159,2025-05-19,North,Delhi,R214,P1015,Online,Consumer,4,32383.82,0.05,2.0,No
ORD-104431,2025-06-19,East,Bhubaneswar,R204,P1006,Online,Corporate,3,50064.7,0.0,10.0,No
ORD-101649,2024-03-23,South,Kochi,R211,P1049,Partner,Consumer,2,15052.4,0.0,8.0,No
ORD-102240,2025-04-15,North,Delhi,R202,P1032,Online,SMB,3,881.35,0.0,6.0,No
ORD-104826,2025-08-19,North,Jaipur,R214,P1021,Partner,Corporate,2,16963.55,0.1,4.0,No
ORD-101502,2024-03-27,South,Hyderabad,R203,P1009,Partner,SMB,2,44438.17,0.05,9.0,No
ORD-100087,2025-02-24,East,Bhubaneswar,R200,P1034,Online,Corporate,2,705.94,0.0,11.0,No
ORD-105754,2024-11-08,West,Pune,R217,P1031,Partner,Corporate,3,831.54,0.0,2.0,No
ORD-102699,2024-05-22,West,Pune,R209,P1036,Retail,SMB,4,480.12,0.15,11.0,No
ORD-100521,2024-01-26,South,Chennai,R219,P1041,Retail,Consumer,3,817.53,0.0,3.0,No
ORD-105777,2024-03-21,West,Ahmedabad,R201,P1024,Retail,Corporate,2,13087.96,0.0,5.0,No
ORD-101556,2024-10-11,East,Guwahati,R204,P1010,Online,SMB,7,72512.1,0.0,11.0,No
ORD-105493,2025-02-01,North,Delhi,R214,P1018,Partner,SMB,3,13598.55,0.15,3.0,No
ORD-105472,2025-09-21,South,Bengaluru,R211,P1037,Online,Corporate,3,883.02,0.0,8.0,No
ORD-104935,2024-05-22,East,Patna,R212,P1025,Partner,Consumer,4,16779.35,0.15,7.0,No
ORD-103344,2024-11-22,East,Guwahati,R204,P1043,Retail,Consumer,5,270.4,0.0,3.0,No
ORD-105451,2024-02-17,West,Surat,R213,P1048,Online,SMB,3,18060.96,0.05,9.0,No
ORD-101201,2025-07-04,West,Mumbai,R209,P1015,Partner,Corporate,1,33265.77,0.0,6.0,No
ORD-102135,2025-11-06,South,Hyderabad,R219,P1021,Retail,SMB,6,17222.22,0.0,5.0,No
ORD-104799,2025-04-24,West,Ahmedabad,R213,P1043,Partner,Corporate,2,276.75,0.0,7.0,No
ORD-104993,2024-01-17,South,Hyderabad,R219,P1054,Partner,SMB,5,18493.16,0.05,5.0,No
ORD-105600,2025-08-31,East,Guwahati,R200,P1050,Online,Corporate,2,14749.5,0.05,9.0,No
ORD-103888,2025-04-11,South,Hyderabad,R219,P1023,Online,Consumer,4,25795.95,0.2,10.0,No
ORD-105906,2025-01-09,South,Kochi,R203,P1041,Partner,Corporate,3,828.1,0.0,10.0,Yes
ORD-102735,2024-08-02,North,Jaipur,R214,P1038,Partner,Consumer,2,322.94,0.15,7.0,No
ORD-104353,2024-02-25,West,Surat,R213,P1013,Online,SMB,4,59912.25,0.0,2.0,No
ORD-101142,2024-11-30,South,Chennai,R219,P1018,Partner,Consumer,5,13801.11,0.0,4.0,Yes
ORD-105431,2025-11-16,West,Ahmedabad,R213,P1010,Online,Consumer,7,73464.32,0.05,3.0,No
ORD-100010,2024-08-31,West,Pune,R209,P1013,Online,Corporate,4,58013.1,0.0,6.0,No
ORD-102945,2025-06-13,North,Delhi,R206,P1004,Online,Corporate,3,74355.93,0.0,10.0,No
ORD-103473,2024-09-08,North,Delhi,R210,P1022,Retail,Corporate,2,18167.03,0.0,9.0,No
ORD-104570,2024-06-26,East,Guwahati,R200,P1047,Online,Corporate,4,19040.88,0.0,3.0,No
ORD-104307,2025-03-08,East,Kolkata,R216,P1047,Partner,Corporate,4,19149.03,0.0,2.0,No
ORD-104326,2024-11-25,East,Kolkata,R204,P1004,Online,Corporate,6,75562.0,0.0,1.0,No
ORD-102964,2025-06-30,East,Bhubaneswar,R200,P1008,Online,Corporate,1,42743.09,0.0,1.0,Yes
ORD-103006,2025-05-30,South,Bengaluru,R219,P1029,Online,Corporate,4,16328.25,0.0,5.0,No
ORD-103401,2025-09-02,East,Guwahati,R200,P1008,Online,Corporate,2,40874.91,0.2,9.0,No
ORD-104677,2024-03-17,West,Pune,R205,P1029,Partner,SMB,2,15641.6,0.0,7.0,No
ORD-102296,2024-05-04,East,Kolkata,R200,P1012,Partner,Consumer,3,91393.19,0.0,10.0,No
ORD-102885,2024-08-27,West,Ahmedabad,R209,P1021,Retail,Corporate,5,17146.14,0.15,4.0,No
ORD-104451,2024-09-07,East,Patna,R208,P1050,Online,Consumer,1,15052.97,0.15,2.0,No
ORD-102671,2025-06-16,South,Kochi,R219,P1029,Online,SMB,2,15882.87,0.1,3.0,Yes
ORD-101845,2025-09-28,South,Bengaluru,R207,P1012,Online,SMB,2,88069.67,0.05,2.0,No
ORD-102099,2024-02-07,West,Pune,R201,P1024,Retail,SMB,2,12757.48,0.0,5.0,No
ORD-100569,2025-09-05,West,Ahmedabad,R213,P1036,Partner,Corporate,2,463.83,0.0,8.0,No
ORD-100537,2024-03-31,East,Bhubaneswar,R208,P1051,Retail,SMB,4,33631.56,0.0,4.0,No
ORD-103842,2025-08-29,South,Hyderabad,R203,P1041,Partner,SMB,3,808.89,0.2,2.0,No
ORD-105071,2024-08-21,West,Surat,R209,P1012,Online,SMB,3,92827.64,0.0,7.0,No
ORD-104828,2024-05-25,South,Hyderabad,R215,P1038,Partner,SMB,3,325.75,0.0,3.0,No
ORD-103187,2024-09-10,West,Pune,R217,P1013,Retail,Consumer,5,57190.53,0.0,11.0,No
ORD-102858,2025-01-23,North,Lucknow,R206,P1005,Online,Consumer,6,28458.86,0.0,7.0,No
ORD-103213,2025-03-24,East,Bhubaneswar,R212,P1003,Partner,SMB,4,33471.8,0.0,5.0,No
ORD-102276,2024-02-01, South,Hyderabad,R215,P1017,Retail,SMB,2,12240.11,0.0,3.0,No
ORD-101408,2025-12-23,South,Chennai,R211,P1035,Online,Corporate,1,324.35,0.0,5.0,No
ORD-105701,2024-01-18,South,Kochi,R203,P1045,Partner,SMB,5,442.06,0.15,9.0,No
ORD-100604,2025-04-15,West,Mumbai,R205,P1055,Partner,Corporate,2,13875.72,0.0,3.0,No
ORD-105991,2025-04-02,North,Delhi,R218,P1043,Partner,Consumer,4,278.74,0.2,10.0,No
ORD-104332,2025-03-24,West,Mumbai,R217,P1024,Retail,SMB,1,12715.87,0.0,11.0,No
ORD-105981,2025-10-29,North,Chandigarh,R210,P1007,Retail,Consumer,4,66245.52,0.05,11.0,No
ORD-102850,2024-03-01,East,Guwahati,R208,P1032,Retail,SMB,4,861.22,0.0,5.0,No
ORD-104339,2025-01-10,West,Surat,R205,P1019,Partner,SMB,3,9228.42,0.05,7.0,No
ORD-102910,2025-10-11,East,Guwahati,R212,P1043,Online,Corporate,3,276.76,0.05,4.0,No
ORD-101332,2025-09-04,East,Guwahati,R200,P1044,Online,Consumer,5,904.52,0.0,1.0,No
ORD-101647,2025-04-03,South,Kochi,R211,P1030,Partner,Consumer,4,8353.33,0.1,11.0,Yes
ORD-102701,2024-09-07,East,Patna,R204,P1021,Retail,Consumer,5,16922.86,0.0,10.0,No
ORD-103404,2025-11-18,East,Kolkata,R200,P1022,Online,SMB,3,18788.94,0.0,6.0,No
ORD-105272,2025-01-17,West,Pune,R201,P1025,Retail,Consumer,1,16241.71,0.1,7.0,No
ORD-103847,2024-05-22,North,Chandigarh,R206,P1046,Partner,Consumer,1,14482.0,0.0,6.0,No
ORD-100688,2024-02-05,East,Patna,R208,P1021,Partner,Consumer,1,17732.77,0.0,6.0,No
ORD-100822,2025-09-05,East,Guwahati,R208,P1015,Partner,Consumer,3,32752.05,0.0,5.0,No
ORD-103331,2025-01-10,East,Kolkata,R208,P1043,Partner,SMB,3,280.82,0.0,10.0,No
ORD-104390,2025-09-07,North,Lucknow,R206,P1006,Partner,SMB,5,49852.28,0.05,5.0,No
ORD-103087,2025-12-01,West,Surat,R201,P1050,Partner,Consumer,6,14629.62,0.0,8.0,No
ORD-105690,2025-10-21,East,Bhubaneswar,R200,P1015,Partner,SMB,5,33860.75,0.05,10.0,No
ORD-101677,2024-12-21,North,Delhi,R218,P1037,Partner,Consumer,5,877.26,0.0,2.0,No
ORD-101149,2025-01-11,North,Delhi,R218,P1007,Retail,Corporate,2,65939.04,0.0,8.0,Yes
ORD-104319,2024-09-19,North,Delhi,R214,P1050,Retail,Consumer,5,14443.0,0.0,10.0,No
ORD-105230,2024-05-25,North,Delhi,R210,P1011,Retail,SMB,3,60139.73,0.0,11.0,No
ORD-101493,2024-04-12,North,Jaipur,R202,P1033,Partner,SMB,2,867.93,0.05,9.0,No
ORD-104156,2024-05-31,West,Pune,R213,P1053,Partner,SMB,3,30911.52,0.0,9.0,Yes
ORD-102114,2024-04-26,South,Bengaluru,R215,P1005,Online,SMB,6,27977.75,0.0,4.0,No
ORD-104518,2025-06-26,South,Kochi,R203,P1009,Partner,Consumer,5,43045.99,0.0,11.0,No
ORD-105968,2024-08-01,North,Chandigarh,R210,P1020,Retail,Corporate,5,12370.31,0.0,8.0,No
ORD-101323,2024-02-15,South,Kochi,R211,P1003,Partner,Corporate,1,32687.42,0.0,10.0,No
ORD-105175,2025-01-17,East,Guwahati,R216,P1032,Retail,SMB,1,850.63,0.0,9.0,No
ORD-104376,2025-07-06,East,Kolkata,R216,P1017,Retail,Corporate,3,12217.42,0.0,3.0,No
ORD-104536,2025-05-12,North,Jaipur,R218,P1044,Retail,Corporate,3,882.94,0.15,11.0,No
ORD-103675,2024-07-29,North,Lucknow,R206,P1015,Retail,Corporate,2,33466.76,0.0,11.0,No
ORD-102946,2024-02-15,West,Surat,R209,P1029,Online,SMB,4,16378.78,0.15,11.0,No
ORD-105099,2025-08-13,South,Kochi,R207,P1011,Retail,Consumer,2,60947.23,0.0,5.0,No
ORD-103193,2025-01-10,North,Jaipur,R214,P1003,Online,Corporate,3,33289.27,0.0,1.0,No
ORD-105020,2024-05-09,West,Pune,R217,P1006,Retail,Corporate,1,50307.14,0.0,5.0,No
ORD-102087,2024-09-25,West,Surat,R205,P1048,Online,SMB,2,17615.76,0.2,4.0,No
ORD-100917,2025-08-17,SOUTH,Kochi,R211,P1047,Retail,SMB,1,19002.2,0.05,1.0,No
ORD-103942,2025-09-12,East,Bhubaneswar,R212,P1032,Retail,SMB,3,887.71,0.0,,No
ORD-103791,2024-04-19,East,Kolkata,R212,P1052,Online,SMB,6,19415.86,0.0,10.0,No
ORD-101601,2024-10-31,South,Bengaluru,R207,P1053,Retail,SMB,8,32070.28,0.1,1.0,No
ORD-104133,2025-02-19,West,Pune,R217,P1046,Online,Corporate,4,14311.69,0.0,11.0,No
ORD-100559,2025-09-11,South,Chennai,R203,P1019,Online,Corporate,3,9459.66,0.1,3.0,No
ORD-105854,2024-11-06,East,Guwahati,R216,P1003,Retail,SMB,5,32766.09,0.1,3.0,No
ORD-103298,2025-07-03,South,Chennai,R211,P1019,Retail,Consumer,3,9184.95,0.1,5.0,No
ORD-103667,2024-04-24,East,Bhubaneswar,R216,P1025,Retail,Corporate,8,16770.01,0.0,8.0,No
ORD-100707,2025-12-11,East,Patna,R200,P1003,Online,Consumer,6,33055.76,0.05,6.0,No
ORD-103715,2025-08-24,East,Guwahati,R216,P1001,Online,SMB,1,65447.82,0.0,2.0,No
ORD-100583,2024-07-08,North,Delhi,R202,P1024,Retail,Consumer,2,12761.91,0.0,7.0,No
ORD-101208,2025-11-20,WEST,Ahmedabad,R201,P1022,Partner,SMB,4,18814.23,0.1,3.0,No
ORD-105003,2024-04-06,West,Surat,R205,P1007,Online,SMB,2,66782.79,0.1,6.0,Yes
ORD-100422,2025-10-21,West,Mumbai,R213,P1032,Partner,Corporate,6,881.46,0.0,2.0,No
ORD-102633,2024-10-17,East,Patna,R216,P1033,Partner,Corporate,4,845.82,0.0,4.0,No
ORD-103987,2025-02-20,West,Surat,R217,P1029,Online,SMB,2,15585.34,0.0,7.0,No
ORD-100875,2024-09-06,South,Hyderabad,R219,P1023,Retail,Consumer,3,25257.8,0.1,1.0,No
ORD-105415,2024-12-08,South,Kochi,R211,P1052,Retail,Corporate,8,18814.71,0.0,3.0,No
ORD-103954,2024-01-29,South,Chennai,R219,P1018,Partner,Corporate,4,13382.82,0.15,9.0,No
ORD-105804,2024-12-31,North,Lucknow,R210,P1034,Partner,SMB,4,731.59,0.2,6.0,No
ORD-104298,2025-01-21,North,Delhi,R218,P1049,Partner,Corporate,3,14995.89,0.0,7.0,No
ORD-101566,2025-12-07,East,Kolkata,R200,P1023,Online,Corporate,5,25601.71,0.0,,No
ORD-103619,2024-05-18,West,Mumbai,R201,P1002,Retail,Corporate,3,78548.37,0.05,6.0,No
ORD-105680,2024-02-15,East,Patna,R200,P1036,Partner,Corporate,3,485.65,0.0,11.0,No
ORD-101183,2025-02-22,South,Chennai,R215,P1051,Partner,Corporate,2,33981.65,0.0,10.0,No
ORD-100227,2024-04-20,East,Kolkata,R200,P1027,Partner,Consumer,2,23673.52,0.0,11.0,No
ORD-100826,2025-01-30,South,Bengaluru,R219,P1034,Online,Corporate,1,719.64,0.05,9.0,No
ORD-102254,2024-01-02,WEST,Surat,R213,P1023,Retail,Corporate,2,25130.91,0.1,8.0,No
ORD-105732,2024-03-07,West,Pune,R209,P1054,Retail,Consumer,2,18471.8,0.15,11.0,No
ORD-102321,2025-06-22,East,Bhubaneswar,R200,P1054,Retail,SMB,3,18775.05,0.0,11.0,No
ORD-102942,2024-09-19,East,Kolkata,R208,P1036,Online,Corporate,2,479.61,0.0,7.0,No
ORD-105190,2025-07-15,East,Bhubaneswar,R216,P1041,Retail,Corporate,2,818.19,0.0,8.0,No
ORD-101636,2025-01-03,South,Kochi,R211,P1055,Retail,Corporate,3,13945.02,0.0,10.0,No
ORD-102828,2025-12-02,North,Jaipur,R210,P1051,Partner,SMB,7,35007.38,0.0,1.0,No
ORD-104331,2024-08-01,West,Mumbai,R201,P1032,Partner,Consumer,6,852.55,0.0,5.0,No
ORD-103269,2025-03-16,West,Surat,R205,P1019,Online,SMB,2,9121.24,0.0,7.0,No
ORD-104344,2025-09-27,North,Jaipur,R206,P1008,Online,Consumer,3,43230.23,0.15,10.0,No
ORD-105280,2025-03-20,West,Pune,R205,P1049,Online,Corporate,2,15162.49,0.05,3.0,No
ORD-101190,2024-02-28,East,Bhubaneswar,R204,P1040,Online,SMB,4,862.91,0.1,10.0,No
ORD-105842,2025-10-01,West,Ahmedabad,R205,P1016,Online,Consumer,4,24999.68,0.2,2.0,No
ORD-101374,2024-09-04,North,Chandigarh,R202,P1009,Partner,Consumer,2,43734.79,0.0,7.0,No
ORD-101569,2025-04-13,West,Ahmedabad,R213,P1006,Online,SMB,3,49880.57,0.0,9.0,No
ORD-104754,2024-07-08,South,Hyderabad,R215,P1027,Partner,SMB,5,22829.61,0.1,5.0,No
ORD-103093,2024-03-13,South,Hyderabad,R203,P1026,Retail,Consumer,5,8329.5,0.2,8.0,Yes
ORD-102134,2025-11-30,South,Bengaluru,R215,P1020,Retail,SMB,7,11847.53,0.0,10.0,No
ORD-105031,2024-06-16,North,Jaipur,R202,P1029,Retail,Corporate,3,15748.73,0.05,2.0,No
ORD-101808,2025-04-17,East,Patna,R200,P1030,Retail,Corporate,4,8052.85,0.0,1.0,No
ORD-100825,2024-02-04,East,Kolkata,R212,P1030,Partner,Consumer,2,8266.26,0.0,1.0,No
ORD-102392,2025-08-23,West,Surat,R209,P1002,Retail,Consumer,2,75382.21,0.0,4.0,No
ORD-103594,2025-03-17,East,Kolkata,R204,P1002,Retail,Consumer,3,75605.3,0.0,9.0,No
ORD-102480,2025-12-12,North,Jaipur,R202,P1049,Online,Corporate,6,15532.14,0.0,6.0,No
ORD-100499,2024-12-12,South,Chennai,R211,P1051,Online,Corporate,4,33671.69,0.05,5.0,No
ORD-103315,2025-03-26,West,Mumbai,R217,P1041,Online,Corporate,1,813.04,0.0,9.0,No
ORD-105200,2024-04-03,West,Ahmedabad,R209,P1022,Partner,SMB,3,17999.15,0.0,11.0,No
ORD-104690,2025-04-05,West,Pune,R205,P1018,Partner,Corporate,2,14045.48,0.0,11.0,No
ORD-104494,2025-07-07,West,Pune,R201,P1028,Partner,Consumer,3,21894.63,0.0,6.0,No
ORD-100816,2024-11-11,South,Chennai,R219,P1025,Online,Corporate,3,16374.99,0.05,8.0,No
ORD-101316,2025-07-09,East,Bhubaneswar,R208,P1025,Online,Consumer,6,17028.5,0.2,8.0,No
ORD-100465,2024-12-09,East,Kolkata,R208,P1031,Partner,SMB,7,865.99,0.1,4.0,No
ORD-102533,2024-12-11,South,Hyderabad,R203,P1036,Online,SMB,6,462.8,0.0,6.0,No
ORD-103611,2025-05-15,North,Jaipur,R214,P1016,Retail,SMB,2,24698.31,0.0,6.0,Yes
ORD-100509,2025-07-12,South,Kochi,R203,P1007,Retail,Consumer,5,66245.93,0.0,4.0,No
ORD-100146,2024-06-27,East,Guwahati,R208,P1054,Online,Consumer,5,18603.31,0.0,1.0,No
ORD-105054,2024-09-04,North,Lucknow,R206,P1033,Online,Consumer,6,844.27,0.1,5.0,No
ORD-105647,2025-04-26,West,Surat,R217,P1014,Retail,Corporate,3,40477.34,0.0,11.0,No
ORD-102919,2025-05-22,West,Ahmedabad,R217,P1030,Online,Corporate,2,8164.17,0.0,8.0,No
ORD-100629,2025-06-18,West,Ahmedabad,R201,P1026,Online,SMB,1,8414.59,0.2,4.0,No
ORD-101536,2025-07-05,West,Pune,R217,P1035,Partner,SMB,3,339.17,0.05,5.0,No
ORD-105795,2025-05-27,North,Lucknow,R202,P1050,Retail,Corporate,4,14332.82,0.1,7.0,No
ORD-103022,2024-09-11,South,Chennai,R215,P1006,Online,Corporate,8,52234.86,0.0,7.0,No
ORD-103318,2025-12-15,East,Guwahati,R204,P1005,Retail,Corporate,5,29403.04,0.05,7.0,No
ORD-101196,2025-07-12,North,Delhi,R210,P1005,Online,Consumer,5,28121.5,0.0,3.0,No
ORD-104351,2025-08-28,East,Guwahati,R204,P1008,Retail,Corporate,2,42533.47,0.0,5.0,No
ORD-100470,2025-06-07,West,Ahmedabad,R209,P1027,Online,SMB,1,22463.94,0.15,7.0,No
ORD-104882,2024-03-11,South,Bengaluru,R207,P1031,Retail,SMB,4,830.67,0.0,10.0,No
ORD-103610,2025-06-01,East,Bhubaneswar,R216,P1012,Partner,Consumer,3,92322.95,0.05,1.0,No
ORD-101789,2024-02-01,East,Guwahati,R208,P1040,Online,SMB,6,853.81,0.0,1.0,No
ORD-102411,2025-09-17,East,Kolkata,R204,P1035,Partner,Consumer,4,323.55,0.0,7.0,No
ORD-104998,2024-07-19,North,Chandigarh,R218,P1045,Online,Corporate,4,444.41,0.15,5.0,No
ORD-100204,2024-06-25,NORTH,Jaipur,R218,P1025,Retail,Corporate,5,16801.69,0.0,11.0,No
ORD-102822,2024-11-11,North,Delhi,R202,P1011,Retail,Consumer,5,60549.09,0.0,5.0,No
ORD-103120,2025-10-19,North,Jaipur,R202,P1044,Partner,SMB,5,901.44,0.05,7.0,Yes
ORD-105128,2024-12-17,West,Mumbai,R209,P1008,Retail,Corporate,4,41892.36,0.0,3.0,No
ORD-102005,2025-05-20,South,Bengaluru,R219,P1035,Retail,Consumer,3,329.95,0.15,3.0,No
ORD-105603,2024-02-21,East,Bhubaneswar,R200,P1050,Partner,Consumer,4,14931.69,0.0,1.0,No
ORD-103406,2025-09-19,North,Chandigarh,R206,P1014,Retail,SMB,2,38541.96,0.15,8.0,No
ORD-105999,2024-03-02,South,Hyderabad,R211,P1009,Retail,Consumer,3,45062.71,0.0,11.0,No
ORD-102650,2024-05-23,North,Chandigarh,R214,P1051,Retail,SMB,2,34376.36,0.05,6.0,No
ORD-102747,2024-04-18,East,Bhubaneswar,R216,P1010,Retail,Consumer,1,74860.69,0.0,3.0,No
ORD-103116,2024-08-07,West,Pune,R201,P1044,Partner,SMB,2,876.2,0.2,7.0,Yes
ORD-102352,2024-05-21,East,Guwahati,R216,P1035,Retail,Consumer,1,332.1,0.0,8.0,No
ORD-101754,2025-03-25,North,Chandigarh,R214,P1028,Partner,Consumer,2,22751.8,0.0,7.0,No
ORD-101215,2025-10-18,North,Chandigarh,R214,P1053,Partner,Corporate,4,31548.09,0.0,8.0,No
ORD-104106,2024-11-02,South,Chennai,R219,P1048,Retail,Consumer,5,17366.25,0.0,7.0,No
ORD-105346,2024-07-30,East,Bhubaneswar,R208,P1036,Online,SMB,4,479.47,0.0,7.0,No
ORD-104887,2024-08-05,West,Mumbai,R209,P1016,Online,Consumer,3,24679.92,0.05,5.0,Yes
ORD-101451,2024-11-21,East,Guwahati,R208,P1042,Retail,Consumer,2,848.5,0.0,10.0,No
ORD-102215,2025-10-31,East,Guwahati,R216,P1005,Online,Consumer,5,28963.3,0.0,5.0,No
ORD-103665,2025-03-30,East,Patna,R212,P1024,Online,Corporate,2,13309.23,0.05,7.0,No
ORD-101903,2025-08-26,West,Surat,R213,P1027,Partner,SMB,1,22538.1,0.0,8.0,No
ORD-100979,2024-10-20,West,Mumbai,R217,P1033,Partner,Corporate,6,853.32,0.0,8.0,No
ORD-100549,2024-11-16,East,Guwahati,R200,P1049,Retail,Corporate,4,15361.12,0.0,5.0,No
ORD-103167,2025-04-20,North,Chandigarh,R210,P1015,Partner,SMB,3,32291.31,0.0,11.0,No
ORD-105776,2025-06-25,North,Delhi,R206,P1044,Online,SMB,4,876.5,0.0,6.0,No
ORD-104733,2024-08-31,East,Guwahati,R212,P1026,Partner,Consumer,2,8536.89,0.0,,No
ORD-102266,2024-03-26,East,Guwahati,R212,P1051,Partner,Corporate,6,34708.31,0.0,1.0,No
ORD-105311,2024-12-26,West,Pune,R217,P1040,Retail,Consumer,9,867.48,0.0,9.0,Yes
ORD-101425,2025-04-22,North,Delhi,R214,P1031,Retail,Corporate,-3,851.6,0.0,3.0,No
ORD-104157,2024-04-07,South,Kochi,R215,P1043,Retail,Consumer,4,273.82,0.05,11.0,No
ORD-103319,2024-10-08,East,Kolkata,R216,P1011,Online,SMB,3,63214.98,0.0,11.0,No
ORD-104445,2024-10-06,South,Hyderabad,R207,P1025,Retail,SMB,6,16412.78,0.05,10.0,No
ORD-100576,2024-06-02,East,Bhubaneswar,R208,P1008,Retail,Consumer,3,42135.26,0.0,11.0,No
ORD-102807,2024-09-03,South,Kochi,R211,P1008,Online,Consumer,2,41552.0,0.1,9.0,No
ORD-101452,2025-02-23,South,Bengaluru,R219,P1035,Partner,Corporate,3,333.47,0.0,6.0,No
ORD-103099,2024-06-27,South,Kochi,R203,P1009,Retail,SMB,3,45458.4,0.0,9.0,No
ORD-104930,2024-03-26,North,Delhi,R202,P1020,Retail,SMB,2,12345.38,0.0,9.0,No
ORD-100445,2024-09-19,South,Bengaluru,R215,P1006,Online,Corporate,2,49950.82,0.05,1.0,No
ORD-104136,2024-12-13,South,Bengaluru,R203,P1049,Partner,Corporate,1,15361.71,0.05,8.0,Yes
ORD-105199,2025-01-03,East,Patna,R216,P1036,Partner,SMB,2,470.65,0.0,11.0,No
ORD-100627,2025-10-08,North,Jaipur,R218,P1037,Retail,SMB,6,884.79,0.0,3.0,No
ORD-100347,2024-05-03,South,Bengaluru,R207,P1049,Retail,SMB,4,15118.56,0.0,11.0,No
ORD-100341,2025-10-27,North,Lucknow,R214,P1034,Partner,SMB,6,730.72,0.05,1.0,No
ORD-105220,2024-01-19,North,Lucknow,R218,P1051,Retail,Corporate,4,34323.33,0.0,4.0,No
ORD-105830,2024-10-15,South,Hyderabad,R211,P1002,Partner,SMB,10,78821.87,0.0,6.0,No
ORD-100777,2025-06-05,East,Kolkata,R212,P1040,Online,SMB,3,865.8,0.05,9.0,No
ORD-105166,2025-03-18,North,Chandigarh,R206,P1028,Partner,Corporate,2,22296.47,0.0,7.0,No
ORD-104081,2024-01-11,North,Lucknow,R206,P1052,Online,SMB,3,19220.36,0.05,8.0,No
ORD-104164,2025-08-18,South,Chennai,R219,P1050,Online,SMB,1,14709.34,0.15,2.0,No
ORD-105674,2025-03-03,North,Jaipur,R210,P1024,Partner,Corporate,-3,12624.92,0.05,2.0,No
ORD-104371,2024-06-09,South,Hyderabad,R219,P1029,Partner,SMB,1,15728.69,0.0,2.0,No
ORD-100303,2025-01-12,South,Hyderabad,R203,P1022,Retail,Consumer,1,18504.47,0.0,10.0,No
ORD-100926,2024-01-25,East,Kolkata,R200,P1033,Online,SMB,4,855.55,0.0,7.0,No
ORD-101072,2025-02-14,North,Lucknow,R210,P1047,Partner,Corporate,3,19123.32,0.0,11.0,No
ORD-100675,2025-04-02,South,Bengaluru,R211,P1015,Online,SMB,5,32251.11,0.0,3.0,No
ORD-105044,2025-06-13,North,Delhi,R218,P1029,Partner,Corporate,3,16263.57,0.05,7.0,No
ORD-102308,2025-06-01,South,Kochi,R211,P1040,Retail,Corporate,3,880.97,0.0,9.0,No
ORD-102975,2024-05-05,West,Surat,R217,P1044,Online,Corporate,2,875.43,0.0,3.0,No
ORD-100584,2024-05-11,North,Chandigarh,R210,P1054,Partner,Corporate,2,18981.93,0.0,4.0,No
ORD-102012,2024-12-17,North,Jaipur,R202,P1037,Retail,Consumer,2,905.26,0.0,6.0,No
ORD-104577,2024-10-31,East,Kolkata,R216,P1025,Online,SMB,5,16904.63,0.0,6.0,No
ORD-104305,2024-06-13,West,Mumbai,R213,P1015,Retail,Consumer,3,32600.67,0.0,8.0,No
ORD-105178,2025-02-11,North,Jaipur,R206,P1049,Partner,Consumer,2,14967.31,0.05,7.0,Yes
ORD-104954,2024-03-09,West,Ahmedabad,R213,P1027,Retail,SMB,1,23009.3,0.0,5.0,No
ORD-105553,2024-05-10,North,Lucknow,R214,P1034,Partner,SMB,1,710.2,0.0,11.0,No
ORD-104269,2025-10-25, East,Kolkata,R200,P1043,Online,Corporate,3,275.68,0.05,7.0,No
ORD-102869,2025-03-04,East,Guwahati,R216,P1049,Online,Corporate,3,15352.99,0.0,8.0,No
ORD-100241,2025-05-03,South,Kochi,R219,P1015,Online,Corporate,4,32571.4,0.0,11.0,No
ORD-101862,2025-05-27,West,Ahmedabad,R209,P1021,Online,Corporate,3,16735.15,0.0,4.0,Yes
ORD-101479,2025-03-11,South,Bengaluru,R219,P1033,Partner,SMB,4,835.27,0.05,4.0,No
ORD-102014,2025-02-08,North,Lucknow,R202,P1003,Retail,Corporate,1,32394.99,0.05,10.0,No
ORD-103245,2024-04-25,East,Patna,R208,P1048,Online,SMB,1,17620.66,0.15,5.0,No
ORD-105658,2024-09-01,East,Kolkata,R208,P1014,Partner,Corporate,3,40417.28,0.0,6.0,No
ORD-100786,2025-05-23,West,Surat,R205,P1029,Online,SMB,5,15722.76,0.0,1.0,No
ORD-103828,2024-06-27,West,Mumbai,R205,P1016,Partner,SMB,2,25076.66,0.05,6.0,No
ORD-100170,2024-03-27,West,Ahmedabad,R213,P1049,Retail,SMB,2,15315.81,0.0,10.0,No
ORD-102536,2025-10-10,East,Kolkata,R204,P1033,Online,SMB,7,839.35,0.0,11.0,No
ORD-103266,2025-01-31,West,Mumbai,R217,P1035,Partner,Consumer,4,331.12,0.0,9.0,No
ORD-103733,2024-02-23,South,Hyderabad,R203,P1011,Retail,Consumer,2,61790.74,0.1,11.0,No
ORD-100896,2025-10-10,West,Surat,R201,P1014,Online,SMB,4,39578.66,0.0,10.0,No
ORD-103509,2025-11-10,West,Surat,R217,P1027,Online,SMB,11,22412.85,0.0,8.0,No
ORD-105633,2024-07-21,East,Bhubaneswar,R216,P1003,Retail,SMB,1,32545.85,0.0,4.0,No
ORD-102775,2024-02-08,South,Bengaluru,R219,P1025,Online,SMB,3,16424.37,0.0,7.0,No
ORD-101376,2024-11-30,South,Hyderabad,R219,P1016,Partner,SMB,11,25546.9,0.05,8.0,No
ORD-105651,2025-07-04,South,Kochi,R211,P1026,Online,Corporate,5,8686.01,0.2,4.0,No
ORD-101446,2024-10-23,South,Chennai,R203,P1014,Retail,Consumer,4,40051.78,0.1,10.0,Yes
ORD-105671,2025-04-23,West,Pune,R205,P1032,Online,Corporate,4,847.99,0.0,1.0,No
ORD-105185,2025-04-22,South,Hyderabad,R203,P1033,Retail,SMB,2,875.27,0.0,7.0,No
ORD-100477,2025-02-12,West,Ahmedabad,R205,P1007,Online,Consumer,-2,68724.69,0.0,7.0,No
ORD-103104,2025-06-15,North,Lucknow,R210,P1017,Retail,Consumer,2,12586.03,0.05,8.0,No
ORD-101617,2024-11-24,South,Bengaluru,R215,P1043,Retail,Consumer,3,282.28,0.1,4.0,Yes
ORD-100337,2024-02-20,West,Pune,R205,P1042,Retail,Consumer,3,859.5,0.0,1.0,No
ORD-101895,2024-08-12,East,Kolkata,R204,P1019,Retail,Corporate,3,9365.09,0.15,6.0,No
ORD-100320,2025-09-07,East,Patna,R216,P1007,Retail,Corporate,3,66647.38,0.05,5.0,Yes
ORD-102129,2024-09-26,West,Pune,R205,P1007,Online,SMB,2,65396.9,0.0,7.0,No
ORD-105196,2024-10-08,West,Surat,R209,P1016,Retail,Consumer,5,24666.81,0.05,5.0,No
ORD-105538,2025-01-18, North,Lucknow,R210,P1039,Partner,Corporate,3,595.93,0.1,7.0,No
ORD-100635,2025-04-04,West,Surat,R205,P1021,Online,SMB,3,16866.91,0.05,2.0,No
ORD-100620,2024-02-03,West,Surat,R209,P1012,Partner,Corporate,2,92033.07,0.1,11.0,No
ORD-103833,2024-12-25,South,Kochi,R219,P1002,Online,Consumer,6,78482.69,0.0,,No
ORD-103488,2025-09-20,East,Kolkata,R204,P1011,Partner,Consumer,1,62371.51,0.0,4.0,No
ORD-101658,2024-11-01,East,Bhubaneswar,R204,P1021,Retail,Consumer,6,16803.43,0.0,10.0,No
ORD-102102,2024-06-08,North,Jaipur,R210,P1017,Online,Consumer,4,12285.16,0.0,3.0,No
ORD-103741,2024-04-25,North,Delhi,R206,P1002,Online,SMB,4,78426.77,0.15,6.0,No
ORD-102186,2025-09-11,East,Patna,R216,P1033,Partner,Consumer,6,864.78,0.0,5.0,No
ORD-105969,2025-01-11,South,Hyderabad,R207,P1004,Retail,SMB,1,73116.05,0.0,,No
ORD-103939,2024-09-21,North,Delhi,R210,P1045,Retail,Consumer,2,436.86,0.0,9.0,No
ORD-105532,2025-03-01,North,Jaipur,R214,P1045,Retail,SMB,5,437.39,0.05,7.0,No
ORD-103891,2025-01-23,East,Guwahati,R200,P1003,Partner,Consumer,4,32729.97,0.0,1.0,No
ORD-103134,2025-06-13,South,Bengaluru,R211,P1042,Online,Consumer,3,869.16,0.0,10.0,No
ORD-104679,2024-08-19,East,Guwahati,R212,P1049,Partner,Corporate,3,15523.8,0.1,10.0,No
ORD-104183,2024-09-08,East,Kolkata,R216,P1034,Retail,Consumer,2,716.94,0.2,4.0,No
ORD-103214,2025-12-12,South,Kochi,R211,P1044,Online,SMB,6,876.56,0.15,7.0,No
ORD-102794,2024-02-02,East,Bhubaneswar,R212,P1007,Partner,Consumer,2,66669.41,0.0,11.0,No
ORD-100681,2024-06-12,South,Hyderabad,R219,P1039,Online,SMB,4,576.46,0.0,3.0,No
ORD-102312,2024-06-16,South,Bengaluru,R203,P1008,Retail,Corporate,6,41014.92,0.0,6.0,No
ORD-101709,2025-08-28,East,Kolkata,R212,P1052,Retail,Consumer,5,18921.88,0.0,9.0,No
ORD-102298,2024-09-21,North,Lucknow,R206,P1010,Online,Corporate,3,72406.33,0.0,1.0,No
ORD-104718,2024-04-08,East,Bhubaneswar,R208,P1005,Partner,Corporate,7,28433.84,0.0,5.0,No
ORD-101261,2025-08-19,West,Ahmedabad,R205,P1050,Online,Consumer,4,14371.61,0.0,4.0,No
ORD-104566,2024-11-21,West,Pune,R213,P1010,Online,Corporate,4,74183.41,0.0,4.0,No
ORD-103415,2025-07-05,South,Kochi,R203,P1041,Retail,SMB,2,801.9,0.0,7.0,No
ORD-104538,2025-11-15,East,Bhubaneswar,R208,P1023,Online,Corporate,3,24782.79,0.0,9.0,No
ORD-101950,2025-05-21,South,Chennai,R203,P1042,Online,SMB,3,865.37,0.1,8.0,No
ORD-105302,2024-03-08,East,Bhubaneswar,R204,P1011,Partner,Corporate,4,60695.13,0.0,5.0,No
ORD-104468,2024-03-16,South,Bengaluru,R207,P1035,Partner,SMB,3,324.33,0.05,5.0,No
ORD-100022,2025-02-27,East,Patna,R212,P1040,Online,Corporate,2,877.12,0.2,1.0,No
ORD-100735,2025-11-10,North,Delhi,R210,P1030,Retail,SMB,6,8264.21,0.05,2.0,No
ORD-100536,2025-07-18,South,Bengaluru,R219,P1034,Retail,SMB,3,706.61,0.05,1.0,No
ORD-104108,2025-04-14,East,Guwahati,R216,P1042,Retail,Corporate,4,836.63,0.0,1.0,No
ORD-102769,2024-07-22,North,Delhi,R218,P1042,Retail,Corporate,3,835.69,0.0,6.0,Yes
ORD-101585,2024-04-05,East,Guwahati,R204,P1009,Retail,Consumer,3,43684.02,0.0,1.0,No
ORD-103528,2024-01-22,West,Ahmedabad,R217,P1029,Partner,Consumer,4,16016.17,0.0,3.0,No
ORD-104091,2024-01-30,EAST,Kolkata,R208,P1050,Retail,Consumer,3,14653.61,0.0,3.0,No
ORD-101349,2025-10-10,South,Kochi,R207,P1055,Online,SMB,6,13745.84,0.15,9.0,No
ORD-103125,2024-09-12,East,Kolkata,R204,P1038,Retail,Corporate,4,335.13,0.1,2.0,No
ORD-100866,2024-06-03,West,Surat,R213,P1022,Retail,SMB,4,18014.6,0.0,8.0,Yes
ORD-101127,2025-05-08,South,Bengaluru,R207,P1012,Retail,Consumer,2,87840.61,0.0,10.0,No
ORD-104926,2024-10-07,West,Mumbai,R209,P1021,Online,SMB,6,16838.79,0.15,5.0,No
ORD-105976,2024-12-22,East,Guwahati,R212,P1013,Retail,SMB,3,58933.59,0.1,,No
ORD-100122,2024-08-13,North,Jaipur,R214,P1026,Retail,Corporate,2,8385.17,0.1,5.0,No
ORD-105867,2024-03-03,North,Delhi,R218,P1041,Retail,Corporate,4,845.49,0.0,6.0,No
ORD-102831,2024-09-19,North,Jaipur,R218,P1039,Online,Corporate,2,588.26,0.0,11.0,No
ORD-105568,2025-02-15,East,Guwahati,R216,P1004,Retail,Consumer,2,73226.44,0.2,1.0,No
ORD-101767,2024-09-26,East,Kolkata,R204,P1035,Partner,Corporate,4,339.15,0.2,9.0,No
ORD-104919,2024-11-18,North,Delhi,R218,P1014,Online,Corporate,4,40192.29,0.15,11.0,No
ORD-105831,2024-10-07,North,Lucknow,R202,P1043,Retail,Corporate,4,281.6,0.0,4.0,No
ORD-104026,2025-07-22,East,Patna,R200,P1027,Online,Consumer,4,23169.49,0.05,9.0,No
ORD-101607,2024-05-14,East,Kolkata,R216,P1025,Retail,Corporate,1,17069.43,0.05,2.0,No
ORD-102095,2025-12-27,South,Bengaluru,R203,P1041,Online,Consumer,6,814.14,0.15,1.0,No
ORD-105443,2025-09-26,North,Lucknow,R206,P1020,Retail,Corporate,2,11770.94,0.0,5.0,No
ORD-103936,2025-04-26,North,Chandigarh,R206,P1016,Online,Corporate,4,24180.64,0.0,7.0,No
ORD-102421,2025-03-27,North,Lucknow,R206,P1038,Retail,SMB,2,327.61,0.0,8.0,No
ORD-105002,2024-12-04,North,Chandigarh,R206,P1023,Retail,Corporate,5,25564.17,0.0,10.0,No
ORD-101797,2025-05-24,West,Ahmedabad,R209,P1020,Online,Corporate,5,12368.36,0.1,2.0,No
ORD-104824,2024-03-01,West,Ahmedabad,R201,P1002,Retail,SMB,2,75315.76,0.1,8.0,No
ORD-105560,2025-05-09,East,Bhubaneswar,R216,P1054,Retail,Consumer,3,18101.76,0.0,11.0,No
ORD-104455,2024-09-01,East,Guwahati,R200,P1045,Retail,Consumer,4,452.88,0.0,10.0,No
ORD-101506,2025-09-02,North,Lucknow,R206,P1015,Partner,SMB,2,33007.29,0.0,3.0,No
ORD-102557,2025-11-24,East,Bhubaneswar,R208,P1026,Online,Consumer,5,8481.23,0.0,1.0,No
ORD-105032,2024-05-26,West,Pune,R205,P1019,Online,Corporate,3,9499.6,0.0,2.0,No
ORD-102474,2024-07-16,North,Lucknow,R210,P1030,Partner,Consumer,4,8190.96,0.0,3.0,No
ORD-103869,2025-12-30,North,Delhi,R210,P1026,Partner,Consumer,4,8515.1,0.0,2.0,No
ORD-104017,2025-10-17,North,Delhi,R210,P1033,Partner,SMB,6,856.54,0.05,1.0,No
ORD-100167,2025-06-08,North,Jaipur,R206,P1022,Retail,SMB,3,18375.86,0.0,3.0,No
ORD-101193,2024-01-28,West,Ahmedabad,R213,P1052,Retail,Consumer,4,18952.98,0.2,4.0,No
ORD-102937,2024-05-18,East,Kolkata,R200,P1019,Partner,Corporate,1,9633.62,0.05,1.0,No
ORD-103431,2025-01-07,South,Hyderabad,R203,P1027,Online,Corporate,1,23419.27,0.0,4.0,No
ORD-103180,2024-10-06,South,Kochi,R207,P1040,Retail,Consumer,10,860.14,0.0,9.0,No
ORD-101220,2024-07-13,North,Delhi,R218,P1018,Partner,SMB,3,13984.86,0.0,11.0,No
ORD-103698,2024-01-21,North,Delhi,R202,P1009,Online,SMB,3,42945.6,0.05,1.0,No
ORD-101194,2024-01-22,West,Ahmedabad,R209,P1030,Online,Corporate,3,8155.63,0.0,7.0,No
ORD-102627,2025-07-27,North,Delhi,R214,P1008,Partner,Consumer,2,42067.56,0.0,1.0,No
ORD-102364,2024-06-26,South,Chennai,R203,P1055,Partner,Consumer,1,13774.48,0.1,3.0,No
ORD-103002,2025-08-30,East,Bhubaneswar,R204,P1032,Online,Corporate,1,869.03,0.0,6.0,No
ORD-100078,2025-08-02,West,Surat,R201,P1010,Online,Consumer,2,75442.28,0.0,6.0,No
ORD-101698,2024-01-31,West,Mumbai,R217,P1005,Online,SMB,3,29045.14,0.0,2.0,No
ORD-104541,2025-03-01,South,Hyderabad,R203,P1024,Online,Consumer,3,13304.71,0.05,5.0,No
ORD-102476,2025-06-13,East,Guwahati,R212,P1033,Retail,Corporate,4,872.69,0.15,3.0,No
ORD-103872,2025-10-31,East,Patna,R204,P1009,Online,Consumer,3,43237.16,0.2,7.0,No
ORD-103409,2024-08-19,South,Bengaluru,R219,P1032,Retail,Consumer,3,861.27,0.0,8.0,No
ORD-104709,2025-12-09,West,Surat,R201,P1033,Online,Corporate,3,877.32,0.15,3.0,No
ORD-102755,2024-07-18,West,Ahmedabad,R213,P1028,Online,Corporate,5,21821.81,0.0,6.0,No
ORD-104853,2024-06-24,East,Patna,R208,P1029,Online,SMB,2,16266.46,0.1,11.0,No
ORD-102190,2025-12-27,East,Kolkata,R204,P1051,Retail,Consumer,3,33582.17,0.05,10.0,No
ORD-100370,2024-04-06,East,Guwahati,R200,P1005,Partner,SMB,4,29598.44,0.0,5.0,No
ORD-100485,2024-05-23,North,Lucknow,R218,P1034,Retail,SMB,1,714.28,0.0,1.0,No
ORD-104902,2024-08-07,South,Chennai,R203,P1035,Partner,SMB,3,339.41,0.0,6.0,No
ORD-103474,2024-05-03,North,Chandigarh,R210,P1015,Partner,SMB,-4,33677.01,0.0,4.0,No
ORD-103330,2025-07-28,North,Jaipur,R206,P1051,Retail,SMB,2,33957.5,0.05,3.0,No
ORD-100520,2025-05-11,South,Chennai,R211,P1005,Online,Consumer,8,28335.85,0.15,8.0,No
ORD-100571,2024-08-23,West,Ahmedabad,R209,P1035,Retail,Consumer,3,321.93,0.0,7.0,Yes
ORD-102647,2025-11-08,North,Lucknow,R214,P1029,Partner,SMB,3,16444.59,0.0,10.0,No
ORD-103897,2024-11-09,North,Chandigarh,R202,P1017,Partner,Corporate,3,12666.36,0.0,7.0,No
ORD-102281,2025-04-21,West,Ahmedabad,R213,P1040,Partner,Consumer,1,838.34,0.0,10.0,No
ORD-101943,2025-11-14,South,Bengaluru,R215,P1038,Retail,SMB,6,333.5,0.15,5.0,No
ORD-102816,2024-01-31,East,Patna,R208,P1002,Online,SMB,3,77482.97,0.0,5.0,No
ORD-100947,2024-01-06,North,Chandigarh,R218,P1050,Retail,Corporate,4,15107.53,0.0,2.0,No
ORD-103119,2024-11-21,East,Bhubaneswar,R204,P1011,Retail,SMB,3,62165.84,0.0,5.0,No
ORD-105550,2024-03-20,West,Mumbai,R213,P1018,Retail,Corporate,2,13380.03,0.0,7.0,No
ORD-102356,2024-05-24,East,Guwahati,R204,P1018,Partner,Consumer,1,13361.87,0.1,3.0,No
ORD-105078,2024-05-10,South,Chennai,R207,P1039,Partner,SMB,1,602.18,0.0,3.0,No
ORD-105536,2024-03-25,West,Pune,R213,P1037,Retail,SMB,5,921.08,0.0,1.0,No
ORD-101489,2025-06-15,West,Pune,R201,P1015,Partner,Corporate,2,32467.69,0.15,8.0,Yes
ORD-104697,2024-12-09,North,Jaipur,R210,P1002,Retail,Consumer,5,76151.36,0.0,2.0,No
ORD-103958,2025-08-07,West,Mumbai,R205,P1029,Partner,Consumer,3,16236.65,0.0,2.0,No
ORD-103876,2025-06-20,East,Bhubaneswar,R212,P1034,Partner,Consumer,4,716.03,0.0,9.0,No
ORD-101096,2024-01-28,North,Jaipur,R202,P1028,Partner,SMB,3,23030.12,0.05,1.0,No
ORD-102124,2024-04-25,East,Bhubaneswar,R208,P1002,Retail,SMB,2,77540.45,0.15,11.0,No
ORD-105077,2025-07-14,West,Surat,R217,P1010,Partner,Corporate,2,74545.32,0.0,3.0,No
ORD-103445,2024-04-03,South,Bengaluru,R203,P1016,Partner,Consumer,3,24083.08,0.0,2.0,No
ORD-102655,2024-05-23,South,Bengaluru,R203,P1052,Online,Corporate,2,19028.24,0.0,11.0,No
ORD-105042,2024-06-27,South,Hyderabad,R215,P1039,Partner,Corporate,2,596.14,0.0,11.0,No
ORD-103823,2024-07-27,West,Mumbai,R209,P1033,Partner,Consumer,6,873.36,0.1,9.0,No
ORD-105761,2025-12-10,South,Hyderabad,R211,P1039,Partner,SMB,6,598.36,0.0,5.0,No
ORD-102824,2024-09-30,West,Ahmedabad,R205,P1016,Retail,Corporate,7,25453.48,0.05,3.0,No
ORD-100510,2024-06-08,East,Guwahati,R200,P1028,Online,Corporate,2,22567.3,0.0,10.0,No
ORD-101861,2025-04-20,North,Jaipur,R206,P1025,Online,SMB,7,16430.82,0.0,11.0,No
ORD-104076,2025-02-20,North,Delhi,R206,P1043,Online,Corporate,3,272.73,0.0,6.0,No
ORD-101359,2025-06-13,East,Patna,R200,P1007,Retail,Consumer,5,67142.45,0.0,7.0,No
ORD-101107,2025-06-24,East,Bhubaneswar,R200,P1010,Partner,SMB,5,75249.64,0.0,9.0,No
ORD-100533,2024-10-06,East,Patna,R208,P1022,Retail,Consumer,7,18038.42,0.0,8.0,No
ORD-104795,2024-06-20,North,Delhi,R218,P1030,Retail,Consumer,3,8316.21,0.05,7.0,Yes
ORD-103252,2024-07-02,North,Jaipur,R210,P1013,Partner,SMB,2,56754.77,0.0,10.0,No
ORD-102426,2024-12-15,West,Surat,R201,P1037,Partner,SMB,6,921.88,0.0,4.0,No
ORD-103782,2024-07-04,North,Jaipur,R202,P1017,Online,Consumer,2,12344.67,0.05,11.0,No
ORD-102168,2025-12-30,West,Ahmedabad,R217,P1036,Retail,Consumer,2,483.65,0.0,11.0,No
ORD-102668,2025-06-12,North,Lucknow,R210,P1002,Partner,Consumer,1,77758.72,0.0,5.0,No
ORD-100413,2024-06-10,North,Delhi,R210,P1004,Online,Consumer,4,72168.45,0.0,3.0,No
ORD-105455,2024-04-29,West,Ahmedabad,R201,P1022,Online,Corporate,1,18845.93,0.15,,No
ORD-105670,2025-03-30,North,Chandigarh,R214,P1026,Retail,SMB,5,8821.39,0.0,7.0,No
ORD-103313,2025-07-01,North,Chandigarh,R206,P1037,Retail,Corporate,3,879.57,0.1,10.0,No
ORD-105426,2025-01-21,South,Chennai,R203,P1005,Online,SMB,4,29381.84,0.0,4.0,No
ORD-102176,2024-05-19,East,Guwahati,R208,P1051,Partner,SMB,2,34056.2,0.0,5.0,No
ORD-104595,2025-10-01,North,Chandigarh,R210,P1002,Online,Consumer,5,77212.22,0.0,8.0,No
ORD-105790,2025-01-13,North,Chandigarh,R218,P1023,Retail,SMB,3,24707.03,0.2,10.0,No
ORD-102731,2024-04-26,East,Guwahati,R204,P1041,Retail,SMB,5,807.02,0.0,4.0,Yes
ORD-105013,2025-06-08,South,Kochi,R219,P1023,Retail,Corporate,3,24974.97,0.15,7.0,No
ORD-101730,2025-01-24,South,Bengaluru,R215,P1045,Online,Corporate,2,456.14,0.0,6.0,No
ORD-103602,2025-02-03,South,Hyderabad,R219,P1030,Partner,Corporate,2,8059.1,0.0,1.0,No
ORD-105393,2024-08-14,North,Chandigarh,R218,P1048,Retail,SMB,3,17559.48,0.0,5.0,No
ORD-101002,2025-03-16,South,Kochi,R211,P1003,Retail,Corporate,3,33262.09,0.1,1.0,Yes
ORD-105531,2025-05-19,North,Lucknow,R214,P1031,Partner,Corporate,2,863.43,0.0,4.0,No
ORD-105678,2024-10-06,North,Jaipur,R210,P1027,Partner,Consumer,9,23362.37,0.05,1.0,No
ORD-105572,2024-04-29,East,Patna,R204,P1048,Partner,Corporate,3,17893.56,0.0,7.0,No
ORD-104751,2025-05-06,West,Surat,R205,P1017,Online,Consumer,5,12514.87,0.0,6.0,No
ORD-100883,2024-10-23,West,Ahmedabad,R213,P1021,Partner,Corporate,2,16937.83,0.0,5.0,No
ORD-102736,2024-08-06,East,Guwahati,R200,P1035,Online,Consumer,3,327.24,0.0,11.0,No
ORD-105383,2025-11-01,North,Jaipur,R210,P1032,Retail,Consumer,8,888.61,0.0,11.0,No
ORD-101688,2024-01-14,West,Mumbai,R213,P1055,Partner,SMB,4,14182.74,0.0,9.0,No
ORD-101347,2024-09-24,East,Kolkata,R204,P1010,Partner,Consumer,2,72931.23,0.1,7.0,No
ORD-104046,2024-03-12,South,Chennai,R215,P1024,Partner,Consumer,4,12779.1,0.0,4.0,No
ORD-101708,2024-03-04,West,Surat,R205,P1016,Retail,SMB,4,25233.84,0.0,9.0,No
ORD-105596,2024-09-10,East,Patna,R204,P1040,Retail,Consumer,3,859.96,0.0,5.0,No
ORD-100160,2025-06-07,West,Surat,R205,P1027,Online,SMB,5,23238.63,0.1,1.0,No
ORD-100670,2025-02-24,South,Kochi,R211,P1016,Partner,Consumer,2,24986.97,0.0,2.0,No
ORD-101266,2025-06-09,North,Delhi,R206,P1009,Retail,Consumer,3,43515.72,0.2,2.0,No
ORD-100353,2024-10-23,West,Mumbai,R205,P1046,Partner,Corporate,5,14136.12,0.0,8.0,No
ORD-105864,2024-01-09,East,Kolkata,R200,P1020,Retail,SMB,4,12210.88,0.0,1.0,No
ORD-102495,2025-11-13,South,Bengaluru,R211,P1014,Partner,Consumer,3,38648.9,0.2,7.0,No
ORD-104769,2024-03-26,North,Chandigarh,R214,P1018,Retail,Consumer,3,13938.52,0.15,4.0,No
ORD-102679,2025-11-30,East,Kolkata,R216,P1021,Online,Corporate,-7,17109.1,0.1,11.0,No
ORD-101551,2024-05-13,North,Lucknow,R214,P1044,Partner,SMB,2,914.57,0.0,10.0,No
ORD-102325,2024-04-03,West,Surat,R209,P1045,Retail,Consumer,3,460.58,0.05,6.0,Yes
ORD-105422,2024-10-17,West,Pune,R217,P1027,Online,SMB,6,22735.41,0.1,8.0,Yes
ORD-105739,2024-05-04,East,Kolkata,R204,P1007,Retail,Corporate,7,64822.76,0.2,7.0,No
ORD-104631,2025-07-11,North,Lucknow,R214,P1026,Retail,SMB,4,8660.56,0.1,11.0,No
ORD-105473,2025-11-19,North,Jaipur,R214,P1039,Online,Consumer,1,577.48,0.0,2.0,No
ORD-103990,2025-05-27,South,Bengaluru,R219,P1027,Partner,SMB,3,23186.56,0.0,11.0,No
ORD-104301,2024-09-03,West,Ahmedabad,R209,P1038,Online,Corporate,3,320.69,0.0,1.0,No
ORD-101365,2025-08-26,West,Ahmedabad,R217,P1023,Partner,Corporate,5,25763.59,0.0,8.0,No
ORD-103097,2025-06-29,East,Kolkata,R216,P1049,Online,SMB,4,15492.78,0.0,3.0,No
ORD-102225,2025-02-01,South,Chennai,R215,P1037,Partner,Consumer,1,904.33,0.0,9.0,No
ORD-105117,2025-04-09,South,Kochi,R203,P1038,Partner,Consumer,3,325.2,0.0,5.0,No
ORD-105653,2024-06-07,South,Chennai,R219,P1051,Online,SMB,2,34138.33,0.05,7.0,No
ORD-100363,2024-08-03,West,Ahmedabad,R209,P1011,Online,SMB,3,60099.95,0.0,8.0,No
ORD-102601,2024-02-12,South,Hyderabad,R207,P1045,Online,Consumer,4,436.68,0.0,10.0,No
ORD-102081,2024-10-08,South,Bengaluru,R207,P1007,Online,Corporate,5,67716.23,0.0,8.0,No
ORD-103357,2024-09-02,East,Bhubaneswar,R204,P1023,Retail,Consumer,3,24876.15,0.0,4.0,No
ORD-102359,2024-09-10,West,Ahmedabad,R201,P1008,Retail,SMB,6,43167.36,0.0,11.0,No
ORD-102333,2024-11-20,East,Bhubaneswar,R212,P1035,Online,SMB,3,341.15,0.0,6.0,No
ORD-105100,2025-08-26,East,Guwahati,R216,P1048,Retail,Corporate,4,17900.15,0.0,2.0,No
ORD-100614,2024-02-10,West,Pune,R205,P1014,Partner,Corporate,1,39512.41,0.0,9.0,No
ORD-101760,2024-05-30,North,Jaipur,R202,P1031,Retail,Corporate,6,868.47,0.0,3.0,No
ORD-100091,2025-07-18,North,Chandigarh,R206,P1049,Online,Corporate,4,15040.2,0.0,10.0,No
ORD-101644,2025-06-13,East,Kolkata,R216,P1031,Partner,Consumer,2,869.42,0.0,9.0,No
ORD-105022,2024-09-28,South,Hyderabad,R215,P1006,Partner,Corporate,1,50164.04,0.0,11.0,No
ORD-102570,2024-09-23,West,Surat,R217,P1001,Retail,SMB,5,63711.21,0.0,6.0,Yes
ORD-102563,2024-10-02,North,Lucknow,R218,P1026,Partner,SMB,7,8562.22,0.0,10.0,No
ORD-101964,2025-03-10,North,Chandigarh,R206,P1054,Retail,Consumer,4,18981.1,0.0,11.0,No
ORD-103308,2025-07-29,South,Bengaluru,R207,P1002,Partner,Corporate,3,75560.35,0.0,4.0,No
ORD-105139,2025-06-26,West,Pune,R209,P1037,Retail,Consumer,4,914.57,0.0,11.0,No
ORD-104880,2025-05-24,South,Kochi,R207,P1023,Online,Corporate,1,25092.23,0.0,7.0,No
ORD-102001,2025-03-27,East,Kolkata,R204,P1038,Online,SMB,2,334.77,0.0,7.0,No
ORD-102553,2024-02-29,South,Kochi,R203,P1030,Online,Consumer,1,8208.89,0.0,1.0,Yes
ORD-104007,2024-08-01,South,Kochi,R203,P1054,Online,Consumer,3,18998.05,0.0,5.0,No
ORD-102966,2025-04-19,South,Hyderabad,R203,P1032,Partner,SMB,5,865.49,0.0,9.0,No
ORD-104297,2024-10-16,East,Kolkata,R208,P1007,Partner,SMB,7,65930.4,0.0,6.0,No
ORD-101661,2025-12-25,NORTH,Jaipur,R206,P1040,Partner,Corporate,7,844.96,0.0,7.0,No
ORD-102401,2025-11-11,North,Chandigarh,R218,P1006,Online,Consumer,4,51995.85,0.15,8.0,No
ORD-105401,2025-05-15,East,Kolkata,R208,P1046,Partner,Consumer,6,14573.95,0.2,10.0,No
ORD-100142,2025-01-03,South,Chennai,R207,P1045,Partner,Corporate,5,437.03,0.0,6.0,No
ORD-103091,2024-12-11,West,Ahmedabad,R213,P1019,Partner,Corporate,7,9210.23,0.0,9.0,No
ORD-103197,2024-09-28,East,Kolkata,R212,P1033,Online,Corporate,3,852.61,0.0,5.0,Yes
ORD-105818,2025-04-12,North,Lucknow,R218,P1009,Partner,SMB,3,45426.7,0.05,9.0,No
ORD-100258,2024-10-17,West,Mumbai,R205,P1015,Retail,Consumer,4,32983.62,0.0,11.0,No
ORD-101496,2024-05-18,North,Chandigarh,R210,P1010,Online,Corporate,2,71342.48,0.05,3.0,No
ORD-101602,2024-01-26,West,Mumbai,R213,P1017,Partner,Consumer,1,12274.39,0.05,10.0,No
ORD-105111,2025-08-25,East,Kolkata,R204,P1022,Partner,Consumer,5,18446.15,0.0,1.0,No
ORD-102741,2024-08-10,North,Jaipur,R218,P1030,Online,Consumer,2,8296.91,0.0,9.0,No
ORD-102375,2025-05-12,West,Surat,R201,P1049,Online,Consumer,4,15566.05,0.0,5.0,No
ORD-103555,2025-06-09,North,Chandigarh,R206,P1012,Retail,SMB,5,88095.5,0.0,11.0,No
ORD-100649,2025-12-04,East,Guwahati,R212,P1011,Retail,SMB,6,60188.47,0.0,9.0,No
ORD-102323,2024-01-17,South,Bengaluru,R219,P1040,Online,Corporate,2,862.46,0.05,4.0,No
ORD-105023,2025-11-06,North,Jaipur,R206,P1047,Partner,Corporate,5,19689.02,0.0,7.0,No
ORD-100970,2025-02-26,South,Chennai,R211,P1054,Retail,Corporate,1,18990.52,0.0,7.0,No
ORD-103807,2025-12-19,West,Surat,R201,P1004,Retail,SMB,4,73423.52,0.05,11.0,No
ORD-105492,2024-01-02,North,Delhi,R210,P1019,Partner,Corporate,3,9363.08,0.0,3.0,No
ORD-103072,2025-02-05,South,Chennai,R215,P1049,Online,Corporate,5,15390.71,0.05,7.0,No
ORD-101305,2024-02-04,South,Kochi,R219,P1023,Retail,Corporate,2,24823.78,0.0,7.0,No
ORD-104582,2024-08-11,South,Kochi,R207,P1049,Retail,Consumer,2,15246.54,0.0,3.0,No
ORD-104436,2024-03-16,South,Bengaluru,R207,P1031,Online,SMB,2,848.26,0.0,4.0,No
ORD-105954,2024-07-11,South,Chennai,R211,P1017,Retail,Consumer,2,12143.76,0.0,2.0,No
ORD-103090,2024-02-10,North,Lucknow,R202,P1054,Partner,Corporate,2,18047.67,0.0,4.0,No
ORD-103007,2024-05-29,South,Chennai,R203,P1017,Retail,Consumer,3,12584.99,0.0,9.0,No
ORD-105853,2025-07-24,West,Ahmedabad,R213,P1048,Online,Corporate,3,17798.19,0.05,3.0,No
ORD-103565,2024-05-11,South,Kochi,R215,P1051,Retail,Consumer,2,33837.38,0.15,5.0,No
ORD-105135,2024-10-21,East,Bhubaneswar,R212,P1027,Online,Corporate,3,23367.58,0.0,6.0,No
ORD-104702,2024-01-02,North,Delhi,R218,P1033,Online,Corporate,1,848.49,0.0,8.0,No
ORD-102284,2024-06-09,West,Ahmedabad,R213,P1037,Retail,Corporate,2,897.88,0.0,10.0,No
ORD-102500,2024-04-12,East,Kolkata,R208,P1043,Retail,Consumer,8,281.55,0.1,4.0,No
ORD-101782,2024-12-28,North,Lucknow,R202,P1049,Retail,SMB,6,15554.29,0.0,1.0,No
ORD-101363,2024-09-12,East,Bhubaneswar,R208,P1036,Online,SMB,4,475.77,0.05,1.0,No
ORD-101468,2024-06-23,North,Chandigarh,R218,P1032,Partner,Corporate,3,876.02,0.05,11.0,No
ORD-104888,2025-06-28,North,Lucknow,R214,P1054,Online,Consumer,4,18817.92,0.05,2.0,No
ORD-103056,2024-12-26,West,Mumbai,R205,P1013,Online,Consumer,1,58331.46,0.2,9.0,No
ORD-101945,2024-01-06,West,Mumbai,R209,P1019,Partner,Corporate,3,9347.61,0.0,1.0,No
ORD-105583,2024-05-31,West,Surat,R209,P1048,Retail,Consumer,2,17360.52,0.15,5.0,No
ORD-103878,2024-03-17,South,Hyderabad,R207,P1051,Retail,Corporate,2,35255.84,0.0,10.0,No
ORD-100270,2025-09-09,West,Ahmedabad,R201,P1039,Online,Corporate,5,608.82,0.05,7.0,No
ORD-105978,2024-08-29,West,Pune,R201,P1037,Online,SMB,5,883.84,0.2,3.0,No
ORD-105487,2025-04-14,South,Hyderabad,R215,P1034,Retail,SMB,3,702.08,0.15,5.0,No
ORD-101696,2025-02-01,North,Delhi,R218,P1009,Online,Corporate,3,44529.07,0.15,8.0,No
ORD-105287,2024-05-06,West,Mumbai,R217,P1007,Retail,Consumer,3,66280.35,0.05,8.0,No
ORD-102449,2025-11-20,North,Delhi,R210,P1028,Partner,Corporate,7,22321.97,0.2,5.0,No
ORD-101911,2024-11-11,South,Chennai,R215,P1037,Retail,SMB,7,915.01,0.0,2.0,No
ORD-104145,2024-10-17,North,Jaipur,R214,P1032,Online,Consumer,4,850.35,0.0,7.0,No
ORD-101819,2025-03-22,West,Pune,R213,P1049,Retail,Corporate,2,14868.43,0.05,9.0,No
ORD-100406,2025-07-17,East,Patna,R208,P1052,Online,SMB,2,18763.19,0.0,1.0,No
ORD-101805,2025-06-11,North,Jaipur,R210,P1032,Partner,Consumer,4,886.39,0.0,10.0,No
ORD-103768,2024-11-11,South,Bengaluru,R203,P1044,Retail,Corporate,8,891.47,0.0,5.0,No
ORD-103262,2024-01-27,South,Hyderabad,R203,P1021,Retail,Consumer,2,17419.33,0.0,11.0,No
ORD-102933,2024-06-30,West,Surat,R209,P1048,Online,Corporate,4,17763.66,0.15,11.0,No
ORD-103704,2025-01-23,East,Kolkata,R204,P1035,Partner,Consumer,3,321.85,0.0,7.0,No
ORD-103940,2025-06-25,North,Chandigarh,R210,P1055,Partner,SMB,3,13952.76,0.0,11.0,No
ORD-103731,2024-11-07,West,Pune,R213,P1037,Partner,Consumer,5,927.23,0.0,3.0,No
ORD-105372,2025-09-08,East,Guwahati,R216,P1045,Retail,SMB,4,446.12,0.05,2.0,No
ORD-105224,2025-05-09,North,Lucknow,R206,P1022,Partner,Consumer,2,18352.08,0.05,8.0,No
ORD-105604,2024-11-06,South,Hyderabad,R207,P1028,Retail,SMB,3,21959.65,0.05,2.0,No
ORD-105039,2024-06-13,South,Bengaluru,R219,P1003,Online,Consumer,2,32480.25,0.0,6.0,Yes
ORD-103186,2024-05-21,North,Lucknow,R202,P1030,Partner,Corporate,1,8325.97,0.0,5.0,No
ORD-103479,2025-12-08,South,Bengaluru,R203,P1041,Retail,SMB,7,832.2,0.1,11.0,No
ORD-101544,2024-08-04,East,Bhubaneswar,R208,P1026,Retail,SMB,3,8685.02,0.1,4.0,Yes
ORD-100463,2024-03-18,West,Mumbai,R205,P1041,Partner,SMB,5,806.11,0.0,4.0,No
ORD-101223,2025-12-21,West,Surat,R209,P1034,Online,Consumer,5,720.3,0.15,5.0,No
ORD-105247,2024-03-12,North,Delhi,R214,P1012,Partner,Corporate,6,88880.44,0.0,2.0,No
ORD-104867,2024-07-17,North,Delhi,R206,P1039,Partner,SMB,4,578.07,0.0,2.0,No
ORD-103576,2025-07-07,North,Lucknow,R218,P1020,Partner,SMB,3,11759.03,0.0,6.0,No
ORD-103247,2024-07-14,East,Patna,R208,P1003,Online,Corporate,5,32333.39,0.0,4.0,No
ORD-101091,2025-06-09,West,Ahmedabad,R205,P1054,Partner,SMB,5,18718.94,0.2,7.0,No
ORD-100691,2024-02-09,South,Hyderabad,R203,P1030,Partner,Corporate,2,7947.92,0.0,10.0,No
ORD-101241,2024-03-24,East,Patna,R200,P1035,Partner,Consumer,2,337.25,0.1,4.0,Yes
ORD-100103,2024-12-28,South,Kochi,R215,P1035,Online,SMB,8,324.94,0.0,5.0,No
ORD-104423,2024-03-10,East,Bhubaneswar,R204,P1036,Partner,Consumer,3,478.98,0.0,4.0,No
ORD-101631,2024-10-07,North,Lucknow,R218,P1006,Partner,SMB,5,51719.26,0.2,2.0,No
ORD-104147,2025-05-17,West,Ahmedabad,R205,P1022,Retail,Corporate,3,18928.62,0.0,10.0,No
ORD-100683,2024-07-02,North,Delhi,R202,P1030,Partner,SMB,3,8066.81,0.0,10.0,No
ORD-103511,2024-09-18,North,Delhi,R218,P1051,Partner,Corporate,2,33409.78,0.0,1.0,Yes
ORD-104013,2024-10-12,South,Bengaluru,R215,P1054,Partner,Consumer,6,18707.97,0.1,4.0,No
ORD-104192,2025-08-25,West,Pune,R201,P1014,Retail,Corporate,2,40096.47,0.05,3.0,No
ORD-101118,2025-02-26, East,Patna,R208,P1034,Partner,Consumer,4,700.42,0.0,9.0,No
ORD-100597,2025-07-09,North,Chandigarh,R206,P1023,Online,Consumer,2,25149.86,0.0,8.0,No
ORD-103459,2025-11-22,East,Guwahati,R200,P1007,Partner,Consumer,5,64912.77,0.15,6.0,No
ORD-102580,2025-10-06,West,Mumbai,R201,P1010,Partner,Consumer,3,74852.49,0.0,8.0,No
ORD-103973,2024-04-12,South,Chennai,R207,P1012,Retail,SMB,2,90729.6,0.15,4.0,No
ORD-105594,2024-10-28,West,Ahmedabad,R217,P1045,Retail,Corporate,9,451.75,0.0,,No
ORD-102818,2024-05-23,East,Patna,R204,P1036,Online,SMB,-3,478.88,0.0,6.0,No
ORD-102695,2024-03-26,North,Delhi,R218,P1046,Retail,Consumer,3,14542.91,0.0,5.0,No
ORD-105087,2024-05-16,North,Chandigarh,R210,P1020,Retail,SMB,2,11756.6,0.0,6.0,No
ORD-103340,2024-10-05,East,Bhubaneswar,R212,P1023,Partner,Consumer,5,24874.99,0.05,8.0,No
ORD-102080,2025-10-31,South,Kochi,R203,P1053,Partner,SMB,7,30634.14,0.2,5.0,No
ORD-100199,2024-09-01,North,Jaipur,R210,P1051,Online,Consumer,4,33557.24,0.0,6.0,Yes
ORD-104052,2025-04-02,East,Guwahati,R216,P1016,Online,Corporate,5,25543.51,0.0,1.0,No
ORD-104670,2025-04-19,West,Mumbai,R201,P1005,Online,Consumer,3,29217.04,0.0,4.0,No
ORD-102121,2025-12-28,North,Delhi,R206,P1046,Online,Corporate,8,14528.28,0.0,1.0,No
ORD-100323,2024-05-21,North,Chandigarh,R214,P1007,Retail,Consumer,5,65630.21,0.2,2.0,No
ORD-101813,2024-11-08,North,Delhi,R206,P1008,Retail,SMB,7,41736.89,0.0,10.0,Yes
ORD-102350,2025-05-04,East,Guwahati,R216,P1049,Online,SMB,4,15520.62,0.0,10.0,No
ORD-100039,2025-03-24,West,Ahmedabad,R201,P1017,Online,Consumer,4,12457.42,0.0,5.0,No
ORD-102672,2025-01-19,North,Chandigarh,R214,P1047,Partner,SMB,3,18965.95,0.0,5.0,No
ORD-100068,2025-11-13,South,Chennai,R215,P1029,Online,Corporate,3,15741.59,0.0,5.0,No
ORD-102410,2025-10-21,South,Hyderabad,R219,P1009,Retail,Corporate,5,45430.37,0.0,,Yes
ORD-102182,2025-11-24,East,Kolkata,R204,P1052,Partner,SMB,2,18911.36,0.0,,No
ORD-104158,2024-12-24,South,Bengaluru,R211,P1050,Online,Corporate,2,14452.26,0.05,5.0,No
ORD-103531,2025-08-22,East,Guwahati,R212,P1048,Partner,Corporate,1,17513.63,0.0,1.0,No
ORD-100679,2025-07-17,North,Lucknow,R210,P1021,Online,Corporate,3,17150.11,0.0,8.0,No
ORD-105437,2024-05-26,West,Mumbai,R205,P1012,Partner,SMB,3,88161.29,0.0,8.0,No
ORD-105068,2024-02-14,West,Ahmedabad,R209,P1032,Online,Consumer,2,857.84,0.05,3.0,No
ORD-103693,2025-01-09,West,Surat,R217,P1003,Partner,Consumer,4,32265.43,0.0,8.0,No
ORD-104925,2024-03-03,North,Delhi,R206,P1013,Partner,Consumer,2,57342.57,0.0,3.0,No
ORD-102202,2024-03-22,South,Bengaluru,R211,P1027,Retail,Corporate,4,22566.05,0.0,11.0,No
ORD-102528,2025-06-23,East,Kolkata,R212,P1020,Partner,Corporate,5,12008.24,0.0,4.0,No
ORD-103281,2025-12-11,West,Pune,R217,P1024,Retail,Corporate,5,12827.02,0.0,10.0,No
ORD-104873,2025-09-21,West,Mumbai,R213,P1015,Retail,Corporate,3,32319.28,0.0,6.0,No
ORD-100365,2024-08-04,West,Mumbai,R217,P1031,Retail,Consumer,6,828.48,0.0,4.0,No
ORD-100733,2024-03-18,North,Lucknow,R206,P1012,Retail,Consumer,2,92810.67,0.05,1.0,No
ORD-104442,2024-12-06,East,Kolkata,R216,P1040,Partner,Corporate,12,876.49,0.0,2.0,No
ORD-102341,2024-05-11,East,Bhubaneswar,R212,P1046,Retail,Consumer,3,14334.38,0.0,3.0,No
ORD-102071,2024-02-07,South,Kochi,R203,P1005,Partner,Corporate,4,28062.71,0.15,5.0,No
ORD-105252,2024-07-26,South,Hyderabad,R211,P1049,Online,Consumer,4,14830.53,0.0,5.0,No
ORD-100954,2025-06-27,North,Lucknow,R202,P1026,Retail,Corporate,4,8501.32,0.0,1.0,No
ORD-102673,2025-03-17,East,Guwahati,R200,P1053,Retail,SMB,4,31748.07,0.0,9.0,No
ORD-100287,2025-06-11,South,Bengaluru,R207,P1005,Partner,SMB,1,28506.72,0.0,3.0,No
ORD-103226,2025-03-28,West,Surat,R205,P1045,Online,Corporate,2,438.51,0.0,10.0,No
ORD-103031,2024-11-29,South,Hyderabad,R219,P1033,Partner,Corporate,4,829.46,0.0,6.0,No
ORD-103064,2025-09-30,West,Surat,R201,P1025,Retail,Corporate,5,17183.1,0.0,1.0,No
ORD-105951,2025-10-28,North,Jaipur,R210,P1001,Online,Consumer,8,65203.63,0.0,6.0,No
ORD-102549,2025-01-21,South,Kochi,R203,P1033,Online,SMB,2,876.23,0.0,7.0,No
ORD-102167,2025-10-04,East,Patna,R200,P1031,Partner,Consumer,5,834.59,0.05,11.0,No
ORD-101388,2024-08-19,West,Pune,R209,P1003,Retail,SMB,3,32737.75,0.0,11.0,No
ORD-102745,2024-11-01,South,Hyderabad,R203,P1023,Retail,SMB,5,25370.82,0.05,8.0,No
ORD-102425,2025-06-03,East,Kolkata,R204,P1023,Online,Consumer,4,25696.15,0.0,10.0,Yes
ORD-101581,2024-02-12,East,Patna,R208,P1009,Retail,Consumer,4,44938.8,0.0,3.0,No
ORD-102833,2025-03-14,North,Chandigarh,R214,P1029,Retail,Consumer,4,16138.27,0.0,1.0,Yes
ORD-102028,2024-08-02,East,Kolkata,R212,P1051,Retail,Corporate,3,34878.46,0.05,1.0,No
ORD-102062,2025-09-29,West,Surat,R213,P1031,Online,SMB,3,840.36,0.1,10.0,No
ORD-105595,2025-11-10,North,Chandigarh,R202,P1027,Online,SMB,4,22998.88,0.0,1.0,No
ORD-102609,2025-01-18,East,Kolkata,R216,P1036,Online,SMB,4,481.67,0.05,6.0,No
ORD-100038,2024-04-25,East,Guwahati,R208,P1052,Partner,Corporate,3,18658.25,0.0,2.0,No
ORD-104857,2025-07-14,East,Bhubaneswar,R216,P1018,Retail,SMB,4,13578.93,0.0,6.0,No
ORD-102556,2025-01-15,North,Chandigarh,R210,P1035,Partner,SMB,2,326.12,0.0,3.0,No
ORD-103043,2025-04-04,East,Kolkata,R204,P1040,Partner,SMB,2,876.31,0.0,11.0,No
ORD-102311,2024-05-29,West,Pune,R205,P1002,Partner,Corporate,2,77761.35,0.0,6.0,No
ORD-103278,2025-12-26,West,Ahmedabad,R209,P1037,Partner,SMB,6,903.91,0.0,2.0,No
ORD-105631,2024-09-04,East,Bhubaneswar,R212,P1045,Online,Consumer,2,445.03,0.0,7.0,No
ORD-102686,2025-11-17,West,Ahmedabad,R201,P1020,Partner,Consumer,5,11929.44,0.0,2.0,No
ORD-103861,2024-08-05,North,Jaipur,R202,P1016,Retail,Consumer,3,25311.88,0.0,4.0,No
ORD-102066,2024-04-01,North,Jaipur,R218,P1003,Online,Consumer,5,32194.17,0.2,9.0,No
ORD-101057,2024-02-03,North,Jaipur,R202,P1027,Online,Consumer,2,22503.7,0.0,6.0,No
ORD-100793,2024-10-29,North,Chandigarh,R214,P1014,Retail,SMB,7,40113.07,0.0,8.0,No
ORD-105403,2024-05-16,North,Jaipur,R210,P1055,Retail,SMB,4,13553.15,0.0,4.0,No
ORD-105134,2024-11-27,South,Bengaluru,R215,P1010,Online,Corporate,6,74185.76,0.0,2.0,No
ORD-101732,2024-03-07,South,Kochi,R203,P1051,Partner,Corporate,3,34365.28,0.0,8.0,No
ORD-104499,2025-08-26,South,Chennai,R203,P1006,Retail,Consumer,4,51608.86,0.0,11.0,No
ORD-101097,2025-08-31,West,Surat,R201,P1051,Online,Consumer,4,35329.31,0.2,4.0,No
ORD-103752,2025-07-14,East,Bhubaneswar,R200,P1021,Retail,Consumer,2,17722.24,0.1,4.0,Yes
ORD-101597,2025-01-09,West,Ahmedabad,R205,P1055,Partner,Consumer,1,13949.99,0.1,8.0,No
ORD-101293,2025-07-06,South,Kochi,R219,P1036,Online,Consumer,1,479.97,0.05,9.0,No
ORD-100950,2025-01-03,East,Guwahati,R200,P1032,Online,Consumer,1,885.77,0.1,5.0,No
ORD-101471,2025-10-01,East,Guwahati,R200,P1029,Retail,Corporate,4,16438.92,0.0,9.0,No
ORD-104593,2024-10-10,North,Chandigarh,R218,P1031,Online,Corporate,9,857.73,0.0,2.0,No
ORD-104035,2025-11-15,East,Guwahati,R204,P1050,Retail,SMB,6,14966.8,0.0,1.0,No
ORD-104845,2024-10-29,West,Surat,R205,P1021,Partner,SMB,4,16937.55,0.1,9.0,No
ORD-102056,2025-12-01,West,Mumbai,R217,P1013,Online,Consumer,4,58948.74,0.0,4.0,No
ORD-102130,2024-09-25,West,Ahmedabad,R213,P1055,Retail,SMB,1,13923.3,0.0,6.0,No
ORD-105901,2025-07-02,North,Jaipur,R214,P1048,Online,SMB,2,17495.86,0.05,4.0,No
ORD-100828,2024-06-21,North,Delhi,R214,P1002,Online,Corporate,3,75676.52,0.0,4.0,No
ORD-105652,2025-02-07,West,Mumbai,R201,P1038,Partner,Corporate,6,336.87,0.0,6.0,No
ORD-102936,2025-04-17,North,Jaipur,R210,P1049,Retail,SMB,2,14800.54,0.0,5.0,No
ORD-104572,2024-11-09,North,Chandigarh,R210,P1014,Retail,SMB,9,39001.67,0.05,,No
ORD-102982,2024-12-17,East,Bhubaneswar,R212,P1022,Partner,Corporate,5,18467.88,0.0,9.0,No
ORD-100722,2024-02-19,East,Kolkata,R208,P1047,Online,Consumer,2,19936.21,0.1,4.0,No
ORD-105899,2025-10-21,East,Guwahati,R204,P1008,Online,Corporate,7,41534.87,0.0,2.0,No
ORD-103463,2024-08-22,East,Kolkata,R204,P1007,Partner,Consumer,1,67696.74,0.05,7.0,No
ORD-105659,2025-03-27,North,Chandigarh,R206,P1005,Retail,SMB,2,28293.88,0.05,3.0,No
ORD-104776,2025-07-20,North,Jaipur,R214,P1030,Retail,Corporate,6,7938.29,0.0,6.0,No
ORD-103240,2024-06-26,East,Kolkata,R212,P1035,Retail,Consumer,2,338.92,0.0,6.0,No
ORD-102888,2024-08-08,East,Guwahati,R216,P1043,Online,Consumer,2,271.93,0.15,6.0,No
ORD-101595,2024-10-19,North,Lucknow,R218,P1016,Online,Consumer,6,24670.96,0.2,4.0,No
ORD-104130,2024-02-24,West,Ahmedabad,R213,P1031,Partner,Consumer,3,847.79,0.0,6.0,No
ORD-105913,2024-12-23,West,Surat,R209,P1016,Retail,Corporate,7,24263.79,0.0,8.0,No
ORD-105155,2025-02-21,West,Mumbai,R217,P1010,Online,SMB,1,74984.18,0.0,4.0,No
ORD-100764,2024-06-27,East,Patna,R200,P1021,Partner,Corporate,-4,17626.97,0.0,4.0,Yes
ORD-104955,2024-02-19,West,Surat,R201,P1027,Online,SMB,2,22885.06,0.0,9.0,No
ORD-102591,2024-01-30,West,Pune,R201,P1049,Online,SMB,3,15254.98,0.0,8.0,No
ORD-102525,2025-07-28,East,Patna,R216,P1034,Retail,Corporate,1,729.57,0.0,1.0,No
ORD-101592,2024-09-30,WEST,Mumbai,R213,P1029,Online,SMB,5,16036.15,0.05,5.0,No
ORD-103096,2025-06-04,West,Mumbai,R201,P1034,Partner,Corporate,5,700.16,0.0,5.0,No
ORD-103748,2025-01-27,East,Patna,R216,P1005,Online,Corporate,5,28824.01,0.0,4.0,No
ORD-105548,2025-09-08,East,Bhubaneswar,R208,P1049,Retail,Consumer,3,14848.58,0.0,11.0,No
ORD-101421,2024-04-29,West,Pune,R217,P1035,Online,SMB,3,324.3,0.0,8.0,No
ORD-105757,2024-11-09,North,Lucknow,R202,P1043,Online,SMB,6,268.99,0.15,6.0,No
ORD-100654,2025-12-28,South,Kochi,R215,P1036,Online,SMB,7,475.4,0.2,4.0,No
ORD-104346,2024-02-22,South,Bengaluru,R211,P1031,Online,Corporate,2,868.34,0.0,10.0,No
ORD-100283,2024-02-04,West,Mumbai,R217,P1021,Partner,Corporate,2,17266.96,0.0,11.0,No
ORD-104493,2025-10-17,East,Kolkata,R216,P1002,Retail,SMB,6,78226.8,0.1,6.0,No
ORD-105541,2025-03-13,North,Jaipur,R210,P1052,Online,Corporate,3,19496.33,0.0,5.0,No
ORD-104513,2024-06-11,South,Chennai,R219,P1011,Retail,Consumer,1,61575.62,0.0,7.0,Yes
ORD-102259,2024-04-27,South,Hyderabad,R203,P1034,Partner,Consumer,2,703.48,0.0,3.0,No
ORD-103703,2025-11-06,West,Ahmedabad,R217,P1035,Retail,Consumer,7,336.33,0.0,3.0,No
ORD-102026,2024-05-29,East,Patna,R212,P1020,Partner,Corporate,3,12144.62,0.05,9.0,No
ORD-105917,2024-03-11,West,Pune,R209,P1029,Retail,SMB,2,15673.34,0.0,1.0,No
ORD-103352,2024-10-11,South,Chennai,R215,P1004,Retail,Corporate,3,71529.57,0.0,9.0,No
ORD-104422,2024-07-27,North,Chandigarh,R206,P1007,Retail,Consumer,4,68651.9,0.0,9.0,No
ORD-105590,2025-01-14,North,Delhi,R206,P1017,Online,SMB,3,12114.78,0.0,11.0,No
ORD-101445,2024-03-28,South,Hyderabad,R215,P1036,Partner,SMB,3,478.9,0.0,11.0,No
ORD-100981,2024-12-24,NORTH,Delhi,R214,P1054,Retail,SMB,6,18050.18,0.05,5.0,No
ORD-102344,2024-10-18,South,Kochi,R207,P1021,Online,Consumer,5,17287.94,0.0,1.0,No
ORD-101153,2024-07-23,East,Kolkata,R204,P1054,Online,SMB,3,18187.93,0.0,2.0,No
ORD-103642,2025-06-15,North,Chandigarh,R210,P1006,Online,Corporate,6,50183.99,0.0,10.0,No
ORD-104567,2024-02-21,West,Ahmedabad,R205,P1037,Retail,Corporate,3,888.91,0.0,1.0,No
ORD-100674,2024-04-09,South,Chennai,R211,P1035,Online,Corporate,2,323.5,0.2,7.0,No
ORD-100468,2024-04-01,North,Chandigarh,R206,P1002,Partner,Consumer,5,76537.78,0.0,6.0,No
ORD-101317,2024-08-06,South,Chennai,R215,P1010,Online,Consumer,4,71902.57,0.0,2.0,No
ORD-104148,2025-01-18,West,Ahmedabad,R209,P1027,Partner,Corporate,1,22373.44,0.2,3.0,No
ORD-100429,2025-02-01,North,Jaipur,R202,P1036,Online,SMB,3,463.9,0.0,8.0,No
ORD-101509,2025-08-21,West,Mumbai,R213,P1001,Online,SMB,3,66592.97,0.2,8.0,No
ORD-101555,2024-07-16,North,Lucknow,R218,P1014,Online,SMB,5,40743.29,0.0,6.0,No
ORD-101129,2024-02-11,South,Hyderabad,R203,P1038,Partner,SMB,3,328.86,0.0,9.0,No
ORD-105327,2024-03-02,North,Chandigarh,R202,P1018,Online,SMB,5,13343.3,0.05,6.0,No
ORD-101210,2024-04-07,West,Ahmedabad,R217,P1035,Online,Consumer,1,334.07,0.2,2.0,No
ORD-100916,2024-11-01,East,Kolkata,R208,P1015,Online,Corporate,5,33855.68,0.0,2.0,No
ORD-100166,2024-06-24,East,Patna,R208,P1027,Partner,Consumer,5,22609.57,0.0,9.0,No
ORD-103059,2025-10-13,East,Bhubaneswar,R208,P1039,Retail,Corporate,4,589.62,0.0,1.0,No
ORD-104292,2024-02-21,West,Ahmedabad,R201,P1023,Retail,Corporate,1,25489.97,0.0,5.0,No
ORD-104302,2024-04-20,North,Delhi,R210,P1012,Online,Consumer,4,91359.21,0.0,8.0,No
ORD-105706,2025-11-22,South,Bengaluru,R203,P1009,Retail,SMB,3,44215.52,0.0,,No
ORD-102613,2025-11-04,West,Ahmedabad,R213,P1027,Partner,Corporate,5,23255.4,0.2,3.0,No
ORD-102494,2024-10-05,North,Delhi,R210,P1051,Online,Corporate,5,34694.67,0.0,2.0,No
ORD-101000,2025-05-05,South,Chennai,R203,P1001,Retail,Corporate,3,63445.25,0.0,1.0,No
ORD-101178,2025-01-13,East,Kolkata,R200,P1039,Online,SMB,1,603.34,0.05,1.0,No
ORD-100056,2025-09-19,West,Ahmedabad,R217,P1055,Retail,Consumer,4,14031.76,0.0,6.0,No
ORD-103020,2024-08-13,East,Kolkata,R212,P1017,Online,Corporate,3,12238.94,0.0,11.0,No
ORD-100208,2025-01-13,North,Jaipur,R202,P1009,Retail,Consumer,3,45192.97,0.1,7.0,Yes
ORD-102111,2024-12-20,South,Chennai,R219,P1051,Online,SMB,2,33783.6,0.1,1.0,No
ORD-104705,2024-04-05,East,Patna,R208,P1007,Online,Corporate,3,67582.44,0.1,5.0,No
ORD-103830,2025-04-13,East,Bhubaneswar,R216,P1028,Online,Consumer,5,22173.04,0.15,9.0,No
ORD-101307,2024-05-17,West,Mumbai,R213,P1009,Online,SMB,2,45375.15,0.1,4.0,No
ORD-101440,2025-11-13,North,Delhi,R214,P1030,Partner,Corporate,4,8054.42,0.1,10.0,No
ORD-100425,2024-12-14,South,Kochi,R203,P1055,Online,SMB,3,13792.36,0.1,4.0,No
ORD-100697,2025-06-13,South,Hyderabad,R203,P1054,Partner,Consumer,1,18718.87,0.0,5.0,No
ORD-104668,2024-03-26,South,Kochi,R207,P1054,Partner,SMB,3,18329.59,0.0,8.0,No
ORD-101265,2024-11-08,South,Chennai,R219,P1023,Partner,SMB,4,24998.74,0.0,7.0,No
ORD-101623,2025-06-19,South,Bengaluru,R219,P1021,Retail,SMB,2,17187.53,0.0,3.0,No
ORD-105106,2024-07-16,South,Hyderabad,R211,P1018,Retail,Consumer,3,13530.1,0.2,1.0,No
ORD-103579,2025-08-23,East,Bhubaneswar,R208,P1019,Online,Corporate,3,9319.88,0.0,9.0,No
ORD-101593,2025-05-16,East,Guwahati,R204,P1048,Partner,Consumer,2,17789.49,0.05,5.0,No
ORD-105751,2025-04-29,South,Kochi,R211,P1001,Partner,SMB,1,62988.6,0.0,5.0,No
ORD-102301,2024-05-25,West,Pune,R201,P1047,Partner,Consumer,2,19104.22,0.05,2.0,No
ORD-100492,2025-06-15,West,Pune,R209,P1049,Partner,Consumer,3,14809.63,0.05,6.0,No
ORD-100961,2025-06-16,East,Guwahati,R208,P1049,Retail,Corporate,2,15378.24,0.1,9.0,No
ORD-101860,2024-06-01,East,Kolkata,R200,P1015,Retail,Corporate,3,33772.81,0.15,9.0,No
ORD-105893,2025-07-22,South,Chennai,R219,P1055,Retail,SMB,2,13666.51,0.0,2.0,No
ORD-105376,2024-06-04,West,Surat,R205,P1054,Partner,Corporate,3,18320.21,0.05,9.0,No
ORD-103035,2024-05-22,South,Kochi,R219,P1014,Online,SMB,2,39134.58,0.0,11.0,No
ORD-104747,2025-12-19,North,Lucknow,R206,P1017,Retail,SMB,4,12322.1,0.15,11.0,No
ORD-100978,2025-10-17,North,Jaipur,R210,P1052,Partner,SMB,7,19394.85,0.0,5.0,No
ORD-105561,2024-04-20,South,Bengaluru,R211,P1013,Partner,SMB,4,58131.87,0.0,8.0,No
ORD-100229,2024-10-28,NORTH,Lucknow,R202,P1016,Online,SMB,5,24665.89,0.0,10.0,No
ORD-100819,2024-04-01,West,Surat,R209,P1011,Online,SMB,4,61272.96,0.15,2.0,No
ORD-102866,2025-05-01,East,Kolkata,R204,P1041,Retail,SMB,3,838.16,0.0,1.0,No
ORD-101826,2025-04-14,North,Chandigarh,R202,P1030,Online,Consumer,2,8227.51,0.0,6.0,No
ORD-104168,2025-11-19,East,Kolkata,R200,P1038,Retail,SMB,7,329.21,0.0,1.0,No
ORD-105575,2024-03-21,East,Patna,R200,P1046,Partner,Consumer,1,13941.85,0.0,10.0,No
ORD-104932,2024-03-11,West,Mumbai,R213,P1046,Retail,Consumer,2,14520.32,0.1,1.0,No
ORD-101467,2024-03-24,South,Chennai,R219,P1008,Retail,Corporate,3,42483.04,0.0,2.0,No
ORD-105299,2025-04-23,North,Lucknow,R214,P1023,Retail,Corporate,1,25624.34,0.0,11.0,Yes
ORD-100621,2024-12-13,West,Ahmedabad,R205,P1053,Online,SMB,5,31604.94,0.0,3.0,No
ORD-105747,2024-05-31, North,Lucknow,R210,P1046,Retail,Corporate,4,14503.48,0.0,7.0,No
ORD-104622,2024-08-04,West,Surat,R217,P1041,Retail,Corporate,4,842.83,0.0,7.0,No
ORD-103722,2025-02-09,East,Kolkata,R208,P1048,Online,SMB,4,17424.41,0.05,4.0,No
ORD-103048,2025-06-22,West,Pune,R213,P1050,Online,Corporate,3,14493.65,0.2,6.0,No
ORD-101778,2025-02-15,East,Patna,R204,P1035,Online,Consumer,3,332.28,0.2,3.0,No
ORD-104161,2025-07-16,West,Ahmedabad,R205,P1047,Partner,Corporate,2,19928.44,0.15,11.0,No
ORD-100336,2025-09-15,North,Chandigarh,R202,P1012,Online,Corporate,1,90816.07,0.1,11.0,No
ORD-102642,2025-07-27,West,Mumbai,R205,P1038,Partner,Consumer,2,327.23,0.0,4.0,No
ORD-103165,2024-11-13,East,Bhubaneswar,R200,P1039,Online,Consumer,2,596.56,0.05,9.0,No
ORD-101083,2025-04-29,West,Surat,R217,P1036,Online,Consumer,2,482.42,0.2,4.0,No
ORD-103400,2025-06-06,North,Lucknow,R210,P1035,Retail,SMB,3,337.52,0.0,2.0,No
ORD-102607,2024-05-30,West,Ahmedabad,R213,P1029,Online,Consumer,2,15540.24,0.1,10.0,No
ORD-105307,2025-05-30,East,Bhubaneswar,R204,P1046,Partner,Corporate,3,13941.83,0.0,5.0,No
ORD-103569,2025-02-25,North,Delhi,R214,P1051,Online,Consumer,4,34519.01,0.05,11.0,No
ORD-100390,2024-08-03,East,Bhubaneswar,R212,P1044,Partner,Consumer,2,889.73,0.1,11.0,No
ORD-100737,2025-01-15,South,Bengaluru,R211,P1051,Partner,Corporate,3,34547.39,0.1,7.0,No
ORD-100113,2024-06-20,North,Jaipur,R202,P1047,Partner,Corporate,2,19990.45,0.0,2.0,No
ORD-101068,2024-01-14,North,Chandigarh,R214,P1034,Retail,Consumer,2,728.6,0.0,,No
ORD-103923,2024-10-18,North,Delhi,R218,P1052,Retail,SMB,4,18631.98,0.0,8.0,No
ORD-100937,2025-11-04,East,Patna,R212,P1033,Retail,Corporate,3,854.34,0.0,3.0,No
ORD-102299,2025-11-12,East,Bhubaneswar,R208,P1006,Retail,Consumer,5,50623.95,0.0,2.0,No
ORD-101873,2024-12-17,East,Patna,R212,P1005,Partner,SMB,6,28046.59,0.0,1.0,No
ORD-105624,2024-06-23,South,Chennai,R207,P1043,Retail,Corporate,5,285.07,0.05,1.0,No
ORD-103695,2025-02-16,West,Ahmedabad,R213,P1053,Retail,Corporate,2,30558.85,0.0,6.0,No
ORD-101015,2024-02-04,South,Kochi,R211,P1049,Retail,Consumer,4,14844.55,0.0,8.0,No
ORD-102883,2025-08-10,South,Kochi,R207,P1039,Retail,Consumer,1,595.75,0.15,4.0,No
ORD-103291,2025-03-27,West,Mumbai,R209,P1027,Retail,SMB,2,22982.4,0.15,10.0,No
ORD-100257,2024-07-19,North,Chandigarh,R202,P1016,Retail,Consumer,4,24682.92,0.0,2.0,No
ORD-102238,2024-08-16,West,Mumbai,R217,P1025,Online,Consumer,1,16315.43,0.0,7.0,No
ORD-101339,2025-02-26,East,Patna,R212,P1043,Retail,SMB,1,275.88,0.0,3.0,No
ORD-101152,2025-02-16,East,Patna,R204,P1040,Online,SMB,1,843.85,0.0,3.0,No
ORD-105330,2024-08-08,East,Guwahati,R200,P1007,Online,Consumer,1,65909.37,0.0,8.0,No
ORD-102264,2024-04-14,South,Kochi,R215,P1048,Retail,SMB,2,17711.64,0.15,8.0,No
ORD-100992,2025-03-29,West,Surat,R217,P1017,Retail,Corporate,4,12493.7,0.0,10.0,No
ORD-104021,2025-12-05,East,Patna,R204,P1012,Retail,SMB,6,89384.29,0.0,9.0,No
ORD-101846,2024-09-03,West,Ahmedabad,R213,P1035,Retail,Corporate,4,331.3,0.05,10.0,No
ORD-102558,2024-10-28,East,Guwahati,R212,P1030,Retail,SMB,6,8105.69,0.15,9.0,No
ORD-101009,2025-03-31,North,Jaipur,R202,P1032,Retail,SMB,1,872.28,0.2,1.0,No
ORD-101972,2025-01-05,West,Pune,R201,P1046,Retail,Corporate,4,13863.81,0.05,1.0,Yes
ORD-104097,2025-06-21,East,Guwahati,R204,P1038,Partner,Consumer,2,334.91,0.0,9.0,No
ORD-100526,2025-09-14,South,Hyderabad,R219,P1003,Partner,Corporate,2,32247.4,0.0,4.0,Yes
ORD-103664,2024-03-21,South,Chennai,R211,P1010,Retail,SMB,4,75326.04,0.0,11.0,Yes
ORD-103564,2025-05-09,East,Bhubaneswar,R208,P1051,Online,SMB,3,34273.01,0.0,7.0,No
ORD-104265,2024-07-30,South,Kochi,R211,P1038,Retail,Consumer,2,339.33,0.05,6.0,No
ORD-105072,2025-09-14,North,Chandigarh,R210,P1007,Partner,SMB,2,64867.87,0.0,11.0,No
ORD-100132,2025-12-03,South,Bengaluru,R203,P1047,Online,SMB,5,19932.27,0.0,9.0,No
ORD-102462,2024-10-17,East,Kolkata,R216,P1038,Online,Corporate,4,332.21,0.1,4.0,No
ORD-100035,2025-01-16,West,Surat,R201,P1040,Online,Corporate,2,837.91,0.05,11.0,No
ORD-100441,2024-11-09,North,Lucknow,R210,P1011,Partner,SMB,10,62928.24,0.0,2.0,No
ORD-100064,2024-09-10,South,Chennai,R219,P1016,Partner,Corporate,2,24871.02,0.15,10.0,No
ORD-102029,2024-06-21,West,Mumbai,R205,P1043,Online,Consumer,2,281.86,0.15,1.0,No
ORD-101668,2025-07-15,South,Bengaluru,R207,P1036,Partner,Corporate,3,469.98,0.05,6.0,No
ORD-105285,2024-04-17,East,Patna,R204,P1008,Online,Consumer,2,41938.5,0.0,9.0,No
ORD-101282,2024-03-02,East,Bhubaneswar,R212,P1050,Retail,Consumer,2,14540.48,0.2,7.0,No
ORD-103584,2024-04-05,East,Patna,R212,P1049,Retail,Corporate,3,14958.17,0.05,3.0,No
ORD-102175,2025-05-26,South,Chennai,R207,P1004,Online,Corporate,1,75413.16,0.0,9.0,No
ORD-100638,2024-05-31,East,Guwahati,R208,P1053,Retail,SMB,3,31686.46,0.0,7.0,No
ORD-104178,2024-10-23,East,Kolkata,R212,P1049,Retail,Consumer,9,15176.29,0.15,10.0,No
ORD-101224,2024-09-27,North,Lucknow,R206,P1049,Retail,Consumer,2,15615.12,0.0,9.0,No
ORD-105911,2024-05-13,North,Jaipur,R218,P1050,Online,SMB,2,15037.93,0.05,5.0,No
ORD-105605,2024-12-01,East,Patna,R212,P1029,Partner,Corporate,4,15605.57,0.0,4.0,No
ORD-103489,2025-05-06,North,Chandigarh,R202,P1037,Online,SMB,3,919.26,0.0,3.0,No
ORD-101218,2024-05-29,South,Chennai,R211,P1051,Online,Corporate,1,35100.11,0.1,5.0,No
ORD-101598,2024-06-30,South,Chennai,R211,P1013,Retail,Corporate,4,57394.11,0.05,2.0,No
ORD-102725,2025-11-27,East,Patna,R216,P1026,Partner,Consumer,5,8517.89,0.05,8.0,No
ORD-102836,2024-02-29, East,Guwahati,R216,P1002,Retail,Corporate,3,75172.18,0.0,2.0,No
ORD-104895,2025-02-22,East,Bhubaneswar,R200,P1002,Online,SMB,2,75256.06,0.0,7.0,No
ORD-104908,2024-12-18,West,Ahmedabad,R201,P1013,Online,Corporate,2,59758.19,0.2,8.0,No
ORD-100767,2025-02-21,West,Ahmedabad,R209,P1040,Online,Consumer,4,861.27,0.0,7.0,No
ORD-102572,2024-05-20,West,Ahmedabad,R201,P1016,Partner,SMB,6,24123.69,0.15,4.0,Yes
ORD-105065,2025-09-12,West,Pune,R213,P1046,Online,Corporate,5,14061.49,0.0,4.0,No
ORD-101294,2024-08-17,South,Hyderabad,R207,P1005,Online,Corporate,1,28579.87,0.15,2.0,No
ORD-100135,2025-07-18,North,Jaipur,R214,P1022,Retail,Consumer,3,18503.76,0.05,4.0,No
ORD-105698,2025-05-01,South,Hyderabad,R215,P1020,Retail,Corporate,3,12081.32,0.0,6.0,No
ORD-105053,2025-12-20,West,Ahmedabad,R217,P1012,Partner,SMB,3,89244.78,0.0,4.0,No
ORD-101108,2025-06-30,South,Chennai,R219,P1044,Retail,SMB,2,866.88,0.05,11.0,No
ORD-101659,2025-07-02,West,Mumbai,R209,P1053,Retail,Corporate,4,32053.75,0.0,8.0,No
ORD-101744,2025-05-21,East,Kolkata,R208,P1006,Online,Consumer,7,51859.25,0.1,4.0,No
ORD-101278,2025-01-01,South,Chennai,R203,P1041,Online,Corporate,4,819.67,0.05,7.0,Yes
ORD-103157,2025-11-09,North,Delhi,R214,P1043,Retail,SMB,9,276.8,0.0,5.0,No
ORD-105058,2025-06-28,West,Surat,R205,P1040,Online,Consumer,1,849.43,0.0,8.0,No
ORD-102959,2024-05-27,East,Kolkata,R208,P1033,Online,SMB,4,855.28,0.0,4.0,No
ORD-104308,2025-05-15,West,Pune,R201,P1019,Retail,SMB,5,9220.15,0.15,6.0,Yes
ORD-103546,2024-08-20,East,Guwahati,R204,P1014,Partner,SMB,3,39524.16,0.15,7.0,No
ORD-105267,2024-05-04,East,Kolkata,R204,P1023,Online,Corporate,2,25441.26,0.1,7.0,No
ORD-102952,2024-05-07,South,Kochi,R207,P1005,Retail,Consumer,6,28161.8,0.05,8.0,No
ORD-100129,2024-01-20,North,Lucknow,R206,P1038,Online,SMB,1,328.5,0.0,3.0,No
ORD-102700,2025-06-07,West,Mumbai,R205,P1020,Partner,Consumer,3,11778.07,0.05,10.0,No
ORD-103457,2024-03-07,South,Hyderabad,R215,P1020,Retail,Consumer,7,11991.41,0.0,5.0,No
ORD-102255,2024-07-12,West,Surat,R201,P1052,Partner,Consumer,5,19495.68,0.05,9.0,No
ORD-100027,2025-09-09,East,Bhubaneswar,R200,P1040,Online,Corporate,1,868.66,0.1,11.0,No
ORD-104077,2024-07-11,East,Kolkata,R204,P1044,Retail,Corporate,2,896.77,0.0,2.0,No
ORD-105083,2025-12-04,South,Bengaluru,R211,P1032,Retail,Corporate,5,854.76,0.1,2.0,No
ORD-104868,2025-05-09,West,Surat,R205,P1015,Partner,Corporate,4,34193.28,0.0,10.0,No
ORD-103851,2024-12-19,North,Chandigarh,R214,P1051,Retail,Consumer,4,34716.21,0.0,8.0,No
ORD-100452,2025-06-09,North,Lucknow,R210,P1024,Retail,SMB,2,12669.52,0.0,1.0,No
ORD-101234,2024-01-03,WEST,Ahmedabad,R209,P1026,Partner,Consumer,5,8417.29,0.05,7.0,No
ORD-105436,2024-09-06,West,Ahmedabad,R209,P1049,Partner,Corporate,3,15440.8,0.0,11.0,No
ORD-101719,2025-04-24,South,Hyderabad,R215,P1032,Retail,SMB,3,854.1,0.0,10.0,No
ORD-105758,2025-01-06,South,Kochi,R215,P1009,Online,Corporate,4,43691.71,0.2,9.0,Yes
ORD-105766,2025-01-11,West,Pune,R205,P1007,Online,Consumer,3,67740.7,0.0,1.0,No
ORD-104542,2025-10-31,West,Mumbai,R201,P1001,Partner,SMB,3,66155.71,0.15,3.0,No
ORD-104207,2024-11-29,East,Kolkata,R200,P1031,Retail,SMB,-6,835.23,0.15,7.0,No
ORD-100459,2024-05-10,South,Hyderabad,R203,P1037,Partner,Corporate,4,896.92,0.2,7.0,No
ORD-103558,2025-06-08,West,Mumbai,R201,P1027,Partner,SMB,2,23233.54,0.05,3.0,No
ORD-102391,2024-06-21,North,Chandigarh,R206,P1052,Retail,SMB,1,19406.49,0.0,6.0,No
ORD-100680,2024-03-03,East,Bhubaneswar,R216,P1031,Partner,SMB,3,852.02,0.0,1.0,No
ORD-102009,2025-08-13,North,Lucknow,R214,P1015,Online,SMB,3,32982.04,0.0,7.0,No
ORD-105952,2024-07-20,West,Ahmedabad,R213,P1006,Online,Consumer,2,50884.78,0.0,5.0,No
ORD-102466,2025-01-31,North,Jaipur,R202,P1045,Partner,Corporate,3,437.28,0.0,1.0,No
ORD-103811,2024-12-02,West,Surat,R217,P1017,Partner,SMB,2,12460.02,0.0,6.0,No
ORD-101747,2024-03-02,West,Pune,R209,P1035,Partner,Consumer,3,332.29,0.0,7.0,No
ORD-104187,2025-01-02,West,Mumbai,R205,P1050,Retail,Corporate,4,14704.68,0.0,4.0,No
ORD-101954,2025-04-12, East,Patna,R204,P1045,Partner,Corporate,1,457.27,0.0,10.0,No
ORD-100361,2024-05-07,East,Guwahati,R212,P1020,Partner,Consumer,3,11953.57,0.05,8.0,Yes
ORD-101804,2025-05-07,East,Guwahati,R204,P1004,Retail,Consumer,1,73935.72,0.15,11.0,No
ORD-104674,2024-04-10,South,Chennai,R215,P1027,Partner,Corporate,3,23642.53,0.0,7.0,No
ORD-104249,2025-05-11,North,Jaipur,R202,P1035,Partner,Consumer,3,333.85,0.0,5.0,No
ORD-100202,2024-09-19,West,Surat,R209,P1047,Retail,SMB,2,19133.62,0.0,11.0,No
ORD-100934,2024-09-01,East,Guwahati,R204,P1022,Online,Consumer,4,18284.4,0.15,8.0,No
ORD-103525,2025-09-02,East,Patna,R204,P1013,Retail,SMB,3,58962.75,0.0,6.0,No
ORD-105342,2024-10-05,West,Pune,R213,P1020,Retail,SMB,5,12380.95,0.1,4.0,No
ORD-105695,2024-10-15,East,Guwahati,R212,P1040,Online,Corporate,6,879.16,0.2,9.0,No
ORD-104029,2025-07-24,West,Ahmedabad,R205,P1036,Retail,SMB,1,482.58,0.0,11.0,No
ORD-103651,2025-11-18,South,Chennai,R211,P1039,Retail,Consumer,7,604.12,0.0,2.0,No
ORD-100964,2024-07-04,West,Surat,R217,P1023,Partner,SMB,5,25344.86,0.0,7.0,No
ORD-100124,2025-11-26,South,Chennai,R203,P1049,Partner,SMB,5,15279.4,0.05,11.0,No
ORD-105444,2024-07-21,South,Kochi,R207,P1028,Retail,Consumer,1,22348.32,0.2,3.0,No
ORD-103025,2024-01-30,West,Pune,R213,P1042,Online,SMB,3,861.52,0.0,8.0,No
ORD-105724,2024-08-05,East,Kolkata,R212,P1039,Partner,SMB,2,603.6,0.1,9.0,No
ORD-101965,2025-01-06,East,Kolkata,R216,P1054,Retail,SMB,2,18535.47,0.0,10.0,No
ORD-102972,2025-10-26,East,Bhubaneswar,R204,P1043,Online,SMB,2,278.98,0.0,2.0,Yes
ORD-102960,2024-10-19,South,Hyderabad,R219,P1003,Retail,Consumer,2,33460.06,0.05,5.0,No
ORD-102515,2024-01-06,West,Pune,R213,P1043,Retail,Corporate,3,282.93,0.0,4.0,Yes
ORD-104972,2025-10-08,East,Bhubaneswar,R204,P1050,Online,SMB,2,14977.14,0.0,11.0,No
ORD-104970,2024-11-13,East,Patna,R208,P1050,Partner,Consumer,4,14271.66,0.0,7.0,No
ORD-100446,2025-06-26,North,Chandigarh,R206,P1012,Retail,SMB,3,92713.98,0.2,2.0,No
ORD-104945,2025-10-20,East,Patna,R212,P1012,Partner,Corporate,5,91986.48,0.0,5.0,No
ORD-104397,2024-02-26,West,Surat,R209,P1047,Retail,Consumer,4,18862.2,0.1,6.0,No
ORD-103822,2024-10-29,East,Bhubaneswar,R200,P1019,Online,Consumer,5,9494.77,0.0,9.0,No
ORD-102996,2025-07-05,South,Bengaluru,R203,P1036,Retail,Corporate,2,464.43,0.1,1.0,No
ORD-100647,2025-11-23,South,Kochi,R219,P1039,Online,SMB,10,601.62,0.0,3.0,No
ORD-104850,2024-01-06,West,Surat,R205,P1044,Online,Corporate,3,870.97,0.0,5.0,No
ORD-102452,2024-10-14,North,Jaipur,R214,P1054,Partner,Consumer,3,18391.84,0.0,5.0,No
ORD-103323,2025-07-18,South,Bengaluru,R211,P1021,Online,Corporate,4,17203.96,0.0,10.0,No
ORD-104388,2025-04-04,West,Pune,R213,P1012,Online,SMB,2,89562.97,0.05,2.0,No
ORD-101757,2025-08-02,South,Hyderabad,R211,P1033,Partner,SMB,2,835.22,0.05,9.0,No
ORD-103699,2024-04-26,West,Ahmedabad,R205,P1054,Online,Corporate,3,18011.93,0.1,4.0,No
ORD-101588,2025-07-31,East,Kolkata,R212,P1029,Online,SMB,2,16410.82,0.0,2.0,No
ORD-100935,2024-06-04,South,Hyderabad,R215,P1039,Partner,SMB,6,594.48,0.0,7.0,Yes
ORD-101450,2024-05-28,North,Jaipur,R202,P1030,Retail,SMB,3,8148.57,0.0,10.0,No
ORD-105029,2025-11-13,North,Lucknow,R214,P1020,Online,SMB,6,11729.65,0.05,3.0,Yes
ORD-100523,2024-11-10,South,Bengaluru,R203,P1048,Online,SMB,5,17707.65,0.0,4.0,No
ORD-101353,2024-10-25,West,Ahmedabad,R217,P1030,Partner,Consumer,6,8136.22,0.0,10.0,No
ORD-104383,2024-03-09,North,Jaipur,R210,P1020,Partner,SMB,1,12357.96,0.05,8.0,No
ORD-103138,2024-01-24,West,Surat,R201,P1002,Online,SMB,2,75635.73,0.15,3.0,No
ORD-101188,2025-09-25,West,Ahmedabad,R205,P1033,Retail,Corporate,3,872.19,0.0,11.0,No
ORD-104220,2025-07-14,North,Jaipur,R218,P1036,Online,Consumer,2,463.25,0.0,3.0,No
ORD-103440,2024-11-18,North,Jaipur,R202,P1007,Partner,Consumer,7,68562.61,0.0,7.0,No
ORD-105274,2025-01-13,North,Jaipur,R218,P1011,Retail,SMB,4,61427.45,0.0,5.0,No
ORD-100877,2024-12-21,South,Bengaluru,R211,P1032,Partner,Corporate,3,873.06,0.05,5.0,No
ORD-103294,2024-12-26,North,Delhi,R206,P1019,Partner,Consumer,2,9457.07,0.1,8.0,No
ORD-102022,2025-11-23,South,Hyderabad,R219,P1016,Online,Corporate,5,25007.96,0.0,,No
ORD-104315,2024-05-10,South,Bengaluru,R211,P1041,Partner,Corporate,3,840.79,0.05,2.0,No
ORD-100066,2024-02-14,East,Patna,R200,P1016,Retail,SMB,4,25087.09,0.2,7.0,No
ORD-103694,2024-02-11,East,Patna,R204,P1030,Online,Corporate,4,8145.57,0.15,11.0,No
ORD-101481,2025-03-17,North,Delhi,R210,P1006,Retail,Corporate,3,52306.61,0.15,2.0,No
ORD-105392,2025-07-16,East,Patna,R212,P1021,Retail,SMB,1,17465.93,0.15,8.0,No
ORD-103892,2025-09-25,South,Bengaluru,R215,P1013,Partner,Corporate,1,58741.3,0.05,9.0,No
ORD-103429,2025-09-01,West,Surat,R213,P1053,Partner,Consumer,2,31665.79,0.2,4.0,No
ORD-104947,2025-02-23,North,Delhi,R210,P1040,Retail,SMB,-2,840.88,0.0,5.0,No
ORD-101944,2025-07-11,East,Guwahati,R212,P1029,Retail,SMB,3,16002.39,0.0,1.0,No
ORD-104492,2025-10-28,West,Pune,R205,P1009,Online,Corporate,2,44567.11,0.0,11.0,No
ORD-103931,2024-07-17,South,Hyderabad,R203,P1038,Partner,SMB,5,333.33,0.1,9.0,No
ORD-103542,2024-12-23,North,Chandigarh,R214,P1030,Online,Consumer,3,8254.71,0.1,2.0,No
ORD-104459,2025-01-25,South,Hyderabad,R211,P1009,Online,Corporate,3,45118.63,0.0,3.0,No
ORD-100782,2025-06-14,East,Patna,R212,P1048,Online,Consumer,4,17658.75,0.2,7.0,No
ORD-102163,2024-12-28,West,Ahmedabad,R213,P1044,Retail,SMB,4,881.32,0.05,9.0,No
ORD-100226,2024-03-08,South,Chennai,R215,P1019,Online,Corporate,1,9579.54,0.0,11.0,No
ORD-100760,2024-11-25,East,Guwahati,R204,P1044,Retail,Corporate,5,876.61,0.1,3.0,No
ORD-101625,2024-10-13,North,Jaipur,R218,P1053,Partner,SMB,8,31741.47,0.0,7.0,No
ORD-100514,2024-03-24,North,Chandigarh,R210,P1028,Partner,Consumer,3,21801.73,0.0,1.0,Yes
ORD-101605,2024-10-01,North,Lucknow,R210,P1042,Partner,Consumer,5,835.02,0.0,2.0,No
ORD-102891,2025-08-03,West,Ahmedabad,R209,P1038,Partner,SMB,4,338.12,0.0,9.0,No
ORD-103930,2025-04-24,West,Pune,R217,P1051,Partner,Corporate,4,33750.1,0.0,3.0,Yes
ORD-104532,2025-12-12,East,Patna,R212,P1053,Retail,Consumer,6,30704.16,0.15,3.0,No
ORD-100908,2025-10-25,West,Surat,R213,P1009,Online,Consumer,5,44479.24,0.0,5.0,No
ORD-100193,2024-05-02,North,Chandigarh,R214,P1020,Retail,Consumer,2,11807.94,0.0,6.0,No
ORD-100742,2024-12-19,West,Pune,R205,P1024,Online,SMB,8,12611.33,0.05,3.0,No
ORD-100612,2024-10-10,East,Patna,R204,P1024,Online,Consumer,5,13101.9,0.0,9.0,No
ORD-104411,2025-07-24,East,Guwahati,R212,P1040,Partner,SMB,3,885.1,0.0,4.0,No
ORD-101870,2025-11-07,East,Kolkata,R212,P1023,Online,Consumer,5,24788.93,0.0,8.0,No
ORD-104687,2025-09-06,South,Kochi,R211,P1013,Partner,SMB,2,59081.45,0.0,9.0,No
ORD-103638,2025-09-02,East,Bhubaneswar,R212,P1030,Partner,Consumer,1,8259.96,0.15,9.0,No
ORD-100401,2025-01-08,North,Chandigarh,R210,P1051,Partner,Corporate,5,35036.81,0.2,7.0,No
ORD-103540,2025-11-26,North,Lucknow,R206,P1045,Partner,Corporate,4,452.66,0.1,5.0,No
ORD-100849,2024-11-28,South,Chennai,R219,P1050,Partner,Consumer,6,14740.63,0.0,5.0,Yes
ORD-104341,2025-05-22,South,Chennai,R203,P1018,Online,SMB,3,13923.04,0.05,4.0,No
ORD-101728,2024-04-09,West,Pune,R209,P1023,Online,Consumer,2,25662.53,0.0,7.0,No
ORD-100374,2025-07-31,West,Pune,R201,P1005,Online,Corporate,1,29151.66,0.0,4.0,No
ORD-104728,2025-12-13,North,Lucknow,R210,P1041,Online,Corporate,2,827.81,0.05,3.0,No
ORD-102935,2024-10-09,South,Hyderabad,R207,P1035,Retail,Consumer,6,340.63,0.2,3.0,No
ORD-101007,2024-11-28,North,Delhi,R210,P1040,Partner,Consumer,5,856.01,0.0,5.0,No
ORD-105783,2025-06-22,East,Guwahati,R216,P1036,Partner,Consumer,3,474.97,0.15,11.0,No
ORD-104796,2025-05-20,East,Bhubaneswar,R216,P1002,Partner,Corporate,3,78056.93,0.0,11.0,No
ORD-100409,2025-07-18,North,Delhi,R210,P1033,Partner,Corporate,2,838.78,0.1,5.0,No
ORD-100578,2025-09-06,North,Delhi,R218,P1040,Partner,SMB,3,857.1,0.15,2.0,No
ORD-100692,2024-03-20,East,Guwahati,R204,P1045,Online,SMB,3,442.77,0.0,10.0,No
ORD-101611,2024-06-05,East,Guwahati,R212,P1027,Partner,Corporate,3,23139.03,0.0,2.0,No
ORD-102734,2025-04-25,West,Ahmedabad,R201,P1002,Retail,SMB,6,77966.96,0.1,1.0,No
ORD-100655,2024-05-02,West,Ahmedabad,R201,P1051,Partner,Corporate,6,35329.4,0.0,5.0,No
ORD-104862,2024-11-15,South,Kochi,R215,P1054,Online,Consumer,6,18553.48,0.0,6.0,No
ORD-103839,2024-01-08,South,Bengaluru,R207,P1040,Partner,Consumer,4,847.87,0.0,,No
ORD-104607,2025-07-21,West,Pune,R209,P1043,Online,SMB,3,274.78,0.0,7.0,No
ORD-104548,2024-11-16,South,Kochi,R211,P1006,Online,Consumer,4,49707.07,0.0,7.0,No
ORD-103133,2024-03-07,West,Pune,R201,P1038,Partner,Corporate,2,324.82,0.0,7.0,No
ORD-100590,2024-01-13,East,Bhubaneswar,R212,P1001,Partner,Corporate,3,65420.97,0.0,6.0,Yes
ORD-102906,2025-12-18,South,Chennai,R207,P1041,Online,Consumer,1,801.59,0.0,5.0,No
ORD-101575,2025-02-20,West,Ahmedabad,R217,P1007,Retail,Corporate,3,67305.32,0.0,9.0,No
ORD-103129,2025-12-26,West,Mumbai,R205,P1028,Retail,Corporate,2,22811.72,0.05,1.0,No
ORD-105219,2024-09-12,South,Kochi,R203,P1024,Partner,Corporate,4,13356.01,0.0,10.0,No
ORD-102396,2025-12-20,West,Ahmedabad,R217,P1025,Online,Corporate,5,16575.7,0.0,3.0,No
ORD-103124,2025-04-10,West,Surat,R209,P1053,Online,Corporate,6,31328.3,0.05,8.0,No
ORD-102660,2025-09-25,North,Lucknow,R210,P1013,Partner,Corporate,4,57567.49,0.0,,No
ORD-101871,2025-10-18,West,Ahmedabad,R217,P1040,Online,SMB,2,841.47,0.0,3.0,No
ORD-100743,2025-04-22,South,Bengaluru,R207,P1015,Online,Consumer,3,33113.7,0.0,8.0,No
ORD-105316,2024-01-12,South,Chennai,R207,P1024,Retail,Corporate,3,12692.52,0.0,6.0,No
ORD-100182,2024-11-05,East,Bhubaneswar,R212,P1016,Partner,SMB,5,25442.45,0.1,2.0,No
ORD-104507,2024-01-12,North,Chandigarh,R214,P1054,Retail,SMB,4,18958.66,0.0,1.0,No
ORD-102716,2025-05-20,South,Chennai,R211,P1018,Partner,SMB,2,13576.35,0.05,1.0,No
ORD-101053,2025-12-20,North,Delhi,R210,P1003,Retail,Consumer,4,32541.87,0.0,8.0,No
ORD-104200,2025-11-06,East,Guwahati,R208,P1051,Retail,Consumer,7,34277.19,0.0,3.0,No
ORD-100653,2024-08-28,North,Delhi,R214,P1042,Retail,Corporate,1,862.02,0.15,1.0,No
ORD-100148,2024-01-04,West,Pune,R205,P1004,Online,Consumer,2,73738.15,0.15,10.0,No
ORD-100708,2025-10-03,East,Guwahati,R204,P1008,Partner,Corporate,3,41239.31,0.1,3.0,No
ORD-100369,2024-12-12,East,Bhubaneswar,R212,P1037,Online,SMB,3,909.56,0.05,1.0,No
ORD-100023,2025-12-28,East,Patna,R208,P1044,Online,SMB,4,874.75,0.05,9.0,No
ORD-103312,2025-02-17,East,Kolkata,R212,P1043,Partner,SMB,2,274.22,0.0,7.0,No
ORD-101285,2025-06-12,West,Surat,R201,P1002,Partner,Consumer,2,75271.6,0.0,2.0,No
ORD-101957,2025-07-03,West,Ahmedabad,R217,P1003,Partner,Consumer,3,33616.78,0.05,7.0,No
ORD-102260,2024-11-12, West,Pune,R209,P1008,Online,Consumer,6,41314.41,0.05,7.0,No
ORD-101199,2024-10-31,South,Chennai,R211,P1032,Online,SMB,3,883.73,0.0,7.0,No
ORD-100469,2024-02-13,East,Patna,R208,P1015,Partner,Corporate,3,33304.8,0.0,1.0,No
ORD-105819,2025-05-26,East,Guwahati,R216,P1014,Online,Corporate,3,39806.63,0.0,10.0,No
ORD-101192,2025-07-08,South,Chennai,R203,P1049,Retail,Corporate,3,15612.56,0.0,5.0,No
ORD-100106,2024-08-25,East,Guwahati,R216,P1006,Partner,SMB,3,50011.93,0.0,8.0,No
ORD-101484,2025-12-26,North,Jaipur,R210,P1037,Partner,Corporate,4,903.44,0.0,10.0,Yes
ORD-104964,2025-01-01,East,Patna,R208,P1054,Retail,Consumer,3,18033.81,0.15,10.0,No
ORD-100350,2025-07-31,East,Bhubaneswar,R216,P1019,Retail,Consumer,2,9177.55,0.0,5.0,No
ORD-104019,2025-02-15,East,Guwahati,R204,P1046,Online,Consumer,3,14389.65,0.0,11.0,No
ORD-101260,2025-09-11,East,Bhubaneswar,R204,P1029,Retail,Corporate,3,16040.59,0.0,8.0,No
ORD-100048,2025-11-01,West,Mumbai,R209,P1026,Retail,Corporate,3,8474.32,0.0,2.0,No
ORD-101443,2025-07-06,East,Kolkata,R204,P1032,Retail,Corporate,4,867.37,0.1,11.0,No
ORD-105608,2024-06-02,East,Patna,R216,P1025,Retail,Corporate,3,16956.89,0.0,5.0,Yes
ORD-105227,2025-02-18,East,Kolkata,R212,P1018,Partner,Consumer,4,13551.2,0.0,8.0,No
ORD-105028,2024-07-26,East,Patna,R204,P1031,Online,Corporate,5,870.24,0.0,4.0,No
ORD-102511,2024-02-01,West,Pune,R209,P1025,Partner,SMB,1,16887.56,0.0,4.0,No
ORD-104486,2024-03-27,North,Delhi,R214,P1021,Online,Consumer,3,17511.79,0.15,8.0,No
ORD-103608,2024-03-08,North,Chandigarh,R218,P1050,Retail,SMB,5,14886.95,0.0,6.0,No
ORD-105665,2025-08-20,North,Lucknow,R206,P1040,Retail,Consumer,4,869.89,0.1,7.0,No
ORD-105161,2025-06-04,North,Lucknow,R202,P1041,Retail,SMB,2,821.73,0.05,8.0,No
ORD-105796,2024-03-27,West,Pune,R201,P1016,Retail,Corporate,6,24751.96,0.05,1.0,No
ORD-103033,2025-07-29,West,Pune,R205,P1045,Online,SMB,4,456.21,0.0,3.0,No
ORD-102771,2024-10-19,North,Chandigarh,R206,P1001,Online,Consumer,5,66131.2,0.0,5.0,No
ORD-105799,2025-05-19,South,Hyderabad,R203,P1027,Partner,SMB,3,22769.27,0.0,8.0,No
ORD-104366,2024-09-17,South,Chennai,R219,P1020,Online,Corporate,2,12140.56,0.0,8.0,No
ORD-105645,2025-03-06,East,Guwahati,R204,P1017,Partner,Corporate,4,12409.08,0.0,2.0,No
ORD-102125,2024-10-04,East,Patna,R212,P1024,Online,Consumer,5,13204.08,0.0,4.0,No
ORD-100030,2024-02-01,South,Bengaluru,R215,P1047,Online,Consumer,4,18861.26,0.15,2.0,No
ORD-102306,2024-07-31,West,Ahmedabad,R217,P1052,Online,Consumer,3,19623.35,0.2,6.0,No
ORD-101226,2024-12-11,South,Chennai,R203,P1038,Partner,SMB,8,337.06,0.0,11.0,No
ORD-102329,2025-12-25,North,Jaipur,R202,P1009,Partner,SMB,5,44051.0,0.05,8.0,No
ORD-103413,2025-09-17,East,Guwahati,R204,P1005,Partner,SMB,3,29570.92,0.1,8.0,No
ORD-104980,2025-10-31,West,Surat,R209,P1022,Online,SMB,4,18877.99,0.15,7.0,No
ORD-100173,2024-08-06,South,Hyderabad,R215,P1008,Retail,Corporate,3,41532.22,0.2,8.0,No
ORD-102676,2024-03-18,South,Kochi,R203,P1054,Partner,SMB,1,18613.83,0.0,9.0,No
ORD-105551,2025-09-09,West,Surat,R205,P1030,Partner,Consumer,3,8218.38,0.0,2.0,No
ORD-103241,2024-04-26,East,Kolkata,R200,P1022,Online,Consumer,3,18614.61,0.0,1.0,No
ORD-105228,2025-06-05,North,Lucknow,R202,P1013,Partner,SMB,3,57359.48,0.0,11.0,No
ORD-105091,2024-01-20,East,Guwahati,R216,P1012,Partner,SMB,4,88874.7,0.0,8.0,No
ORD-104712,2025-09-27,North,Lucknow,R210,P1005,Online,Consumer,4,29361.91,0.15,7.0,No
ORD-105907,2024-10-15,West,Ahmedabad,R205,P1046,Partner,SMB,3,14557.05,0.2,9.0,No
ORD-100807,2024-01-30,South,Chennai,R219,P1024,Online,Consumer,3,12912.13,0.0,2.0,No
ORD-101469,2024-02-17,North,Delhi,R218,P1030,Retail,Corporate,4,7997.67,0.1,6.0,No
ORD-103902,2025-12-21,North,Chandigarh,R210,P1020,Online,Consumer,8,12269.37,0.05,3.0,No
ORD-105162,2025-11-11,East,Patna,R216,P1001,Retail,Consumer,3,66036.74,0.0,3.0,No
ORD-104350,2025-08-24,South,Kochi,R219,P1040,Retail,Consumer,2,881.22,0.0,9.0,No
ORD-103195,2024-03-23,North,Jaipur,R214,P1051,Retail,SMB,1,33967.13,0.0,8.0,No
ORD-100493,2025-09-18,East,Patna,R204,P1039,Retail,Consumer,3,594.06,0.0,11.0,No
ORD-101001,2024-06-12,East,Patna,R208,P1016,Retail,Consumer,2,24707.88,0.0,7.0,No
ORD-102317,2024-06-30,East,Patna,R212,P1055,Online,Corporate,1,13964.19,0.0,6.0,No
ORD-104597,2024-03-09,West,Pune,R217,P1050,Partner,Consumer,2,14757.8,0.0,,No
ORD-104462,2024-07-31,South,Kochi,R211,P1046,Online,Consumer,2,14049.14,0.0,1.0,No
ORD-100972,2025-11-04,West,Pune,R209,P1023,Retail,Corporate,2,24654.27,0.05,10.0,No
ORD-104809,2025-06-28,East,Bhubaneswar,R204,P1007,Online,SMB,3,65136.14,0.0,2.0,Yes
ORD-105233,2025-09-12,South,Bengaluru,R207,P1039,Partner,Corporate,3,604.58,0.0,7.0,No
ORD-102811,2025-11-29,West,Ahmedabad,R217,P1052,Online,Consumer,6,19501.58,0.15,2.0,Yes
ORD-100384,2024-11-17,North,Lucknow,R210,P1046,Online,SMB,7,13947.98,0.05,6.0,No
ORD-104110,2024-09-11,South,Hyderabad,R207,P1025,Retail,Consumer,3,16346.04,0.0,9.0,Yes
ORD-101663,2025-12-28,North,Delhi,R210,P1046,Online,SMB,5,14165.67,0.0,4.0,Yes
ORD-103345,2025-01-06,South,Chennai,R207,P1040,Online,Consumer,4,873.31,0.0,1.0,No
ORD-101701,2025-09-26,North,Delhi,R206,P1005,Partner,SMB,2,29422.13,0.05,7.0,No
ORD-104112,2024-03-05,West,Surat,R217,P1017,Partner,Corporate,1,12481.7,0.05,2.0,No
ORD-104395,2024-05-28,North,Lucknow,R218,P1053,Partner,Corporate,6,30402.5,0.15,2.0,No
ORD-101058,2024-06-15,North,Delhi,R214,P1055,Partner,Corporate,6,13798.67,0.0,9.0,No
ORD-100640,2024-02-18,East,Guwahati,R208,P1031,Retail,SMB,4,841.24,0.05,1.0,No
ORD-103010,2024-07-05,East,Guwahati,R216,P1053,Retail,SMB,3,32071.76,0.0,2.0,No
ORD-102813,2025-01-07,North,Jaipur,R202,P1044,Retail,Corporate,2,881.03,0.15,3.0,No
ORD-105475,2025-09-11,North,Jaipur,R210,P1044,Retail,Consumer,3,896.11,0.1,11.0,No
ORD-105675,2025-10-11,East,Kolkata,R200,P1052,Retail,Consumer,4,18859.41,0.0,4.0,No
ORD-101186,2025-05-30,South,Chennai,R215,P1025,Online,Corporate,2,17134.1,0.15,11.0,No
ORD-102662,2025-11-10,East,Patna,R204,P1010,Partner,SMB,5,72683.54,0.0,2.0,No
ORD-105027,2025-06-23,West,Mumbai,R209,P1002,Online,SMB,4,78482.05,0.0,11.0,No
ORD-101716,2025-08-03,West,Surat,R205,P1001,Partner,Consumer,1,63841.49,0.15,7.0,No
ORD-102469,2025-09-12,East,Kolkata,R216,P1028,Partner,Consumer,3,22279.21,0.1,3.0,No
ORD-101920,2024-02-28,West,Ahmedabad,R209,P1009,Partner,Corporate,2,44039.35,0.0,10.0,Yes
ORD-103143,2024-04-18,West,Surat,R201,P1028,Online,SMB,3,22223.74,0.05,6.0,No
ORD-105386,2025-03-23,South,Kochi,R219,P1003,Retail,Corporate,3,33522.05,0.0,5.0,No
ORD-104825,2025-06-14,South,Kochi,R203,P1051,Online,Consumer,3,35159.49,0.0,11.0,No
ORD-100585,2024-06-19,North,Jaipur,R210,P1004,Retail,Consumer,3,72643.24,0.0,1.0,No
ORD-104309,2025-08-01,East,Kolkata,R208,P1025,Online,Consumer,2,16859.37,0.0,8.0,No
ORD-105694,2024-01-23,South,Bengaluru,R219,P1033,Online,Corporate,1,865.5,0.0,5.0,No
ORD-100076,2025-04-09,North,Jaipur,R210,P1023,Partner,SMB,1,25011.83,0.0,4.0,Yes
ORD-102368,2025-04-22,North,Lucknow,R218,P1017,Retail,Consumer,4,12120.34,0.05,10.0,No
ORD-100625,2025-11-03,West,Surat,R201,P1008,Retail,SMB,4,41749.01,0.0,3.0,No
ORD-103403,2024-10-19,East,Bhubaneswar,R208,P1036,Online,Consumer,2,463.05,0.0,8.0,No
ORD-103713,2025-01-27,West,Surat,R209,P1012,Online,Consumer,1,91390.57,0.05,10.0,No
ORD-101407,2025-10-31,South,Kochi,R203,P1053,Online,Corporate,5,31946.66,0.1,4.0,No
ORD-101905,2025-02-27,South,Chennai,R219,P1027,Online,Corporate,3,22634.24,0.1,5.0,No
ORD-100375,2024-05-26,South,Hyderabad,R211,P1034,Retail,Corporate,4,700.86,0.15,10.0,Yes
ORD-100080,2025-12-13,North,Lucknow,R206,P1037,Retail,Corporate,1,888.05,0.0,,No
ORD-102170,2025-01-05,North,Chandigarh,R214,P1026,Retail,Consumer,4,8610.17,0.0,6.0,No
ORD-104125,2025-10-25,East,Guwahati,R200,P1038,Retail,Corporate,7,331.76,0.0,5.0,No
ORD-102786,2025-12-05,West,Mumbai,R209,P1049,Retail,Corporate,5,15476.33,0.15,2.0,No
ORD-102793,2025-12-22,South,Chennai,R207,P1054,Online,Corporate,4,19115.78,0.0,1.0,No
ORD-105143,2025-06-02,South,Chennai,R211,P1052,Partner,Corporate,2,19485.31,0.0,1.0,No
ORD-100189,2024-09-05,East,Bhubaneswar,R208,P1002,Retail,SMB,5,77728.37,0.0,11.0,No
ORD-105801,2024-01-04,North,Chandigarh,R214,P1032,Partner,SMB,2,859.3,0.0,11.0,No
ORD-105587,2024-05-31,South,Bengaluru,R215,P1003,Online,Corporate,4,32538.88,0.05,1.0,No
ORD-105940,2025-08-07,East,Guwahati,R208,P1033,Retail,SMB,5,870.2,0.05,7.0,No
ORD-104516,2025-07-22,South,Kochi,R219,P1044,Retail,Corporate,2,903.03,0.1,4.0,No
ORD-102059,2024-02-11,East,Bhubaneswar,R216,P1025,Partner,Consumer,5,17188.8,0.0,7.0,No
ORD-104900,2025-09-28,North,Chandigarh,R210,P1036,Retail,SMB,5,479.67,0.2,4.0,No
ORD-102248,2024-05-15,WEST,Surat,R209,P1044,Online,Corporate,4,876.28,0.05,1.0,No
ORD-101383,2024-05-10,South,Kochi,R219,P1014,Partner,Corporate,2,39658.84,0.15,1.0,No
ORD-104299,2025-05-14,West,Ahmedabad,R213,P1050,Partner,Consumer,3,14418.29,0.05,8.0,No
ORD-105005,2024-12-05,North,Delhi,R214,P1036,Partner,Corporate,4,466.21,0.0,9.0,No
ORD-105781,2025-03-24,East,Bhubaneswar,R200,P1036,Online,SMB,2,478.94,0.0,8.0,No
ORD-103476,2024-02-26,North,Lucknow,R210,P1035,Partner,Consumer,2,335.1,0.15,9.0,No
ORD-105266,2025-12-18,East,Kolkata,R208,P1044,Online,Consumer,7,909.81,0.2,3.0,No
ORD-103106,2025-11-08,South,Hyderabad,R203,P1020,Online,Corporate,8,12129.92,0.1,8.0,No
ORD-102110,2025-08-30,South,Bengaluru,R211,P1017,Partner,Corporate,1,12284.17,0.0,4.0,No
ORD-100240,2024-09-30,West,Ahmedabad,R209,P1015,Online,Corporate,2,33056.74,0.0,6.0,No
ORD-101517,2025-01-01,North,Chandigarh,R202,P1020,Online,Corporate,4,11767.45,0.0,9.0,Yes
ORD-104762,2025-11-07,South,Bengaluru,R207,P1049,Partner,Corporate,8,15361.83,0.1,3.0,No
ORD-100676,2024-08-14,East,Bhubaneswar,R216,P1017,Retail,Consumer,3,12054.16,0.15,7.0,No
ORD-103702,2024-07-20,West,Ahmedabad,R201,P1038,Retail,Corporate,4,325.12,0.15,10.0,No
ORD-104909,2024-10-03,North,Jaipur,R214,P1027,Online,Consumer,8,23585.06,0.0,3.0,Yes
ORD-105663,2024-12-28,North,Lucknow,R218,P1021,Retail,Consumer,5,17269.71,0.0,6.0,No
ORD-105549,2024-09-03,South,Kochi,R207,P1043,Online,Consumer,3,278.62,0.1,11.0,No
ORD-101382,2024-10-25,West,Pune,R209,P1014,Online,SMB,6,39193.43,0.15,2.0,No
ORD-101205,2025-11-22,North,Delhi,R210,P1051,Online,Consumer,6,33533.75,0.1,5.0,Yes
ORD-102454,2024-11-10,North,Chandigarh,R214,P1030,Partner,SMB,6,8092.51,0.1,6.0,No
ORD-104515,2025-10-02,North,Lucknow,R210,P1003,Retail,Corporate,5,32202.9,0.1,3.0,No
ORD-101027,2024-07-20,West,Ahmedabad,R213,P1042,Online,Consumer,3,870.27,0.05,1.0,No
ORD-101816,2025-10-20,North,Lucknow,R206,P1014,Retail,Consumer,4,38822.09,0.0,4.0,No
ORD-105064,2025-02-24,South,Chennai,R219,P1010,Retail,Consumer,3,72196.62,0.1,1.0,No
ORD-105255,2024-02-29,South,Kochi,R203,P1037,Online,Corporate,3,924.93,0.2,10.0,No
ORD-103430,2024-12-15,North,Delhi,R210,P1031,Partner,SMB,6,868.95,0.0,5.0,No
ORD-102830,2024-04-13,West,Pune,R217,P1036,Online,Consumer,2,461.31,0.0,10.0,No
ORD-105370,2024-04-16,West,Surat,R217,P1005,Partner,SMB,4,28657.82,0.0,3.0,No
ORD-103055,2025-02-05,North,Lucknow,R218,P1008,Retail,Corporate,1,42215.76,0.0,5.0,No
ORD-100628,2024-12-06,East,Guwahati,R212,P1007,Retail,SMB,5,65217.8,0.0,7.0,No
ORD-102373,2025-11-21,South,Bengaluru,R211,P1014,Partner,SMB,8,39974.59,0.1,8.0,No
ORD-105062,2024-06-22,North,Jaipur,R206,P1001,Online,SMB,4,64602.27,0.0,9.0,No
ORD-103070,2025-01-26,West,Surat,R201,P1028,Online,Corporate,5,22410.2,0.2,3.0,No
ORD-102367,2024-07-02,South,Bengaluru,R207,P1054,Partner,SMB,2,18520.19,0.0,5.0,No
ORD-104773,2025-10-15,East,Patna,R200,P1043,Retail,Corporate,1,279.05,0.05,4.0,No
ORD-101292,2024-06-07,WEST,Mumbai,R217,P1041,Retail,SMB,2,809.16,0.0,2.0,No
ORD-105113,2025-03-26,West,Mumbai,R205,P1031,Online,SMB,1,841.69,0.2,6.0,No
ORD-102814,2024-10-19,West,Mumbai,R209,P1031,Online,Corporate,3,829.18,0.05,1.0,No
ORD-103150,2025-05-09,South,Bengaluru,R215,P1003,Partner,Consumer,5,33656.58,0.0,1.0,No
ORD-102826,2025-01-02,West,Ahmedabad,R201,P1047,Retail,Consumer,2,19884.39,0.2,6.0,No
ORD-103852,2024-09-10,West,Mumbai,R205,P1020,Retail,SMB,4,12256.55,0.0,10.0,No
ORD-102614,2025-09-08,South,Hyderabad,R215,P1043,Online,SMB,3,281.63,0.0,7.0,No
ORD-104048,2025-05-19,South,Bengaluru,R211,P1027,Partner,SMB,3,22524.31,0.0,10.0,No
ORD-105514,2025-06-19,South,Chennai,R207,P1032,Retail,Corporate,3,849.97,0.0,5.0,No
ORD-103617,2025-03-15,West,Ahmedabad,R205,P1002,Retail,SMB,6,75466.73,0.0,6.0,No
ORD-105498,2025-05-23,South,Hyderabad,R215,P1035,Retail,Corporate,3,340.16,0.05,1.0,Yes
ORD-101654,2025-02-10,South,Chennai,R219,P1039,Partner,Consumer,3,589.51,0.0,1.0,No
ORD-100140,2025-09-13,South,Chennai,R219,P1021,Online,Consumer,2,17218.69,0.1,7.0,No
ORD-101589,2025-09-03,North,Delhi,R214,P1012,Partner,Consumer,4,88966.05,0.05,7.0,No
ORD-102496,2025-04-18,West,Surat,R209,P1043,Online,Consumer,3,278.5,0.05,3.0,No
ORD-104037,2024-06-23,West,Mumbai,R201,P1031,Online,Corporate,2,858.45,0.0,7.0,No
ORD-105965,2025-12-03,East,Patna,R208,P1013,Partner,Consumer,7,56822.79,0.0,5.0,No
ORD-105137,2025-04-24,North,Jaipur,R214,P1001,Partner,Corporate,2,65828.4,0.0,11.0,No
ORD-101069,2024-11-22,East,Patna,R204,P1055,Partner,Corporate,3,13832.04,0.15,6.0,No
ORD-101136,2025-05-31,East,Kolkata,R208,P1051,Retail,SMB,2,33703.71,0.1,1.0,No
ORD-104325,2025-01-14,South,Chennai,R215,P1015,Online,Consumer,2,33631.31,0.0,7.0,No
ORD-100999,2025-07-16,East,Guwahati,R208,P1043,Online,Consumer,1,277.26,0.1,3.0,No
ORD-102715,2024-08-06,West,Pune,R201,P1030,Partner,Corporate,3,8198.68,0.05,6.0,No
ORD-103200,2025-11-05,East,Kolkata,R212,P1046,Retail,Consumer,2,14673.02,0.0,6.0,No
ORD-105543,2025-03-06,East,Kolkata,R204,P1042,Retail,Consumer,4,835.54,0.0,4.0,No
ORD-100024,2024-12-13,East,Patna,R200,P1032,Partner,SMB,7,841.65,0.0,6.0,No
ORD-102149,2024-01-05,East,Patna,R204,P1031,Partner,SMB,1,858.97,0.0,5.0,Yes
ORD-100261,2024-12-09,North,Lucknow,R214,P1013,Retail,SMB,6,56705.01,0.1,7.0,No
ORD-103910,2025-10-20,NORTH,Lucknow,R202,P1026,Retail,SMB,6,8704.62,0.0,6.0,No
ORD-103040,2025-05-12,North,Lucknow,R202,P1018,Partner,Consumer,2,13977.14,0.2,1.0,No
ORD-103297,2024-01-19,East,Patna,R204,P1025,Retail,SMB,1,16383.68,0.0,9.0,No
ORD-105877,2024-02-24,East,Kolkata,R204,P1009,Retail,Consumer,2,43932.06,0.0,2.0,No
ORD-102422,2025-02-06,West,Surat,R209,P1038,Online,Consumer,3,322.91,0.0,8.0,No
ORD-103490,2024-02-14,North,Lucknow,R218,P1006,Online,SMB,2,50850.44,0.0,3.0,No
ORD-103609,2024-10-31,East,Bhubaneswar,R212,P1034,Retail,Consumer,3,723.98,0.05,8.0,No
ORD-101695,2024-03-26,West,Ahmedabad,R217,P1055,Retail,SMB,5,14061.72,0.0,3.0,No
ORD-100008,2025-12-11,West,Ahmedabad,R201,P1022,Online,Consumer,6,18591.82,0.0,4.0,No
ORD-101066,2025-10-17,South,Chennai,R211,P1039,Online,SMB,6,578.81,0.2,9.0,No
ORD-101902,2025-04-08,West,Mumbai,R209,P1030,Online,SMB,4,8233.73,0.2,8.0,No
ORD-101713,2025-09-05,West,Mumbai,R217,P1001,Partner,SMB,4,66158.47,0.0,7.0,No
ORD-103061,2024-06-13,East,Patna,R204,P1001,Online,Consumer,2,65615.0,0.0,7.0,No
ORD-100400,2024-04-27,South,Bengaluru,R219,P1055,Online,Consumer,5,14029.32,0.0,2.0,No
ORD-105170,2024-03-01,East,Kolkata,R216,P1044,Partner,SMB,2,892.47,0.0,1.0,No
ORD-105414,2024-05-10,West,Ahmedabad,R205,P1019,Partner,Corporate,2,9436.0,0.0,5.0,Yes
ORD-101994,2025-02-02,East,Patna,R204,P1036,Online,Corporate,4,478.68,0.15,2.0,No
ORD-101539,2025-08-06,North,Chandigarh,R218,P1015,Partner,SMB,2,33540.0,0.05,5.0,No
ORD-105555,2025-04-21,South,Bengaluru,R219,P1009,Retail,SMB,2,45252.72,0.0,5.0,No
ORD-104134,2025-01-04,South,Bengaluru,R211,P1004,Online,Consumer,5,73255.17,0.0,10.0,No
ORD-100864,2024-08-01,North,Lucknow,R218,P1010,Partner,Consumer,4,71563.82,0.0,3.0,No
ORD-105809,2024-09-28,North,Lucknow,R214,P1052,Online,SMB,3,18908.95,0.0,,No
ORD-102433,2025-08-10,East,Guwahati,R212,P1045,Online,Corporate,7,460.25,0.0,7.0,No
ORD-105268,2024-05-09,West,Surat,R213,P1004,Retail,Consumer,3,72966.04,0.0,8.0,No
ORD-104303,2024-06-13,South,Hyderabad,R215,P1003,Partner,Consumer,1,32946.33,0.0,9.0,No
ORD-103328,2025-10-16,South,Chennai,R219,P1052,Online,SMB,2,18698.54,0.1,10.0,No
ORD-103101,2024-10-14,South,Bengaluru,R215,P1024,Partner,Consumer,4,13291.15,0.0,1.0,No
ORD-103362,2024-06-08,West,Mumbai,R205,P1026,Online,Consumer,1,8668.65,0.0,6.0,No
ORD-102568,2024-12-04,West,Ahmedabad,R205,P1017,Retail,Consumer,6,12745.59,0.0,7.0,No
ORD-104489,2025-01-23,West,Pune,R213,P1020,Retail,Consumer,4,11727.15,0.05,1.0,No
ORD-100890,2025-03-06,South,Chennai,R215,P1026,Retail,Consumer,6,8765.13,0.1,9.0,No
ORD-104835,2025-01-08,EAST,Patna,R208,P1054,Online,Corporate,6,18389.71,0.0,3.0,No
ORD-100698,2025-06-28,North,Lucknow,R210,P1031,Partner,Corporate,6,857.27,0.0,3.0,No
ORD-104139,2024-08-29,East,Bhubaneswar,R208,P1004,Partner,Consumer,3,74417.77,0.15,11.0,No
ORD-100293,2025-08-26,North,Chandigarh,R214,P1040,Partner,SMB,4,877.01,0.05,9.0,No
ORD-104055,2024-01-28,East,Patna,R200,P1037,Partner,Corporate,2,893.36,0.0,2.0,No
ORD-102724,2025-11-28,South,Chennai,R215,P1035,Retail,Corporate,3,325.74,0.1,7.0,No
ORD-102297,2025-07-10,South,Chennai,R211,P1043,Partner,Corporate,5,281.81,0.0,7.0,Yes
ORD-103788,2025-02-23,West,Mumbai,R213,P1046,Online,Consumer,2,13864.0,0.0,3.0,No
ORD-104041,2025-01-29,West,Ahmedabad,R209,P1021,Online,Consumer,1,17521.53,0.0,3.0,No
ORD-101112,2025-03-07,South,Hyderabad,R207,P1042,Online,Consumer,2,870.42,0.05,3.0,No
ORD-100631,2025-11-10,West,Pune,R217,P1051,Partner,Corporate,7,34912.95,0.1,4.0,No
ORD-100212,2025-09-23,South,Kochi,R203,P1003,Online,SMB,3,33675.86,0.1,3.0,No
ORD-104054,2024-02-24,West,Surat,R201,P1046,Online,SMB,3,14617.63,0.0,11.0,No
ORD-105523,2025-03-11,North,Chandigarh,R214,P1020,Partner,Corporate,3,12353.08,0.0,8.0,No
ORD-101609,2024-05-25,West,Mumbai,R201,P1018,Retail,Consumer,2,13726.02,0.0,8.0,No
ORD-105916,2025-09-28,North,Delhi,R202,P1042,Online,Corporate,4,838.16,0.0,6.0,No
ORD-104400,2025-08-22,North,Lucknow,R214,P1001,Retail,Corporate,3,65257.37,0.05,7.0,No
ORD-102376,2024-01-14,South,Hyderabad,R211,P1025,Online,Corporate,2,16449.92,0.0,7.0,No
ORD-100198,2025-06-10,West,Ahmedabad,R201,P1035,Partner,Consumer,4,331.67,0.0,11.0,No
ORD-105452,2024-05-17,North,Lucknow,R214,P1009,Partner,Corporate,2,45415.39,0.0,3.0,No
ORD-103781,2025-11-18,West,Mumbai,R213,P1031,Partner,Corporate,8,830.95,0.0,4.0,No
ORD-105946,2024-11-24,South,Hyderabad,R203,P1045,Partner,SMB,5,444.09,0.05,8.0,No
ORD-105339,2024-06-22,South,Bengaluru,R207,P1004,Online,Consumer,2,72555.18,0.0,10.0,No
ORD-105468,2025-04-24,West,Mumbai,R217,P1030,Partner,Consumer,3,8265.15,0.0,1.0,No
ORD-105181,2024-05-14,East,Kolkata,R204,P1034,Partner,Corporate,3,716.7,0.05,11.0,No
ORD-103944,2025-03-23,West,Pune,R213,P1028,Retail,Consumer,2,22478.73,0.0,5.0,No
ORD-101934,2025-09-16,West,Mumbai,R217,P1044,Online,Consumer,3,908.19,0.0,11.0,No
ORD-103535,2024-04-08,North,Delhi,R206,P1027,Partner,Consumer,2,23476.7,0.0,6.0,No
ORD-100570,2024-02-16,South,Chennai,R215,P1011,Partner,Consumer,4,62834.03,0.15,4.0,No
ORD-103141,2025-06-19,North,Lucknow,R214,P1002,Online,Corporate,5,77853.09,0.0,3.0,No
ORD-103728,2025-09-19,East,Guwahati,R200,P1038,Partner,Corporate,3,321.8,0.05,10.0,No
ORD-102631,2025-02-18,West,Surat,R213,P1030,Online,Corporate,2,8136.09,0.0,,No
ORD-100295,2025-07-10,North,Jaipur,R210,P1006,Retail,SMB,3,50909.82,0.0,3.0,No
ORD-103171,2025-07-17,North,Lucknow,R214,P1042,Retail,Consumer,2,841.81,0.05,4.0,No
ORD-102876,2024-02-21,East,Kolkata,R200,P1012,Retail,Corporate,1,90315.77,0.0,9.0,Yes
ORD-105218,2024-08-11,East,Guwahati,R208,P1017,Partner,SMB,8,12495.89,0.0,11.0,No
ORD-105501,2025-06-10,North,Jaipur,R210,P1025,Online,SMB,3,17123.67,0.1,9.0,No
ORD-104557,2025-03-14,East,Kolkata,R200,P1016,Retail,Consumer,1,24765.97,0.0,1.0,No
ORD-104348,2025-04-19,West,Surat,R213,P1030,Retail,Consumer,2,7996.22,0.0,2.0,No
ORD-103310,2025-01-14,West,Ahmedabad,R205,P1035,Online,SMB,3,323.14,0.0,4.0,No
ORD-101204,2025-08-23,West,Pune,R205,P1001,Online,Corporate,3,63699.85,0.2,7.0,No
ORD-105189,2025-07-06,South,Bengaluru,R211,P1055,Retail,Corporate,4,13524.67,0.15,2.0,No
ORD-100567,2025-04-27,West,Mumbai,R209,P1020,Retail,Corporate,2,11952.4,0.0,7.0,No
ORD-102446,2025-01-10,South,Chennai,R207,P1004,Online,Corporate,4,73217.73,0.15,4.0,No
ORD-103000,2024-03-30,West,Ahmedabad,R217,P1043,Partner,SMB,1,281.54,0.15,6.0,No
ORD-102439,2024-11-11,East,Bhubaneswar,R216,P1007,Online,SMB,7,65859.26,0.1,3.0,No
ORD-104594,2024-04-18,East,Guwahati,R212,P1015,Online,Consumer,2,32573.2,0.15,11.0,No
ORD-105664,2025-04-30,North,Chandigarh,R218,P1039,Retail,Corporate,3,599.62,0.05,10.0,No
ORD-102085,2025-04-05,East,Kolkata,R208,P1042,Partner,SMB,2,856.2,0.0,8.0,No
ORD-102509,2025-03-12,South,Chennai,R207,P1037,Retail,Corporate,4,894.91,0.1,5.0,No
ORD-103623,2024-09-15,South,Bengaluru,R207,P1041,Online,SMB,4,821.16,0.0,8.0,No
ORD-104688,2024-01-22,South,Chennai,R203,P1054,Online,SMB,4,19083.03,0.05,6.0,No
ORD-105046,2024-02-22,East,Kolkata,R200,P1029,Retail,Consumer,2,15847.3,0.0,1.0,No
ORD-101645,2024-04-25,East,Kolkata,R216,P1018,Partner,SMB,2,13919.0,0.0,11.0,No
ORD-103815,2025-03-19,South,Chennai,R219,P1031,Partner,Consumer,2,837.67,0.15,8.0,No
ORD-105336,2025-05-30,East,Guwahati,R204,P1026,Online,Consumer,3,8526.56,0.0,5.0,No
ORD-100750,2024-02-01,West,Surat,R201,P1031,Partner,Corporate,3,830.59,0.1,8.0,No
ORD-101161,2025-01-20,South,Hyderabad,R207,P1045,Online,SMB,3,453.01,0.05,2.0,No
ORD-104001,2025-12-22,South,Bengaluru,R211,P1015,Online,Corporate,3,33403.85,0.1,1.0,No
ORD-102074,2024-01-01,East,Guwahati,R212,P1016,Partner,Corporate,6,24222.91,0.0,3.0,No
ORD-100277,2025-12-06,South,Kochi,R203,P1003,Retail,Consumer,7,33724.74,0.05,11.0,No
ORD-104254,2025-08-09,East,Guwahati,R200,P1046,Retail,Corporate,6,13940.31,0.0,2.0,No
ORD-101146,2025-12-09,South,Bengaluru,R203,P1031,Online,Corporate,7,843.73,0.0,1.0,No
ORD-100294,2024-02-18,South,Kochi,R203,P1047,Retail,Consumer,4,19286.83,0.15,11.0,No
ORD-100977,2025-05-22,South,Chennai,R207,P1043,Partner,SMB,2,280.63,0.1,10.0,No
ORD-104355,2025-04-24,South,Hyderabad,R207,P1032,Online,SMB,6,866.4,0.05,8.0,No
ORD-101761,2024-06-25,North,Chandigarh,R218,P1010,Partner,Consumer,2,73684.17,0.0,1.0,No
ORD-103018,2024-12-31,North,Jaipur,R202,P1016,Partner,Corporate,7,24481.52,0.05,5.0,No
ORD-101168,2025-04-10,West,Ahmedabad,R209,P1027,Partner,SMB,2,23308.18,0.05,10.0,No
ORD-103517,2024-04-05,West,Pune,R217,P1035,Partner,Consumer,4,328.11,0.0,6.0,No
ORD-102314,2024-12-09,North,Delhi,R218,P1053,Online,SMB,3,30619.18,0.1,4.0,No
ORD-103324,2024-05-15,West,Mumbai,R205,P1023,Partner,SMB,4,25369.72,0.0,3.0,No
ORD-103545,2025-04-01,South,Chennai,R203,P1027,Partner,SMB,5,23222.15,0.0,2.0,No
ORD-104653,2025-03-15,South,Kochi,R203,P1018,Partner,SMB,3,13951.69,0.15,3.0,No
ORD-101369,2024-10-25,East,Bhubaneswar,R212,P1030,Retail,SMB,5,8005.1,0.0,5.0,No
ORD-104834,2025-11-01,East,Guwahati,R212,P1051,Partner,Corporate,4,33748.77,0.0,5.0,No
ORD-100904,2024-08-14,North,Delhi,R214,P1026,Online,SMB,2,8341.16,0.05,1.0,Yes
ORD-104163,2024-10-24,North,Chandigarh,R218,P1051,Retail,Corporate,8,34594.77,0.0,3.0,No
ORD-102585,2025-09-26,WEST,Ahmedabad,R217,P1012,Online,SMB,3,91740.96,0.2,11.0,No
ORD-105539,2024-10-20,West,Pune,R213,P1042,Online,Corporate,7,845.05,0.1,3.0,No
ORD-104904,2024-01-07,South,Kochi,R211,P1027,Retail,SMB,2,22503.08,0.15,11.0,No
ORD-101314,2024-04-01,North,Chandigarh,R202,P1050,Partner,Consumer,3,14667.21,0.0,4.0,No
ORD-104085,2025-05-03,North,Chandigarh,R214,P1018,Retail,Corporate,4,13900.66,0.15,7.0,No
ORD-103915,2025-09-08,West,Pune,R217,P1041,Retail,SMB,4,834.03,0.15,6.0,No
ORD-101726,2024-02-23,East,Bhubaneswar,R204,P1004,Partner,Consumer,1,74903.29,0.05,2.0,No
ORD-102357,2025-05-18,West,Pune,R213,P1039,Online,Corporate,5,604.04,0.0,1.0,No
ORD-104865,2024-09-03,South,Chennai,R203,P1049,Online,Corporate,2,15078.37,0.0,10.0,No
ORD-105362,2025-01-27,South,Chennai,R211,P1005,Partner,Corporate,4,28587.87,0.15,3.0,No
ORD-105253,2025-02-16,East,Guwahati,R212,P1054,Partner,SMB,4,18014.01,0.0,11.0,Yes
ORD-104832,2024-06-29,East,Bhubaneswar,R200,P1050,Online,Consumer,4,14761.03,0.1,9.0,No
ORD-105850,2024-08-29,North,Delhi,R206,P1050,Partner,Corporate,1,14616.71,0.0,1.0,No
ORD-104430,2024-12-11,North,Jaipur,R202,P1010,Retail,Consumer,4,73777.7,0.0,11.0,No
ORD-105424,2025-11-28,West,Mumbai,R201,P1030,Online,Corporate,1,7922.32,0.0,,No
ORD-101397,2025-03-18,South,Chennai,R215,P1014,Partner,Corporate,3,38704.68,0.0,4.0,No
ORD-101244,2024-02-20,North,Chandigarh,R214,P1041,Partner,Corporate,1,847.57,0.0,2.0,No
ORD-100833,2024-09-23,North,Delhi,R206,P1035,Partner,SMB,4,335.53,0.0,11.0,No
ORD-100149,2025-12-23,South,Chennai,R215,P1025,Retail,Corporate,4,16333.13,0.2,1.0,No
ORD-103647,2024-08-03,North,Delhi,R202,P1053,Online,Corporate,3,31692.78,0.1,4.0,Yes
ORD-102348,2024-05-03,West,Mumbai,R209,P1017,Online,SMB,7,12700.01,0.05,2.0,No
ORD-104987,2024-11-28,West,Surat,R217,P1055,Online,SMB,4,13743.83,0.15,4.0,No
ORD-100184,2024-04-24,East,Bhubaneswar,R216,P1051,Online,SMB,3,33554.39,0.2,11.0,No
ORD-100887,2024-11-29,South,Bengaluru,R215,P1043,Partner,Consumer,3,283.09,0.0,5.0,No
ORD-100920,2024-12-26,North,Delhi,R206,P1008,Retail,Corporate,6,42638.77,0.1,6.0,No
ORD-101487,2025-05-22,North,Chandigarh,R214,P1034,Online,SMB,3,716.02,0.15,8.0,Yes
ORD-102926,2025-10-28,East,Guwahati,R200,P1034,Partner,SMB,3,731.04,0.0,4.0,Yes
ORD-103634,2024-09-20,East,Patna,R212,P1003,Online,SMB,3,32901.64,0.15,1.0,No
ORD-105948,2024-11-19,West,Ahmedabad,R213,P1021,Online,Consumer,7,17595.3,0.0,1.0,No
ORD-105194,2025-06-22,South,Kochi,R203,P1017,Online,Corporate,4,12721.61,0.0,3.0,No
ORD-100672,2024-03-26,South,Bengaluru,R219,P1005,Retail,Corporate,4,28130.54,0.1,11.0,No
ORD-101908,2025-03-24,North,Delhi,R202,P1004,Retail,SMB,5,74684.69,0.0,4.0,No
ORD-102108,2024-02-02,West,Ahmedabad,R201,P1031,Online,Corporate,3,846.63,0.0,6.0,No
ORD-102035,2024-03-10,South,Hyderabad,R211,P1030,Retail,SMB,3,8187.23,0.0,9.0,No
ORD-102231,2025-01-14,South,Bengaluru,R215,P1017,Partner,SMB,4,12696.24,0.0,11.0,No
ORD-100264,2024-11-25,South,Kochi,R211,P1008,Retail,Corporate,4,42790.11,0.0,8.0,No
ORD-103299,2024-06-29,East,Bhubaneswar,R204,P1001,Partner,SMB,4,63357.82,0.0,1.0,No
ORD-102504,2024-02-14,West,Ahmedabad,R217,P1009,Retail,SMB,2,44466.07,0.05,7.0,No
ORD-105408,2025-11-01,East,Kolkata,R208,P1019,Partner,Consumer,3,9447.4,0.0,9.0,No
ORD-101411,2024-10-08,West,Mumbai,R209,P1019,Retail,Corporate,5,9346.25,0.0,2.0,No
ORD-105640,2025-09-22,North,Delhi,R202,P1016,Online,Consumer,4,24698.34,0.0,11.0,No
ORD-103030,2025-07-04,East,Guwahati,R212,P1053,Retail,SMB,4,30306.95,0.0,2.0,No
ORD-100209,2025-03-09,North,Lucknow,R210,P1010,Retail,Corporate,2,73977.82,0.0,10.0,No
ORD-105666,2024-08-31,West,Surat,R205,P1017,Partner,SMB,2,12398.35,0.0,2.0,Yes
ORD-102250,2024-03-25,North,Delhi,R214,P1053,Online,SMB,2,30666.19,0.1,7.0,No
ORD-102395,2025-06-25,South,Hyderabad,R211,P1043,Online,Consumer,3,277.12,0.15,7.0,No
ORD-104765,2024-08-22,North,Delhi,R206,P1012,Online,Corporate,2,90323.86,0.0,8.0,No
ORD-101500,2024-10-01,North,Chandigarh,R202,P1015,Online,SMB,8,32634.13,0.0,5.0,Yes
ORD-102291,2025-09-10,East,Kolkata,R204,P1045,Retail,Corporate,3,440.34,0.05,4.0,No
ORD-101084,2024-11-19,East,Bhubaneswar,R216,P1023,Retail,Corporate,4,24794.93,0.0,9.0,No
ORD-101267,2025-07-23,North,Lucknow,R210,P1034,Partner,Consumer,2,724.43,0.1,8.0,No
ORD-101109,2025-04-08,West,Surat,R213,P1045,Online,Consumer,3,436.56,0.15,7.0,No
ORD-103547,2024-06-19,North,Delhi,R214,P1014,Retail,SMB,2,39604.27,0.0,9.0,No
ORD-102749,2025-01-17,East,Bhubaneswar,R200,P1039,Retail,Corporate,2,599.78,0.0,7.0,No
ORD-103454,2024-09-21,North,Lucknow,R214,P1012,Retail,Corporate,2,90535.15,0.1,5.0,No
ORD-104585,2025-08-22,North,Lucknow,R202,P1031,Partner,Corporate,2,869.48,0.15,11.0,No
ORD-102882,2024-11-03,West,Mumbai,R217,P1044,Partner,Consumer,6,881.71,0.0,11.0,No
ORD-103437,2024-12-22,South,Kochi,R211,P1043,Online,Consumer,9,271.82,0.0,10.0,No
ORD-103322,2024-07-04,North,Jaipur,R206,P1024,Online,Consumer,3,13071.88,0.1,5.0,Yes
ORD-103966,2025-10-26,North,Chandigarh,R214,P1040,Partner,SMB,5,866.93,0.0,4.0,No
ORD-100809,2024-09-12,North,Lucknow,R210,P1053,Retail,SMB,3,31198.2,0.0,5.0,No
ORD-103170,2025-02-17,North,Lucknow,R214,P1030,Partner,Corporate,3,8239.18,0.0,11.0,No
ORD-103028,2025-04-07,West,Surat,R205,P1029,Online,Consumer,2,15786.48,0.0,2.0,No
ORD-102875,2025-05-01,South,Chennai,R203,P1040,Retail,SMB,3,877.99,0.0,1.0,No
ORD-103254,2025-05-30,North,Chandigarh,R214,P1039,Partner,Corporate,5,598.01,0.0,8.0,No
ORD-103975,2024-01-07,East,Guwahati,R204,P1052,Online,SMB,1,18582.1,0.15,9.0,No
ORD-103029,2025-06-29,North,Lucknow,R206,P1035,Online,Consumer,1,327.88,0.0,5.0,No
ORD-105894,2025-01-12,North,Delhi,R214,P1052,Partner,SMB,3,18619.3,0.1,4.0,Yes
ORD-105579,2025-02-09,West,Mumbai,R209,P1002,Online,Consumer,3,79199.52,0.05,4.0,Yes
ORD-100051,2025-01-22,North,Delhi,R206,P1027,Partner,Corporate,6,23100.77,0.0,9.0,No
ORD-105723,2025-05-09,West,Mumbai,R205,P1022,Retail,SMB,3,18541.91,0.2,4.0,No
ORD-104465,2024-07-02,West,Ahmedabad,R205,P1014,Online,Consumer,2,39155.51,0.0,8.0,No
ORD-103154,2024-04-02,North,Delhi,R206,P1018,Retail,Corporate,3,13919.91,0.0,8.0,No
ORD-101969,2025-12-22,EAST,Kolkata,R204,P1007,Partner,Corporate,7,68603.6,0.0,6.0,No
ORD-102713,2025-10-05,South,Kochi,R207,P1003,Partner,SMB,8,33751.69,0.1,7.0,No
ORD-101362,2025-06-08,West,Surat,R213,P1020,Online,Consumer,2,12114.92,0.0,4.0,No
ORD-101514,2025-06-12,East,Bhubaneswar,R200,P1028,Partner,SMB,4,22576.81,0.0,9.0,No
ORD-102152,2024-01-11,West,Mumbai,R201,P1046,Online,Consumer,1,14110.37,0.1,8.0,No
ORD-105279,2024-03-16,East,Patna,R204,P1043,Partner,Consumer,2,282.66,0.15,9.0,No
ORD-100112,2024-07-28,South,Bengaluru,R207,P1023,Online,SMB,3,24996.15,0.0,3.0,No
ORD-105238,2025-04-10,North,Delhi,R202,P1009,Partner,SMB,3,44303.4,0.0,9.0,No
ORD-100168,2025-10-19,West,Surat,R217,P1021,Partner,SMB,12,17198.65,0.0,3.0,No
ORD-102322,2025-08-11,North,Delhi,R202,P1050,Partner,Consumer,3,14887.82,0.0,10.0,No
ORD-104821,2025-06-16,East,Kolkata,R212,P1044,Partner,Corporate,3,872.39,0.0,7.0,No
ORD-104623,2025-09-29,West,Surat,R205,P1008,Retail,Corporate,4,43312.15,0.0,11.0,No
ORD-105260,2025-03-22,West,Surat,R201,P1024,Online,Consumer,3,12886.17,0.0,7.0,No
ORD-102602,2024-03-21,East,Bhubaneswar,R200,P1024,Online,Corporate,7,13259.48,0.0,3.0,No
ORD-104870,2025-08-16,North,Lucknow,R218,P1001,Partner,SMB,3,62861.44,0.05,6.0,No
ORD-104256,2025-09-16,East,Patna,R204,P1042,Online,SMB,4,843.53,0.0,5.0,No
ORD-101245,2025-11-07,South,Chennai,R219,P1029,Retail,Consumer,3,16407.28,0.0,11.0,No
ORD-101354,2025-07-23,South,Hyderabad,R207,P1026,Retail,Corporate,2,8504.86,0.0,8.0,No
ORD-103758,2024-03-21,East,Bhubaneswar,R216,P1021,Retail,Consumer,2,17326.13,0.1,11.0,No
ORD-104235,2024-02-16,North,Delhi,R206,P1052,Partner,Corporate,4,18663.64,0.1,3.0,No
ORD-101157,2025-05-20,North,Jaipur,R202,P1019,Online,SMB,5,9493.74,0.0,6.0,No
ORD-103537,2024-01-13,West,Pune,R217,P1018,Online,Consumer,2,13492.77,0.15,8.0,No
ORD-105388,2025-06-08,West,Ahmedabad,R201,P1042,Partner,Corporate,5,862.65,0.0,4.0,No
ORD-103326,2024-06-25,North,Delhi,R202,P1023,Partner,Corporate,3,25412.54,0.0,1.0,No
ORD-104642,2024-08-15,South,Kochi,R219,P1049,Retail,Consumer,4,15178.06,0.0,2.0,No
ORD-105995,2024-03-03, South,Kochi,R203,P1031,Online,Consumer,3,860.25,0.0,8.0,No
ORD-101115,2024-12-09,North,Lucknow,R218,P1001,Partner,Consumer,3,63524.5,0.0,10.0,No
ORD-102483,2024-05-29,South,Chennai,R207,P1040,Partner,Consumer,4,886.88,0.0,8.0,No
ORD-100853,2025-06-19,South,Hyderabad,R211,P1036,Online,Corporate,1,470.34,0.0,8.0,No
ORD-104625,2024-01-09,West,Pune,R201,P1039,Online,SMB,3,576.4,0.2,1.0,No
ORD-104435,2025-07-05,North,Delhi,R210,P1001,Partner,Consumer,2,64242.04,0.0,11.0,No
ORD-105504,2025-06-06,North,Chandigarh,R214,P1017,Retail,Corporate,1,12205.2,0.0,3.0,No
ORD-102258,2024-07-02,West,Ahmedabad,R213,P1054,Retail,Consumer,3,18856.84,0.1,4.0,No
ORD-103899,2024-03-23,North,Delhi,R202,P1001,Partner,Consumer,2,66368.76,0.1,8.0,No
ORD-100053,2024-04-13,East,Bhubaneswar,R208,P1017,Partner,SMB,1,12542.72,0.0,7.0,No
ORD-104061,2025-12-26,North,Delhi,R218,P1039,Online,Corporate,9,608.0,0.05,6.0,No
ORD-105418,2024-03-19,North,Jaipur,R214,P1016,Online,Corporate,3,24954.6,0.0,3.0,No
ORD-102177,2024-03-20,South,Hyderabad,R207,P1051,Retail,Consumer,1,34361.11,0.05,1.0,No
ORD-105456,2025-02-23,East,Patna,R216,P1038,Partner,Consumer,5,336.45,0.05,1.0,No
ORD-105512,2025-09-14,East,Bhubaneswar,R216,P1042,Online,Consumer,3,826.15,0.1,5.0,No
ORD-103700,2024-08-23,West,Surat,R201,P1033,Retail,SMB,1,827.86,0.05,11.0,No
ORD-102552,2025-07-02,East,Patna,R204,P1027,Online,SMB,3,22402.39,0.0,5.0,No
ORD-104875,2025-01-31,North,Chandigarh,R214,P1030,Retail,Consumer,1,8046.54,0.1,7.0,No
ORD-102841,2024-06-23,East,Patna,R216,P1027,Partner,SMB,7,23535.33,0.05,10.0,No
ORD-101212,2025-05-31,South,Kochi,R203,P1021,Online,Consumer,2,17486.79,0.1,1.0,No
ORD-104263,2025-03-10,East,Guwahati,R200,P1029,Retail,Consumer,2,15935.15,0.0,6.0,No
ORD-103145,2024-07-11,North,Delhi,R218,P1024,Online,Consumer,5,12871.85,0.1,8.0,No
ORD-104448,2025-02-28,North,Lucknow,R210,P1004,Partner,SMB,2,71836.07,0.2,6.0,No
ORD-105326,2025-02-03,West,Surat,R205,P1041,Online,SMB,6,834.4,0.05,10.0,No
ORD-103848,2025-04-27,East,Bhubaneswar,R200,P1026,Retail,Consumer,2,8834.66,0.0,6.0,Yes
ORD-103994,2025-09-06,East,Bhubaneswar,R208,P1048,Partner,Corporate,3,17330.84,0.05,3.0,No
ORD-105720,2024-12-07,South,Bengaluru,R211,P1020,Partner,Consumer,2,12371.96,0.0,11.0,No
ORD-103591,2024-07-25,South,Chennai,R203,P1019,Retail,Consumer,6,9300.25,0.1,6.0,No
ORD-105699,2025-09-02,North,Lucknow,R210,P1047,Online,Corporate,5,18829.84,0.1,3.0,No
ORD-102765,2025-08-05,West,Ahmedabad,R205,P1005,Online,Consumer,1,27953.18,0.1,11.0,No
ORD-100515,2025-05-14,East,Guwahati,R208,P1055,Retail,SMB,2,13577.11,0.2,6.0,No
ORD-105508,2024-02-10,North,Jaipur,R210,P1044,Retail,Corporate,2,914.79,0.1,8.0,No
ORD-102709,2024-05-01,East,Patna,R200,P1003,Partner,Corporate,4,33578.48,0.0,7.0,No
ORD-100356,2024-05-06,West,Mumbai,R213,P1037,Retail,Corporate,3,895.27,0.1,8.0,Yes
ORD-105497,2025-10-10,North,Delhi,R206,P1002,Partner,Corporate,11,75784.87,0.05,10.0,No
ORD-102710,2024-10-24,West,Surat,R217,P1051,Partner,SMB,5,35069.07,0.1,8.0,No
ORD-100529,2024-10-24,East,Patna,R216,P1051,Retail,SMB,4,35166.21,0.0,6.0,No
ORD-103320,2024-01-28,North,Jaipur,R218,P1028,Partner,Corporate,5,22748.75,0.0,8.0,No
ORD-100059,2025-11-25,East,Guwahati,R208,P1001,Online,SMB,3,65412.12,0.15,6.0,No
ORD-100948,2024-01-21,West,Mumbai,R205,P1021,Online,Consumer,2,17109.86,0.0,11.0,Yes
ORD-104681,2024-05-05,East,Patna,R200,P1036,Retail,Consumer,5,461.34,0.15,7.0,No
ORD-100281,2025-03-26,North,Delhi,R210,P1035,Online,Consumer,2,333.06,0.2,8.0,No
ORD-103348,2024-07-08,West,Ahmedabad,R217,P1023,Online,Corporate,5,25109.43,0.0,4.0,Yes
ORD-101629,2025-06-18,East,Kolkata,R200,P1055,Online,Corporate,2,14059.95,0.0,11.0,No
ORD-102782,2024-01-08,South,Kochi,R219,P1014,Retail,Corporate,1,40210.23,0.0,7.0,Yes
ORD-104180,2025-12-23,North,Jaipur,R210,P1050,Online,SMB,5,15108.19,0.0,2.0,No
ORD-104649,2025-05-12,North,Delhi,R210,P1030,Partner,SMB,4,7955.59,0.2,5.0,No
ORD-105147,2025-03-27,South,Kochi,R211,P1054,Online,SMB,1,18971.41,0.0,8.0,No
ORD-100451,2024-06-08,East,Patna,R200,P1021,Retail,SMB,2,17735.02,0.2,1.0,No
ORD-103575,2024-12-01,South,Kochi,R203,P1025,Partner,Corporate,3,17219.5,0.0,10.0,No
ORD-102732,2024-12-17,North,Delhi,R214,P1020,Online,Consumer,6,12018.55,0.2,1.0,No
ORD-104722,2024-01-08,North,Delhi,R210,P1008,Partner,Consumer,3,42547.96,0.0,10.0,No
ORD-101276,2024-03-29,East,Guwahati,R208,P1007,Retail,Corporate,3,66897.17,0.0,10.0,No
ORD-101283,2024-05-13,East,Kolkata,R200,P1013,Partner,Consumer,3,59932.6,0.0,1.0,No
ORD-104047,2024-01-23,South,Bengaluru,R207,P1008,Partner,Corporate,2,41883.98,0.05,5.0,No
ORD-105655,2024-09-23,West,Mumbai,R205,P1019,Partner,Corporate,5,9519.63,0.05,2.0,No
ORD-101530,2025-04-23,East,Bhubaneswar,R212,P1029,Online,Corporate,3,15845.71,0.0,7.0,No
ORD-104033,2024-01-10,North,Delhi,R202,P1038,Retail,Consumer,2,330.11,0.0,11.0,No
ORD-100805,2024-12-31,North,Lucknow,R210,P1010,Partner,Consumer,6,72096.31,0.0,7.0,No
ORD-105846,2024-11-02,West,Pune,R213,P1016,Online,Consumer,3,24293.97,0.05,4.0,No
ORD-101529,2025-08-08,West,Ahmedabad,R201,P1040,Retail,Corporate,4,865.73,0.15,4.0,No
ORD-102554,2025-02-13,West,Surat,R213,P1054,Partner,Corporate,3,18549.54,0.0,5.0,No
ORD-103749,2024-06-25, West,Mumbai,R205,P1032,Partner,SMB,3,882.39,0.0,9.0,No
ORD-104781,2024-08-05,South,Kochi,R207,P1017,Online,Consumer,-4,12585.73,0.0,11.0,No
ORD-100049,2025-06-11,South,Chennai,R219,P1033,Retail,Consumer,1,870.88,0.0,6.0,No
ORD-102691,2025-07-13,South,Kochi,R203,P1019,Retail,Consumer,5,9626.96,0.0,7.0,No
ORD-103054,2025-07-01,South,Kochi,R203,P1052,Online,SMB,3,19081.64,0.0,8.0,No
ORD-100801,2025-09-02,North,Lucknow,R214,P1025,Partner,Consumer,1,16769.06,0.0,9.0,No
ORD-105293,2025-08-22,East,Bhubaneswar,R212,P1046,Retail,Consumer,1,14562.86,0.0,9.0,No
ORD-101367,2024-10-16,East,Guwahati,R204,P1044,Online,SMB,4,870.39,0.0,8.0,No
ORD-100424,2024-04-25,South,Hyderabad,R215,P1025,Online,Consumer,3,17170.39,0.0,9.0,No
ORD-105800,2024-10-19,South,Kochi,R215,P1010,Retail,Corporate,7,72112.58,0.0,,No
ORD-100000,2025-02-01,South,Bengaluru,R219,P1019,Online,SMB,2,9609.68,0.1,6.0,No
ORD-104568,2025-03-16,West,Ahmedabad,R213,P1036,Online,Consumer,5,469.42,0.0,10.0,No
ORD-102034,2024-05-20,East,Kolkata,R200,P1042,Retail,SMB,2,857.65,0.1,3.0,No
ORD-101269,2024-11-09,North,Jaipur,R206,P1007,Partner,Consumer,7,67101.48,0.2,9.0,No
ORD-100176,2024-05-06,East,Kolkata,R204,P1011,Retail,SMB,4,63362.57,0.05,3.0,No
ORD-105394,2024-11-18,East,Patna,R200,P1035,Online,Corporate,7,321.62,0.0,3.0,No
ORD-100512,2024-06-16,South,Hyderabad,R211,P1007,Online,Corporate,2,65795.59,0.1,4.0,No
ORD-101286,2024-09-07,East,Guwahati,R212,P1008,Partner,Consumer,3,43153.1,0.0,2.0,No
ORD-101462,2025-05-02,East,Kolkata,R212,P1008,Online,Consumer,2,42786.43,0.0,4.0,No
ORD-102409,2024-12-06,East,Guwahati,R216,P1016,Partner,Consumer,-7,25557.15,0.0,10.0,No
ORD-104738,2024-05-30,South,Bengaluru,R203,P1021,Retail,Corporate,5,17319.54,0.0,9.0,No
ORD-102384,2025-09-18,North,Delhi,R210,P1011,Online,SMB,4,63279.29,0.0,1.0,No
ORD-100766,2024-11-30,South,Hyderabad,R207,P1031,Partner,SMB,5,844.11,0.0,6.0,No
ORD-101348,2024-06-06,North,Delhi,R218,P1031,Retail,SMB,2,860.07,0.0,7.0,No
ORD-103785,2025-01-10,South,Hyderabad,R219,P1031,Online,SMB,3,865.29,0.05,1.0,No
ORD-102482,2025-04-28,South,Kochi,R203,P1003,Partner,SMB,3,32170.94,0.0,1.0,No
ORD-101054,2025-06-16,South,Chennai,R203,P1054,Online,SMB,3,18461.76,0.0,6.0,No
ORD-105524,2024-09-15,West,Pune,R201,P1032,Online,SMB,7,854.12,0.05,8.0,No
ORD-105235,2024-12-25,West,Pune,R213,P1024,Online,SMB,3,12905.83,0.0,2.0,No
ORD-102455,2025-09-13,West,Mumbai,R209,P1034,Retail,SMB,2,693.95,0.15,9.0,No
ORD-100532,2024-01-18,North,Chandigarh,R206,P1020,Online,Consumer,4,12222.87,0.0,4.0,No
ORD-105318,2025-02-10,South,Chennai,R203,P1029,Partner,SMB,2,15715.76,0.05,11.0,No
ORD-105363,2025-07-08,West,Ahmedabad,R217,P1030,Online,Consumer,1,8357.74,0.0,7.0,No
ORD-105433,2025-06-30,West,Surat,R205,P1013,Online,Consumer,3,58576.7,0.0,9.0,No
ORD-100380,2024-01-09,West,Surat,R217,P1048,Retail,Consumer,3,17716.53,0.15,2.0,No
ORD-101866,2025-01-20,North,Lucknow,R210,P1005,Online,Corporate,4,28985.03,0.0,5.0,No
ORD-105450,2024-08-14,South,Chennai,R203,P1029,Retail,Corporate,2,15903.04,0.0,1.0,No
ORD-103346,2025-02-06,North,Lucknow,R214,P1028,Retail,Consumer,3,22544.62,0.05,9.0,No
ORD-102681,2024-11-17,North,Delhi,R206,P1052,Partner,Corporate,7,18930.66,0.0,4.0,No
ORD-105116,2025-07-11,West,Mumbai,R201,P1029,Partner,Consumer,2,15992.02,0.05,4.0,No
ORD-100930,2025-10-12,North,Lucknow,R210,P1046,Retail,SMB,3,13889.04,0.0,11.0,No
ORD-102626,2024-02-02,North,Lucknow,R206,P1039,Online,Corporate,2,595.31,0.05,6.0,Yes
ORD-102526,2025-11-06,East,Bhubaneswar,R200,P1040,Partner,SMB,11,882.85,0.05,1.0,No
ORD-105986,2024-03-29,West,Pune,R201,P1033,Retail,Corporate,2,835.51,0.0,10.0,No
ORD-104039,2024-08-01,East,Bhubaneswar,R212,P1029,Online,Consumer,3,16216.07,0.0,11.0,No
ORD-100419,2025-12-21,East,Guwahati,R208,P1032,Retail,Consumer,2,871.81,0.0,,No
ORD-103714,2025-06-07,West,Ahmedabad,R209,P1010,Retail,SMB,4,73788.77,0.0,5.0,No
ORD-101480,2025-10-04,South,Chennai,R219,P1001,Retail,Corporate,4,66425.17,0.05,3.0,No
ORD-101059,2024-06-08,North,Lucknow,R214,P1027,Partner,SMB,3,22590.44,0.0,2.0,No
ORD-101970,2024-12-23,East,Bhubaneswar,R212,P1012,Online,Consumer,3,90349.63,0.2,7.0,No
ORD-104176,2024-07-04,West,Ahmedabad,R217,P1009,Online,Corporate,2,43059.18,0.0,4.0,No
ORD-100073,2024-08-20,East,Kolkata,R212,P1003,Retail,Consumer,2,31913.68,0.0,2.0,No
ORD-103173,2024-08-12,North,Delhi,R210,P1011,Retail,Corporate,2,60830.14,0.0,9.0,No
ORD-102604,2025-11-01,East,Guwahati,R200,P1003,Retail,Consumer,5,32092.2,0.1,10.0,No
ORD-102880,2024-07-24,West,Surat,R217,P1003,Retail,SMB,2,33057.06,0.15,10.0,No
ORD-101252,2025-07-13,South,Chennai,R207,P1004,Online,SMB,3,74430.54,0.05,9.0,No
ORD-104394,2025-02-03,North,Delhi,R218,P1052,Online,Consumer,3,19128.88,0.0,9.0,No
ORD-101894,2024-03-04,South,Bengaluru,R203,P1021,Partner,SMB,3,17123.34,0.05,1.0,No
ORD-102598,2024-11-03,East,Patna,R204,P1003,Online,SMB,4,32940.81,0.15,6.0,No
ORD-101864,2025-10-22,West,Pune,R213,P1004,Partner,SMB,7,72514.32,0.05,3.0,No
ORD-101461,2024-01-12,North,Lucknow,R214,P1029,Retail,Consumer,3,15903.9,0.0,6.0,No
ORD-104603,2025-08-11,East,Patna,R216,P1036,Retail,SMB,2,480.8,0.2,1.0,Yes
ORD-101181,2024-06-29,South,Hyderabad,R207,P1001,Retail,SMB,2,62987.1,0.1,3.0,No
ORD-105465,2024-06-09,South,Bengaluru,R207,P1009,Partner,Corporate,1,44326.89,0.0,3.0,No
ORD-100488,2024-07-24,South,Chennai,R215,P1046,Partner,Consumer,6,14362.6,0.0,1.0,Yes
ORD-101124,2025-11-10, East,Patna,R200,P1041,Partner,SMB,6,837.99,0.0,4.0,No
ORD-101257,2024-05-26,West,Surat,R201,P1026,Partner,Corporate,4,8407.29,0.0,8.0,No
ORD-101541,2025-07-02,South,Bengaluru,R211,P1018,Online,Corporate,2,13455.47,0.1,7.0,No
ORD-100388,2025-03-10,East,Patna,R208,P1001,Online,SMB,2,64218.53,0.0,7.0,No
ORD-103065,2024-11-06,West,Surat,R213,P1021,Online,Consumer,8,17167.66,0.15,9.0,No
ORD-103919,2025-12-13,West,Pune,R217,P1034,Online,SMB,4,711.4,0.15,3.0,No
ORD-104778,2025-07-03,South,Hyderabad,R207,P1015,Retail,SMB,5,34037.38,0.0,6.0,No
ORD-102211,2025-02-03,North,Jaipur,R206,P1017,Online,SMB,2,12448.65,0.1,8.0,No
ORD-101290,2024-08-21,North,Lucknow,R210,P1004,Partner,Corporate,3,73036.16,0.0,5.0,No
ORD-102510,2024-09-16,West,Surat,R205,P1045,Online,SMB,4,448.34,0.0,7.0,No
ORD-102995,2024-09-28,North,Lucknow,R218,P1034,Online,Consumer,3,690.94,0.15,5.0,No
ORD-105760,2024-11-26,East,Kolkata,R208,P1032,Partner,SMB,7,854.25,0.0,11.0,No
ORD-100455,2025-12-04,East,Bhubaneswar,R216,P1025,Retail,Corporate,4,17038.42,0.15,1.0,No
ORD-100815,2025-02-24,West,Pune,R205,P1053,Partner,SMB,3,31798.8,0.0,10.0,No
ORD-101086,2024-05-20,North,Jaipur,R218,P1043,Partner,Corporate,3,278.21,0.0,7.0,No
ORD-102920,2024-06-15,South,Kochi,R219,P1012,Retail,SMB,5,90301.69,0.0,2.0,No
ORD-102638,2024-11-22,East,Guwahati,R204,P1005,Partner,Consumer,6,29154.46,0.0,5.0,No
ORD-103130,2025-05-26,South,Kochi,R219,P1051,Retail,Consumer,4,34274.88,0.2,10.0,No
ORD-105895,2025-10-16,North,Delhi,R214,P1038,Retail,Consumer,4,328.11,0.1,6.0,No
ORD-101279,2024-08-04,North,Delhi,R218,P1045,Online,Corporate,2,456.91,0.0,1.0,No
ORD-104700,2025-01-18,North,Delhi,R218,P1052,Retail,SMB,4,19642.27,0.15,1.0,No
ORD-101429,2024-06-15,East,Patna,R212,P1055,Online,Consumer,3,14112.27,0.0,10.0,No
ORD-102777,2024-03-06,North,Jaipur,R202,P1013,Online,Corporate,4,59571.46,0.0,10.0,No
ORD-102222,2025-09-05,East,Kolkata,R212,P1047,Retail,SMB,2,19836.01,0.1,9.0,No
ORD-100352,2025-02-14,South,Hyderabad,R211,P1047,Online,Corporate,3,19987.43,0.0,1.0,No
ORD-104419,2025-01-15,South,Hyderabad,R215,P1043,Partner,SMB,2,269.91,0.05,3.0,No
ORD-103719,2024-11-24,West,Ahmedabad,R209,P1022,Retail,SMB,4,18411.0,0.0,6.0,No
ORD-103389,2025-08-16,East,Guwahati,R212,P1049,Partner,Consumer,4,15069.62,0.0,10.0,No
ORD-103873,2024-11-26,NORTH,Chandigarh,R206,P1032,Online,SMB,2,868.49,0.2,3.0,No
ORD-102082,2024-02-07,North,Chandigarh,R202,P1019,Retail,Corporate,5,9662.81,0.0,6.0,No
ORD-101203,2025-02-24,West,Surat,R201,P1024,Retail,SMB,3,12927.11,0.1,3.0,No
ORD-101405,2024-01-23,North,Jaipur,R202,P1054,Online,Consumer,2,18086.25,0.05,1.0,No
ORD-105213,2025-06-03,West,Surat,R217,P1046,Partner,Consumer,1,14417.73,0.1,7.0,No
ORD-101699,2024-05-18,West,Surat,R213,P1044,Online,SMB,1,868.53,0.0,6.0,No
ORD-101705,2024-05-07,North,Chandigarh,R214,P1011,Partner,Corporate,1,62470.49,0.0,8.0,Yes
ORD-102913,2025-08-11,East,Guwahati,R204,P1001,Retail,Corporate,3,66131.44,0.0,11.0,No
ORD-101274,2025-10-31,East,Kolkata,R208,P1018,Retail,Corporate,4,13786.25,0.0,9.0,No
ORD-102207,2025-03-28,North,Jaipur,R202,P1031,Online,SMB,3,831.33,0.05,9.0,No
ORD-100163,2025-06-18,East,Patna,R204,P1050,Partner,Consumer,1,14398.63,0.2,3.0,No
ORD-102047,2024-07-03,West,Pune,R205,P1053,Partner,SMB,3,30829.5,0.0,6.0,No
ORD-105297,2025-10-23,South,Kochi,R219,P1031,Online,Corporate,3,854.17,0.0,,No
ORD-103280,2025-09-04,West,Ahmedabad,R209,P1055,Partner,Consumer,3,13394.18,0.05,11.0,No
ORD-103360,2024-03-28,South,Kochi,R219,P1047,Retail,SMB,3,19153.69,0.1,8.0,No
ORD-103688,2025-10-15,South,Chennai,R219,P1007,Online,Consumer,3,66730.18,0.0,7.0,No
ORD-105573,2024-06-09,North,Delhi,R214,P1054,Partner,Corporate,6,18124.41,0.15,9.0,No
ORD-100408,2025-06-15,East,Patna,R204,P1016,Partner,Consumer,6,24240.68,0.0,5.0,No
ORD-104238,2024-01-08,East,Kolkata,R208,P1013,Retail,Corporate,3,57248.62,0.05,11.0,No
ORD-104118,2024-07-05,East,Patna,R212,P1010,Partner,SMB,3,73834.08,0.0,6.0,No
ORD-105140,2024-04-29,North,Jaipur,R214,P1050,Retail,Consumer,3,14305.73,0.0,7.0,No
ORD-100641,2025-09-28,East,Bhubaneswar,R208,P1035,Online,Consumer,4,327.62,0.0,3.0,No
ORD-104766,2025-09-22,West,Surat,R217,P1001,Partner,Consumer,2,64910.37,0.15,4.0,No
ORD-101343,2025-09-01,East,Guwahati,R204,P1013,Partner,SMB,2,57036.54,0.0,9.0,No
ORD-104480,2025-01-02,West,Ahmedabad,R213,P1037,Retail,Corporate,2,909.53,0.0,1.0,No
ORD-100888,2024-09-29,North,Jaipur,R218,P1007,Online,Corporate,2,66568.91,0.05,3.0,No
ORD-101557,2024-05-31,North,Lucknow,R202,P1043,Partner,SMB,3,284.61,0.0,2.0,No
ORD-101085,2025-02-03,South,Bengaluru,R219,P1043,Retail,Consumer,4,278.59,0.0,2.0,No
ORD-103927,2025-12-16,North,Chandigarh,R210,P1044,Retail,Corporate,9,888.46,0.0,1.0,No
ORD-100531,2025-05-28,East,Kolkata,R208,P1008,Retail,Corporate,3,42726.66,0.1,1.0,No
ORD-103008,2024-02-12,North,Chandigarh,R214,P1028,Online,Corporate,2,22619.45,0.0,1.0,No
ORD-102447,2025-10-12,North,Chandigarh,R218,P1032,Online,SMB,2,846.89,0.0,4.0,No
ORD-105950,2025-01-06,East,Guwahati,R208,P1013,Retail,Corporate,2,58958.65,0.2,3.0,No
ORD-102767,2024-03-12,East,Guwahati,R212,P1019,Partner,Corporate,5,9200.14,0.0,1.0,No
ORD-101671,2024-01-06,North,Chandigarh,R202,P1001,Retail,SMB,2,66135.32,0.0,2.0,No
ORD-102109,2024-04-23,North,Chandigarh,R202,P1023,Retail,SMB,1,24642.41,0.1,1.0,No
ORD-101148,2024-05-19,South,Bengaluru,R215,P1010,Retail,SMB,2,72556.51,0.2,6.0,No
ORD-103166,2024-02-21,East,Bhubaneswar,R204,P1016,Retail,SMB,2,24446.47,0.0,2.0,No
ORD-100266,2024-08-11,South,Chennai,R211,P1001,Retail,Consumer,3,64960.1,0.0,7.0,No
ORD-103763,2025-03-24,North,Jaipur,R206,P1049,Online,Consumer,4,15279.72,0.0,6.0,No
ORD-105883,2025-04-15,South,Bengaluru,R215,P1052,Partner,SMB,2,19142.45,0.1,8.0,No
ORD-103736,2024-08-28,East,Kolkata,R204,P1019,Partner,Consumer,3,9260.84,0.05,1.0,No
ORD-100360,2025-08-16, North,Chandigarh,R206,P1051,Retail,SMB,4,33586.75,0.0,11.0,No
ORD-101460,2025-04-18,North,Jaipur,R214,P1019,Retail,Corporate,3,9110.33,0.05,9.0,No
ORD-103421,2024-03-11,North,Lucknow,R214,P1051,Online,SMB,3,33880.92,0.0,8.0,No
ORD-100952,2025-10-15,North,Delhi,R214,P1040,Partner,SMB,6,856.06,0.0,3.0,No
ORD-102160,2025-09-22,East,Kolkata,R212,P1052,Online,SMB,5,19176.02,0.0,7.0,No
ORD-105932,2024-08-30,North,Delhi,R218,P1013,Retail,Corporate,4,57213.44,0.0,9.0,No
ORD-101574,2025-05-29,East,Bhubaneswar,R204,P1036,Online,SMB,5,476.67,0.0,6.0,No
ORD-105358,2024-03-28,West,Pune,R209,P1010,Partner,Corporate,2,73804.98,0.05,7.0,No
ORD-103337,2024-06-10,North,Delhi,R202,P1028,Retail,Consumer,3,22908.2,0.0,1.0,Yes
ORD-101842,2025-12-11,East,Bhubaneswar,R216,P1035,Partner,Corporate,-5,331.18,0.0,4.0,No
ORD-102208,2024-11-13,West,Surat,R209,P1033,Online,Corporate,4,839.09,0.0,8.0,No
ORD-102979,2024-01-26,West,Ahmedabad,R205,P1023,Partner,SMB,7,25997.51,0.15,9.0,No
ORD-103436,2025-09-11,West,Surat,R217,P1047,Partner,Corporate,1,19928.53,0.0,6.0,No
ORD-105021,2025-10-24,North,Jaipur,R218,P1001,Retail,Consumer,5,64915.34,0.0,1.0,No
ORD-100754,2025-09-12,EAST,Bhubaneswar,R200,P1054,Online,Corporate,2,18492.15,0.05,10.0,No
ORD-101378,2024-07-27,East,Kolkata,R208,P1044,Retail,Consumer,2,900.02,0.15,7.0,No
ORD-100980,2024-01-08,South,Chennai,R211,P1022,Retail,Corporate,3,18573.59,0.0,7.0,No
ORD-102100,2025-03-10,North,Chandigarh,R206,P1007,Online,Consumer,6,65039.15,0.0,5.0,No
ORD-100286,2024-10-02,West,Surat,R201,P1055,Retail,SMB,8,13390.03,0.15,1.0,No
ORD-103533,2025-05-14,North,Jaipur,R202,P1048,Partner,Consumer,5,18098.29,0.0,9.0,No
ORD-103088,2024-02-04,East,Bhubaneswar,R212,P1040,Partner,SMB,5,864.15,0.0,4.0,No
ORD-101154,2025-12-24,North,Delhi,R218,P1006,Online,Consumer,5,52452.63,0.0,7.0,No
ORD-101511,2024-12-27,East,Patna,R212,P1016,Partner,Corporate,2,24903.86,0.0,3.0,No
ORD-104231,2024-05-03,North,Delhi,R202,P1026,Online,Consumer,2,8558.77,0.1,7.0,No
ORD-103261,2025-10-30,South,Bengaluru,R219,P1050,Retail,SMB,5,15055.05,0.05,8.0,Yes
ORD-104833,2025-11-25,East,Patna,R208,P1028,Online,Consumer,5,22851.28,0.15,7.0,No
ORD-102191,2024-10-28,East,Bhubaneswar,R216,P1023,Retail,Consumer,4,24594.11,0.0,1.0,No
ORD-100211,2024-08-25,South,Kochi,R207,P1002,Partner,Consumer,6,77557.1,0.0,5.0,No
ORD-105275,2025-03-30,East,Bhubaneswar,R216,P1046,Partner,Consumer,4,14120.87,0.0,9.0,No
ORD-103164,2025-11-18,North,Chandigarh,R202,P1023,Online,Consumer,5,24973.62,0.1,9.0,No
ORD-100274,2024-10-04,West,Pune,R217,P1046,Partner,Corporate,7,13955.7,0.0,7.0,No
ORD-100088,2024-08-12,North,Delhi,R206,P1009,Online,SMB,3,44823.29,0.0,8.0,No
ORD-102798,2024-06-10,East,Bhubaneswar,R208,P1035,Online,Corporate,3,338.84,0.0,4.0,No
ORD-102324,2024-11-14,North,Delhi,R214,P1025,Partner,Consumer,5,16443.74,0.05,9.0,No
ORD-100298,2025-06-25,South,Hyderabad,R207,P1014,Partner,SMB,2,39335.98,0.15,8.0,No
ORD-104663,2024-03-04,East,Kolkata,R212,P1025,Retail,SMB,3,16312.89,0.0,9.0,No
ORD-103674,2024-01-13,South,Bengaluru,R211,P1054,Retail,Corporate,1,18801.51,0.0,7.0,No
ORD-105495,2025-07-31,South,Bengaluru,R219,P1018,Retail,SMB,1,13890.3,0.0,1.0,No
ORD-103776,2024-03-25,South,Hyderabad,R203,P1009,Retail,Consumer,2,43094.88,0.0,1.0,No
ORD-105036,2025-04-13,West,Pune,R213,P1042,Retail,Consumer,3,864.36,0.1,9.0,No
ORD-100315,2024-06-27,West,Surat,R201,P1026,Retail,Corporate,3,8562.24,0.0,3.0,No
ORD-105389,2025-11-10,West,Pune,R209,P1047,Partner,SMB,10,18830.79,0.0,9.0,No
ORD-102151,2025-08-11,South,Hyderabad,R203,P1017,Retail,Corporate,3,12572.33,0.05,9.0,No
ORD-103288,2024-08-31,East,Patna,R204,P1036,Partner,Consumer,4,482.61,0.05,8.0,No
ORD-103117,2024-01-25,East,Bhubaneswar,R208,P1007,Online,SMB,3,66017.17,0.1,11.0,Yes
ORD-105610,2024-09-29,South,Kochi,R211,P1047,Online,Corporate,2,19230.37,0.0,6.0,No
ORD-102020,2024-04-13,North,Delhi,R214,P1030,Retail,Consumer,3,8335.56,0.15,7.0,No
ORD-105232,2025-05-22,North,Chandigarh,R210,P1017,Online,Consumer,3,12287.7,0.05,7.0,No
ORD-102974,2024-02-09,West,Ahmedabad,R205,P1019,Retail,Consumer,2,9253.85,0.0,5.0,No
ORD-101275,2024-09-23,South,Kochi,R211,P1016,Online,Corporate,3,24658.06,0.0,3.0,No
ORD-102413,2025-10-12,East,Kolkata,R204,P1005,Partner,Corporate,3,29255.27,0.15,9.0,No
ORD-100528,2025-05-12,West,Surat,R209,P1007,Retail,SMB,4,65436.42,0.0,2.0,No
ORD-104404,2025-05-01,South,Chennai,R203,P1022,Retail,SMB,4,18500.44,0.0,4.0,No
ORD-101505,2025-11-01,East,Kolkata,R200,P1039,Online,Corporate,7,596.31,0.0,9.0,No
ORD-103598,2025-04-30,North,Lucknow,R214,P1037,Online,Consumer,3,922.8,0.0,9.0,No
ORD-103681,2025-05-16,West,Pune,R205,P1018,Retail,SMB,4,13473.39,0.1,3.0,No
ORD-101318,2024-02-10,South,Kochi,R203,P1005,Online,SMB,6,29175.95,0.15,10.0,No
ORD-103380,2025-10-05,West,Mumbai,R213,P1034,Online,Consumer,7,690.12,0.0,5.0,No
ORD-103034,2024-01-05,East,Guwahati,R212,P1016,Retail,SMB,2,25045.89,0.0,4.0,No
ORD-102380,2024-01-15,North,Jaipur,R218,P1053,Partner,SMB,4,30914.51,0.0,8.0,No
ORD-104311,2024-12-12,East,Patna,R200,P1047,Retail,Corporate,6,19860.58,0.15,5.0,No
ORD-102616,2024-12-01,South,Bengaluru,R203,P1044,Online,SMB,4,912.37,0.0,7.0,No
ORD-101166,2024-11-19,West,Surat,R205,P1025,Online,Corporate,2,16365.68,0.0,4.0,No
ORD-104725,2025-09-21,North,Jaipur,R206,P1019,Online,Corporate,4,9166.33,0.0,10.0,No
ORD-103471,2024-07-28,West,Pune,R209,P1035,Partner,Corporate,5,325.97,0.15,1.0,No
ORD-105089,2024-11-23,North,Lucknow,R206,P1049,Online,SMB,7,15665.78,0.05,10.0,Yes
ORD-105398,2025-11-07,North,Jaipur,R206,P1003,Retail,SMB,7,33080.09,0.1,10.0,No
ORD-105248,2025-09-11,SOUTH,Chennai,R219,P1027,Partner,Consumer,1,22868.29,0.05,6.0,No
ORD-102871,2024-03-05,South,Kochi,R219,P1014,Partner,Corporate,2,39496.17,0.0,10.0,No
ORD-101222,2024-07-04,South,Kochi,R203,P1024,Retail,SMB,3,12644.59,0.0,8.0,No
ORD-105888,2024-07-04,West,Ahmedabad,R209,P1036,Online,SMB,2,484.86,0.0,2.0,No
ORD-104255,2024-02-22,South,Chennai,R219,P1012,Partner,SMB,3,90503.05,0.0,7.0,No
ORD-101982,2024-03-20,North,Chandigarh,R202,P1048,Online,Consumer,5,18148.55,0.05,9.0,No
ORD-105149,2024-09-05, West,Surat,R209,P1004,Online,Consumer,3,75118.58,0.0,9.0,No
ORD-104020,2025-07-26,East,Patna,R216,P1004,Partner,SMB,3,73686.24,0.0,6.0,No
ORD-100371,2025-09-21,South,Chennai,R219,P1028,Online,Consumer,1,22165.43,0.15,6.0,No
ORD-103482,2025-06-07,East,Bhubaneswar,R208,P1012,Online,Consumer,2,90589.95,0.05,7.0,No
ORD-102131,2025-04-09,South,Kochi,R207,P1054,Partner,Consumer,1,18761.03,0.0,5.0,No
ORD-103418,2025-01-01,North,Delhi,R206,P1014,Partner,SMB,6,40102.81,0.15,10.0,No
ORD-103424,2025-06-22,West,Surat,R201,P1010,Retail,SMB,4,71876.79,0.1,7.0,No
ORD-101538,2024-07-12,West,Ahmedabad,R205,P1014,Partner,Corporate,7,38891.38,0.05,11.0,Yes
ORD-105852,2024-07-24,East,Guwahati,R204,P1006,Partner,Corporate,1,50000.04,0.15,11.0,Yes
ORD-102744,2024-10-05,West,Pune,R209,P1016,Partner,Consumer,3,24566.94,0.0,6.0,No
ORD-101553,2024-02-01,West,Surat,R209,P1005,Partner,Corporate,2,28270.52,0.0,6.0,No
ORD-104335,2024-03-16,West,Ahmedabad,R209,P1040,Retail,SMB,3,869.85,0.0,3.0,No
ORD-102817,2024-01-13,East,Kolkata,R204,P1037,Partner,Consumer,2,881.38,0.0,3.0,No
ORD-105096,2024-02-27,West,Mumbai,R205,P1029,Online,Consumer,1,15844.09,0.0,9.0,No
ORD-100618,2024-04-02,North,Jaipur,R206,P1002,Online,Consumer,2,77030.0,0.0,11.0,No
ORD-102381,2025-03-24,East,Bhubaneswar,R200,P1052,Online,Consumer,2,18706.27,0.0,11.0,No
ORD-104391,2025-11-09,North,Delhi,R218,P1050,Partner,Consumer,7,14317.74,0.0,1.0,No
ORD-104526,2024-07-18,West,Ahmedabad,R201,P1053,Retail,SMB,4,31899.0,0.1,2.0,No
ORD-104375,2024-12-16,North,Chandigarh,R218,P1049,Online,Corporate,1,15161.72,0.0,3.0,Yes
ORD-103524,2025-06-27,North,Chandigarh,R202,P1040,Online,SMB,1,851.13,0.1,7.0,No
ORD-102629,2024-04-14,South,Hyderabad,R207,P1025,Partner,SMB,4,16743.74,0.2,5.0,No
ORD-104123,2024-12-05,South,Hyderabad,R207,P1048,Online,Consumer,4,17355.15,0.05,9.0,No
ORD-105400,2025-10-21,West,Surat,R201,P1046,Online,Corporate,4,14051.17,0.0,1.0,No
ORD-102766,2024-06-25,South,Hyderabad,R207,P1029,Online,Consumer,3,16072.53,0.1,1.0,No
ORD-103895,2024-04-07,South,Chennai,R207,P1024,Retail,Corporate,4,12631.49,0.0,4.0,No
ORD-101656,2024-09-02,East,Bhubaneswar,R204,P1047,Partner,SMB,7,19030.29,0.05,7.0,No
ORD-104818,2025-05-16,West,Pune,R209,P1026,Partner,SMB,1,8660.19,0.1,10.0,No
ORD-100969,2024-02-11,South,Hyderabad,R203,P1019,Retail,SMB,5,9549.91,0.0,2.0,No
ORD-101843,2025-07-07,East,Guwahati,R212,P1018,Partner,Consumer,3,13448.58,0.0,10.0,No
ORD-103024,2024-05-08,North,Lucknow,R202,P1039,Retail,Consumer,2,609.63,0.0,1.0,No
ORD-103151,2024-09-07,West,Ahmedabad,R213,P1032,Retail,Corporate,2,879.67,0.0,11.0,No
ORD-103386,2024-05-16,North,Jaipur,R218,P1009,Online,Corporate,3,43208.55,0.05,1.0,No
ORD-105379,2024-10-12,East,Bhubaneswar,R212,P1016,Retail,SMB,7,24453.44,0.0,2.0,No
ORD-101211,2024-07-27,West,Mumbai,R213,P1025,Online,SMB,4,16901.85,0.05,11.0,No
ORD-105193,2025-09-10,East,Guwahati,R216,P1022,Partner,Consumer,3,18095.13,0.0,2.0,No
ORD-101428,2024-08-08,North,Jaipur,R218,P1051,Retail,Corporate,1,33715.37,0.0,11.0,No
ORD-105577,2024-05-16,North,Delhi,R206,P1024,Partner,Consumer,2,13119.81,0.0,1.0,No
ORD-100426,2024-08-01,East,Bhubaneswar,R204,P1037,Partner,SMB,8,927.61,0.1,7.0,No
ORD-104094,2024-07-09,West,Pune,R209,P1027,Retail,Consumer,3,23430.32,0.2,2.0,No
ORD-104271,2024-10-02,North,Chandigarh,R214,P1013,Online,SMB,7,56743.24,0.1,1.0,No
ORD-101923,2025-12-22,South,Chennai,R211,P1019,Retail,Corporate,5,9457.23,0.0,2.0,No
ORD-104689,2024-12-08,East,Guwahati,R212,P1018,Online,SMB,6,13964.54,0.1,1.0,No
ORD-103395,2024-03-25,East,Kolkata,R216,P1037,Retail,Corporate,2,881.58,0.0,11.0,No
ORD-105704,2024-09-17,East,Patna,R212,P1046,Online,Corporate,2,14125.4,0.0,11.0,No
ORD-100404,2024-10-18,South,Kochi,R211,P1040,Retail,SMB,7,840.21,0.1,11.0,Yes
ORD-100491,2024-01-14,West,Surat,R217,P1008,Retail,Corporate,2,43263.74,0.05,2.0,No
ORD-105526,2024-07-06,West,Surat,R205,P1034,Online,Corporate,2,698.7,0.0,9.0,No
ORD-103494,2025-05-24,West,Surat,R205,P1038,Online,Consumer,5,332.11,0.0,4.0,No
ORD-100824,2024-10-21,East,Kolkata,R212,P1008,Retail,Corporate,5,42396.44,0.2,10.0,No
ORD-102542,2025-10-08,South,Kochi,R211,P1051,Retail,Corporate,4,33804.51,0.15,11.0,No
ORD-103673,2024-01-12,North,Chandigarh,R214,P1033,Partner,SMB,5,865.51,0.0,7.0,No
ORD-102790,2025-10-05,South,Chennai,R219,P1013,Retail,SMB,5,57951.34,0.0,3.0,No
ORD-105007,2025-04-21,East,Guwahati,R200,P1051,Retail,SMB,3,33994.58,0.0,9.0,No
ORD-103515,2024-04-01,South,Kochi,R215,P1052,Retail,SMB,3,19051.25,0.1,8.0,No
ORD-105692,2025-01-30,South,Bengaluru,R215,P1053,Online,Corporate,5,31820.41,0.05,9.0,No
ORD-105865,2025-07-30,East,Kolkata,R212,P1010,Retail,SMB,4,71975.79,0.15,3.0,No
ORD-101788,2025-12-21,North,Chandigarh,R202,P1001,Partner,Consumer,3,64332.15,0.0,8.0,No
ORD-102187,2024-09-01,East,Patna,R200,P1029,Online,Consumer,4,15795.09,0.0,1.0,No
ORD-102145,2024-02-27,South,Hyderabad,R211,P1019,Retail,SMB,1,9617.17,0.05,8.0,No
ORD-104505,2025-03-31,South,Kochi,R203,P1033,Retail,Consumer,2,847.58,0.0,4.0,No
ORD-103246,2024-02-18,North,Jaipur,R214,P1017,Partner,SMB,5,12063.24,0.1,5.0,No
ORD-101841,2024-08-21,North,Chandigarh,R210,P1038,Retail,Consumer,2,322.12,0.2,7.0,No
ORD-101209,2024-12-24,West,Mumbai,R217,P1004,Partner,SMB,5,74083.03,0.1,6.0,No
ORD-100974,2025-05-28,North,Chandigarh,R210,P1037,Partner,Consumer,6,902.77,0.0,7.0,No
ORD-100474,2024-10-27,East,Kolkata,R204,P1005,Retail,SMB,5,28231.43,0.15,8.0,No
ORD-103311,2024-11-09,West,Mumbai,R209,P1032,Retail,Consumer,5,874.54,0.1,11.0,No
ORD-100215,2025-04-10,West,Surat,R209,P1023,Online,Corporate,2,25592.4,0.0,7.0,No
ORD-100656,2024-06-17,East,Bhubaneswar,R200,P1054,Online,Consumer,4,18166.97,0.05,1.0,No
ORD-104596,2024-05-26,East,Patna,R200,P1043,Partner,Consumer,4,283.12,0.0,5.0,No
ORD-103235,2025-09-19,East,Patna,R200,P1029,Retail,Corporate,3,16328.5,0.2,1.0,No
ORD-102519,2025-02-08,South,Kochi,R215,P1006,Partner,Consumer,3,52013.38,0.0,1.0,No
ORD-101583,2025-11-15,South,Hyderabad,R207,P1007,Online,SMB,8,68324.15,0.05,7.0,No
ORD-104634,2024-05-15,South,Chennai,R207,P1021,Retail,Corporate,3,17351.27,0.1,11.0,No
ORD-105309,2025-04-06,South,Kochi,R215,P1001,Online,Consumer,4,65843.92,0.0,9.0,No
ORD-101130,2024-11-12,South,Kochi,R215,P1018,Retail,SMB,4,13315.74,0.0,5.0,No
ORD-103038,2024-10-16,West,Surat,R205,P1010,Retail,SMB,6,74577.41,0.0,7.0,No
ORD-102063,2024-05-18,East,Guwahati,R204,P1017,Partner,SMB,2,12217.9,0.15,1.0,No
ORD-104592,2025-01-30,West,Pune,R217,P1018,Online,SMB,2,13404.76,0.0,8.0,No
ORD-104407,2025-12-13,WEST,Pune,R201,P1049,Retail,SMB,10,15269.88,0.0,8.0,No
ORD-100131,2024-11-01,North,Chandigarh,R218,P1034,Partner,Consumer,4,715.55,0.0,3.0,No
ORD-104347,2024-01-01,West,Mumbai,R213,P1048,Retail,Corporate,4,17255.59,0.0,6.0,No
ORD-103566,2025-05-26,North,Delhi,R214,P1011,Online,SMB,2,63084.48,0.0,1.0,No
ORD-101341,2024-04-27,South,Hyderabad,R215,P1005,Partner,Corporate,1,29645.59,0.0,10.0,No
ORD-102184,2024-07-26,West,Mumbai,R213,P1042,Online,SMB,1,867.54,0.0,10.0,No
ORD-105182,2025-09-20,North,Lucknow,R210,P1053,Retail,SMB,4,31142.2,0.0,6.0,No
ORD-104743,2024-03-25,West,Surat,R209,P1023,Online,SMB,6,24897.34,0.0,7.0,No
ORD-100594,2025-09-26,West,Surat,R217,P1025,Online,Corporate,5,16532.57,0.0,3.0,No
ORD-105482,2025-05-04,East,Kolkata,R204,P1050,Online,Consumer,2,14863.61,0.05,5.0,No
ORD-100810,2025-08-17,South,Kochi,R207,P1026,Partner,SMB,2,8740.51,0.2,3.0,No
ORD-100247,2025-03-07,East,Kolkata,R212,P1004,Retail,Corporate,4,74536.01,0.15,1.0,No
ORD-104374,2024-02-27,West,Surat,R201,P1049,Retail,Consumer,2,15009.0,0.05,2.0,No
ORD-100029,2024-08-18,South,Chennai,R219,P1026,Partner,Corporate,4,8776.63,0.2,5.0,No
ORD-101119,2024-03-04,East,Bhubaneswar,R212,P1047,Retail,Corporate,4,19764.63,0.05,1.0,No
ORD-103363,2025-08-08,East,Kolkata,R200,P1032,Retail,Consumer,4,849.74,0.05,6.0,Yes
ORD-104842,2024-11-28,West,Surat,R201,P1034,Retail,Consumer,6,727.38,0.05,4.0,No
ORD-102792,2024-05-05,East,Guwahati,R208,P1012,Partner,Corporate,4,91304.35,0.0,1.0,No
ORD-104243,2024-05-23,East,Guwahati,R200,P1009,Online,Corporate,3,44545.78,0.05,10.0,No
ORD-104755,2025-10-28,West,Mumbai,R217,P1007,Partner,Corporate,7,67208.55,0.05,10.0,No
ORD-105179,2024-07-30,East,Kolkata,R200,P1019,Partner,Corporate,2,9336.31,0.05,7.0,No
ORD-101974,2025-12-21,North,Lucknow,R210,P1047,Online,SMB,3,19705.08,0.0,9.0,No
ORD-104666,2024-03-25,East,Kolkata,R204,P1014,Retail,Corporate,2,39206.38,0.15,3.0,No
ORD-100633,2024-01-30,East,Patna,R208,P1033,Partner,Corporate,4,842.43,0.0,7.0,No
ORD-100046,2024-11-05,East,Kolkata,R208,P1043,Partner,SMB,5,277.58,0.0,4.0,No
ORD-105406,2024-01-28,West,Ahmedabad,R213,P1039,Retail,Consumer,3,600.84,0.0,8.0,No
ORD-104745,2025-04-13,South,Chennai,R203,P1006,Online,Consumer,3,51044.85,0.0,8.0,No
ORD-105937,2025-04-23,West,Pune,R205,P1050,Partner,SMB,3,14696.59,0.0,11.0,No
ORD-100868,2025-03-27,North,Lucknow,R210,P1018,Online,Corporate,4,13554.89,0.0,10.0,No
ORD-101320,2024-12-23,South,Chennai,R203,P1002,Partner,Corporate,6,76252.18,0.1,8.0,No
ORD-105323,2024-05-30,South,Kochi,R219,P1020,Retail,Consumer,1,12405.15,0.1,11.0,No
ORD-104923,2025-09-25,North,Chandigarh,R210,P1051,Online,Consumer,3,33453.72,0.0,10.0,No
ORD-101543,2024-04-08,East,Kolkata,R204,P1037,Online,Corporate,3,889.62,0.0,7.0,No
ORD-104129,2025-04-18,North,Lucknow,R210,P1053,Partner,SMB,2,30637.57,0.15,5.0,No
ORD-103559,2024-09-11,East,Bhubaneswar,R216,P1028,Retail,SMB,7,22176.76,0.0,5.0,No
ORD-104217,2025-12-30,West,Pune,R201,P1046,Retail,SMB,4,14535.23,0.05,10.0,No
ORD-102503,2025-03-21,West,Ahmedabad,R201,P1053,Partner,SMB,3,32019.91,0.05,7.0,No
ORD-103567,2025-05-26,North,Jaipur,R218,P1007,Partner,Consumer,5,66550.62,0.0,7.0,No
ORD-104693,2024-02-04,West,Ahmedabad,R213,P1018,Online,SMB,2,13560.5,0.0,8.0,No
ORD-103058,2024-05-04,West,Pune,R209,P1051,Retail,Consumer,5,33420.2,0.1,10.0,No
ORD-100860,2024-04-02,West,Surat,R209,P1009,Partner,Corporate,4,44797.52,0.15,1.0,No
ORD-104105,2025-02-11,East,Bhubaneswar,R200,P1031,Online,Corporate,3,876.15,0.05,4.0,No
ORD-102138,2025-10-13,South,Kochi,R207,P1029,Partner,SMB,7,15663.99,0.0,7.0,No
ORD-101984,2025-04-07,East,Guwahati,R204,P1041,Online,Corporate,4,848.87,0.0,1.0,No
ORD-104885,2024-06-11,South,Kochi,R207,P1009,Retail,Corporate,2,45278.43,0.0,10.0,No
ORD-102310,2024-01-11,South,Kochi,R207,P1014,Retail,Corporate,4,38706.82,0.05,2.0,No
ORD-102759,2025-06-16,South,Bengaluru,R207,P1004,Partner,SMB,4,72299.71,0.0,3.0,No
ORD-102531,2024-12-30,South,Kochi,R211,P1010,Partner,Consumer,5,71760.88,0.1,10.0,No
ORD-100848,2024-12-15,South,Bengaluru,R215,P1008,Retail,Corporate,3,42729.61,0.0,,No
ORD-101243,2024-05-30,South,Chennai,R207,P1041,Partner,Consumer,3,850.13,0.0,6.0,No
ORD-104713,2025-10-17,North,Delhi,R214,P1020,Retail,Corporate,3,12113.96,0.0,9.0,No
ORD-104174,2024-11-18,South,Chennai,R203,P1030,Retail,SMB,4,8238.6,0.0,6.0,No
ORD-104270,2024-07-20,North,Delhi,R206,P1006,Partner,Corporate,2,50458.22,0.0,8.0,No
ORD-103045,2025-04-27,North,Delhi,R214,P1007,Partner,SMB,7,68631.89,0.05,10.0,No
ORD-101180,2024-11-04,North,Jaipur,R218,P1042,Partner,Corporate,5,841.73,0.0,4.0,No
ORD-103460,2024-12-06,East,Patna,R200,P1052,Retail,Consumer,7,19608.15,0.0,2.0,No
ORD-104330,2025-11-10,North,Chandigarh,R206,P1037,Retail,SMB,2,887.13,0.0,5.0,No
ORD-102371,2024-05-22,SOUTH,Bengaluru,R211,P1014,Partner,SMB,1,39144.07,0.0,7.0,No
ORD-100002,2025-12-12,East,Bhubaneswar,R212,P1051,Partner,Consumer,3,35028.68,0.1,3.0,No
ORD-105885,2025-07-15,East,Guwahati,R212,P1048,Retail,Consumer,4,17917.49,0.0,5.0,No
ORD-103279,2025-01-15,West,Mumbai,R205,P1044,Retail,Consumer,4,873.3,0.15,9.0,No
ORD-101755,2025-03-29, East,Kolkata,R212,P1031,Partner,Corporate,1,845.05,0.0,11.0,No
ORD-104011,2024-03-13,South,Bengaluru,R219,P1031,Online,SMB,2,863.18,0.0,2.0,No
ORD-101048,2024-03-26,East,Patna,R216,P1026,Partner,Corporate,4,8692.94,0.0,5.0,No
ORD-101418,2025-06-16,West,Ahmedabad,R201,P1008,Online,Corporate,2,42722.6,0.0,10.0,No
ORD-104491,2025-08-14,East,Bhubaneswar,R204,P1030,Partner,Consumer,3,8050.48,0.15,5.0,No
ORD-105709,2024-05-10,North,Chandigarh,R202,P1043,Online,Corporate,3,284.39,0.0,1.0,No
ORD-100862,2025-12-19,South,Hyderabad,R207,P1025,Retail,Consumer,8,16957.94,0.05,6.0,No
ORD-103863,2024-04-30,South,Bengaluru,R203,P1053,Online,Corporate,3,30655.16,0.0,10.0,No
ORD-105269,2024-02-06,West,Ahmedabad,R201,P1011,Online,Consumer,4,62336.85,0.15,9.0,No
ORD-105798,2025-01-08,North,Lucknow,R206,P1045,Retail,Consumer,3,449.95,0.0,5.0,Yes
ORD-102551,2024-09-29,West,Ahmedabad,R217,P1019,Retail,SMB,3,9119.46,0.0,3.0,No
ORD-105975,2024-12-17,East,Patna,R204,P1054,Retail,SMB,3,18431.1,0.0,1.0,No
ORD-102431,2025-04-25,South,Chennai,R207,P1050,Retail,Consumer,3,15043.32,0.1,5.0,No
ORD-103797,2024-01-30,North,Chandigarh,R214,P1049,Partner,Corporate,2,14945.62,0.05,5.0,Yes
ORD-100310,2024-06-09,West,Mumbai,R201,P1036,Partner,Corporate,3,484.53,0.0,4.0,No
ORD-101618,2025-09-12,West,Ahmedabad,R217,P1053,Online,Corporate,7,31613.11,0.0,5.0,No
ORD-101092,2025-12-13,South,Chennai,R219,P1014,Retail,SMB,8,38612.31,0.0,8.0,No
ORD-101940,2025-12-29,North,Jaipur,R206,P1054,Partner,SMB,6,18122.37,0.0,10.0,No
ORD-103825,2024-09-03,South,Chennai,R215,P1001,Retail,SMB,5,65275.79,0.0,9.0,No
ORD-101229,2024-08-28,North,Chandigarh,R210,P1040,Retail,SMB,2,849.58,0.0,5.0,No
ORD-104855,2024-09-14,South,Chennai,R203,P1042,Online,Corporate,4,862.0,0.0,11.0,No
ORD-105707,2025-03-28,South,Hyderabad,R211,P1051,Partner,Corporate,2,34506.35,0.05,8.0,No
ORD-101733,2024-05-11,West,Mumbai,R201,P1024,Online,Corporate,3,12882.75,0.05,9.0,No
ORD-103236,2024-02-19,South,Hyderabad,R215,P1053,Retail,Consumer,2,31790.19,0.0,1.0,No
ORD-104759,2024-01-02,North,Delhi,R206,P1018,Retail,SMB,2,13567.65,0.0,11.0,No
ORD-103750,2025-10-29,North,Delhi,R218,P1032,Partner,SMB,4,887.39,0.0,7.0,No
ORD-103063,2025-01-28,West,Mumbai,R205,P1013,Retail,Consumer,3,56788.49,0.0,2.0,No
ORD-102622,2024-05-24,West,Pune,R201,P1020,Retail,SMB,1,11717.01,0.0,6.0,No
ORD-101393,2024-05-27,South,Kochi,R215,P1031,Online,SMB,4,862.38,0.05,4.0,No
ORD-104838,2025-10-16,East,Patna,R208,P1044,Partner,SMB,3,888.04,0.0,7.0,No
ORD-104562,2024-09-17,South,Bengaluru,R219,P1039,Online,SMB,1,575.92,0.0,1.0,No
ORD-104349,2024-04-16,West,Mumbai,R201,P1003,Retail,SMB,2,32078.36,0.0,1.0,No
ORD-102834,2024-06-09,North,Chandigarh,R206,P1007,Online,Corporate,1,68770.74,0.0,4.0,No
ORD-102405,2024-04-29,South,Chennai,R215,P1022,Online,SMB,7,18619.59,0.1,5.0,No
ORD-103009,2024-09-20,South,Kochi,R219,P1040,Partner,SMB,4,857.04,0.15,7.0,No
ORD-104122,2024-03-10,East,Kolkata,R212,P1022,Online,Consumer,1,18191.37,0.1,11.0,No
ORD-100762,2025-02-28,North,Lucknow,R214,P1037,Partner,Consumer,4,927.45,0.0,11.0,No
ORD-103890,2024-12-11,South,Hyderabad,R215,P1055,Retail,Corporate,9,14176.27,0.0,9.0,No
ORD-105303,2024-12-04,East,Kolkata,R204,P1029,Partner,Consumer,4,15874.98,0.0,11.0,No
ORD-100966,2024-02-22,South,Chennai,R207,P1025,Retail,Consumer,1,16788.18,0.0,8.0,No
ORD-103314,2024-05-05,East,Guwahati,R204,P1037,Online,Corporate,1,882.95,0.05,9.0,No
ORD-103441,2024-04-05,South,Kochi,R219,P1006,Partner,Consumer,5,49914.76,0.0,11.0,No
ORD-100682,2024-05-10,West,Ahmedabad,R209,P1055,Partner,SMB,3,13919.18,0.0,11.0,No
ORD-104959,2024-01-02,North,Jaipur,R210,P1008,Partner,SMB,3,43126.62,0.0,1.0,No
ORD-102546,2024-02-29,South,Chennai,R219,P1029,Partner,Corporate,4,16278.28,0.0,8.0,Yes
ORD-100991,2025-11-28, East,Kolkata,R212,P1007,Partner,SMB,7,66187.73,0.05,7.0,Yes
ORD-100914,2025-01-05,East,Bhubaneswar,R204,P1029,Partner,Consumer,3,16372.93,0.0,7.0,No
ORD-105018,2024-08-07,East,Patna,R208,P1030,Online,SMB,3,8179.58,0.0,,No
ORD-105057,2025-12-10,South,Chennai,R211,P1052,Online,SMB,2,19590.45,0.05,,No
ORD-100185,2024-03-12,East,Kolkata,R212,P1049,Online,Corporate,5,15069.78,0.1,4.0,No
ORD-100922,2025-02-25,West,Mumbai,R205,P1019,Online,Consumer,2,9337.66,0.15,7.0,No
ORD-105276,2024-09-01,North,Chandigarh,R214,P1033,Online,SMB,3,834.77,0.0,3.0,No
ORD-104170,2025-10-16,West,Pune,R217,P1008,Partner,Corporate,3,41568.75,0.0,1.0,No
ORD-103556,2025-07-13,South,Kochi,R211,P1054,Retail,SMB,4,18577.91,0.05,8.0,No
ORD-105771,2024-03-27,East,Kolkata,R216,P1050,Partner,Consumer,1,15040.04,0.0,6.0,No
ORD-101619,2025-03-10,North,Jaipur,R206,P1052,Online,Consumer,6,19421.36,0.0,3.0,No
ORD-101830,2025-06-08,South,Kochi,R203,P1027,Retail,Corporate,4,23594.86,0.05,1.0,No
ORD-102484,2025-04-09,South,Hyderabad,R203,P1031,Retail,Corporate,2,877.09,0.05,9.0,No
ORD-103148,2025-01-19,South,Kochi,R219,P1043,Online,Corporate,3,274.14,0.05,11.0,No
ORD-100740,2025-08-13,West,Surat,R201,P1040,Online,SMB,3,849.5,0.05,6.0,No
ORD-105319,2025-10-25,East,Patna,R200,P1001,Retail,SMB,6,62889.72,0.05,6.0,No
ORD-100971,2025-04-19,West,Pune,R217,P1042,Retail,Corporate,4,836.99,0.1,9.0,No
ORD-102564,2025-05-15,South,Kochi,R203,P1006,Online,SMB,6,50282.37,0.0,3.0,No
ORD-104915,2025-09-23,West,Ahmedabad,R213,P1043,Partner,Consumer,4,278.83,0.0,7.0,No
ORD-103962,2025-08-26,West,Surat,R205,P1007,Online,Consumer,4,65813.19,0.0,9.0,No
ORD-101116,2025-10-21,West,Ahmedabad,R213,P1004,Online,SMB,4,71523.28,0.0,7.0,No
ORD-100156,2024-08-25,East,Guwahati,R216,P1021,Retail,SMB,2,17380.51,0.0,9.0,No
ORD-102467,2024-01-24,East,Bhubaneswar,R216,P1018,Retail,SMB,3,13655.42,0.0,5.0,No
ORD-103860,2025-12-01,South,Chennai,R207,P1023,Partner,Consumer,7,25826.92,0.0,3.0,Yes
ORD-100831,2024-08-01,North,Chandigarh,R210,P1029,Retail,Corporate,3,16376.5,0.0,10.0,No
ORD-100835,2024-09-11,South,Bengaluru,R203,P1051,Online,SMB,1,33747.17,0.0,9.0,No
ORD-102825,2025-12-09,East,Patna,R212,P1004,Partner,Corporate,5,74393.27,0.0,8.0,No
ORD-100502,2024-07-28,North,Chandigarh,R202,P1014,Online,Consumer,4,39778.24,0.0,1.0,No
ORD-100989,2025-12-18,North,Delhi,R206,P1043,Online,Consumer,5,285.27,0.0,8.0,No
ORD-103937,2024-12-21,North,Lucknow,R210,P1053,Online,SMB,7,31897.53,0.1,5.0,No
ORD-100923,2025-06-09,South,Kochi,R215,P1027,Retail,Consumer,5,22807.36,0.0,5.0,Yes
ORD-102044,2024-08-02,South,Chennai,R207,P1034,Retail,Corporate,5,697.35,0.0,4.0,No
ORD-101980,2025-11-20,North,Chandigarh,R218,P1004,Online,Consumer,7,73388.55,0.0,9.0,No
ORD-100249,2024-05-17,West,Surat,R213,P1022,Retail,Consumer,3,18481.08,0.0,3.0,No
ORD-103911,2025-04-11,West,Surat,R201,P1042,Online,SMB,2,844.98,0.0,2.0,No
ORD-102683,2024-12-29,NORTH,Lucknow,R210,P1022,Retail,Corporate,6,18731.4,0.05,2.0,No
ORD-101346,2024-05-27,South,Kochi,R207,P1040,Partner,Corporate,3,867.19,0.0,11.0,No
ORD-105515,2025-04-12,West,Pune,R213,P1022,Online,Corporate,3,18220.13,0.0,3.0,No
ORD-105163,2025-03-18,East,Kolkata,R208,P1030,Online,SMB,2,7959.45,0.0,7.0,No
ORD-103653,2024-05-08,South,Hyderabad,R211,P1041,Online,Corporate,5,811.92,0.0,6.0,Yes
ORD-100355,2025-11-19,North,Chandigarh,R202,P1054,Partner,Consumer,5,18680.76,0.0,2.0,No
ORD-100744,2024-06-19,South,Kochi,R203,P1021,Retail,Corporate,5,17679.76,0.0,7.0,Yes
ORD-100844,2024-03-26,West,Mumbai,R213,P1032,Online,Consumer,3,871.07,0.0,6.0,No
ORD-100723,2024-01-08,North,Chandigarh,R202,P1039,Retail,Corporate,4,588.25,0.0,6.0,No
ORD-101976,2025-10-06,North,Delhi,R218,P1006,Partner,Corporate,2,50259.61,0.0,10.0,No
ORD-102955,2024-06-15,West,Mumbai,R205,P1049,Online,SMB,5,15058.76,0.05,9.0,No
ORD-104340,2025-10-24,South,Kochi,R211,P1044,Retail,Consumer,4,887.03,0.0,10.0,No
ORD-102214,2025-10-24,North,Lucknow,R202,P1026,Retail,Corporate,11,8549.11,0.0,11.0,No
ORD-105759,2025-03-13,South,Bengaluru,R203,P1001,Partner,Consumer,7,66554.11,0.2,9.0,No
ORD-103648,2024-03-29,South,Chennai,R203,P1043,Retail,Corporate,4,273.92,0.0,8.0,No
ORD-103870,2025-09-25,East,Kolkata,R200,P1015,Partner,Corporate,4,34002.35,0.0,6.0,No
ORD-104488,2025-12-19,North,Jaipur,R214,P1024,Retail,Corporate,4,13253.28,0.15,3.0,No
ORD-103292,2025-08-21,North,Jaipur,R202,P1004,Partner,Corporate,1,73839.61,0.0,4.0,No
ORD-105082,2025-10-28,South,Hyderabad,R203,P1002,Partner,SMB,8,77283.91,0.0,9.0,No
ORD-101258,2024-09-25,West,Ahmedabad,R213,P1023,Online,SMB,2,24522.87,0.05,6.0,No
ORD-102988,2024-08-11,North,Jaipur,R218,P1022,Partner,SMB,5,18858.12,0.0,11.0,No
ORD-100085,2024-11-20,North,Chandigarh,R218,P1032,Online,Corporate,5,838.31,0.05,2.0,No
ORD-100746,2025-07-06,North,Jaipur,R218,P1036,Retail,SMB,3,464.27,0.0,3.0,No
ORD-101867,2024-04-01,North,Jaipur,R214,P1009,Partner,SMB,7,43367.93,0.0,8.0,No
ORD-101315,2025-07-25,North,Jaipur,R206,P1019,Online,Corporate,2,9269.49,0.0,3.0,No
ORD-103898,2024-08-27,North,Lucknow,R206,P1006,Partner,Consumer,1,50140.33,0.05,1.0,No
ORD-105008,2025-01-08,South,Hyderabad,R207,P1053,Partner,Consumer,5,31587.24,0.05,9.0,Yes
ORD-100962,2024-01-18,East,Patna,R208,P1050,Retail,Consumer,3,14750.84,0.0,2.0,No
ORD-104650,2025-06-05,South,Chennai,R207,P1014,Partner,SMB,2,40333.58,0.0,4.0,No
ORD-100265,2024-09-01,West,Ahmedabad,R205,P1003,Online,Consumer,1,33341.69,0.0,9.0,No
ORD-102428,2025-04-16,West,Ahmedabad,R213,P1042,Online,Consumer,1,865.31,0.1,3.0,No
ORD-104116,2025-04-07,East,Bhubaneswar,R216,P1052,Retail,Consumer,2,19277.15,0.0,2.0,No
ORD-103086,2024-09-07,North,Delhi,R202,P1038,Retail,Consumer,3,334.87,0.0,4.0,Yes
ORD-103139,2024-09-15,WEST,Ahmedabad,R213,P1043,Retail,Consumer,3,282.67,0.05,10.0,No
ORD-102069,2024-06-06,South,Chennai,R207,P1050,Online,Consumer,3,14393.6,0.05,3.0,No
ORD-104202,2025-12-07,West,Pune,R213,P1025,Partner,Corporate,5,16328.74,0.0,2.0,No
ORD-104533,2025-05-10,West,Pune,R205,P1024,Online,Consumer,2,13167.83,0.0,10.0,No
ORD-101800,2025-06-23,North,Lucknow,R206,P1035,Retail,Consumer,4,340.19,0.2,8.0,No
ORD-102235,2024-02-09,East,Patna,R212,P1047,Retail,Consumer,3,19444.46,0.0,8.0,No
ORD-103543,2025-04-13,North,Delhi,R214,P1004,Online,Corporate,4,73858.38,0.0,3.0,No
ORD-103062,2025-11-15,North,Delhi,R202,P1039,Retail,Corporate,3,601.11,0.0,5.0,No
ORD-102212,2025-09-06,East,Patna,R204,P1019,Retail,Corporate,2,9493.07,0.05,7.0,Yes
ORD-105882,2025-05-24,North,Delhi,R206,P1013,Online,Consumer,3,58241.31,0.0,2.0,No
ORD-104266,2024-03-14,North,Delhi,R218,P1045,Partner,Corporate,4,435.07,0.0,,No
ORD-105687,2024-10-23,North,Delhi,R202,P1004,Retail,Consumer,5,73952.42,0.0,9.0,No
ORD-101985,2025-01-16,West,Mumbai,R213,P1020,Retail,SMB,5,11973.05,0.05,3.0,No
ORD-101371,2025-12-17,West,Ahmedabad,R209,P1053,Retail,Corporate,7,30280.49,0.0,11.0,No
ORD-102122,2025-04-14,North,Jaipur,R218,P1041,Online,SMB,2,837.74,0.05,2.0,No
ORD-103907,2025-09-26,South,Chennai,R203,P1014,Partner,Consumer,3,39147.67,0.2,2.0,No
ORD-105794,2025-09-17,South,Bengaluru,R207,P1048,Retail,SMB,6,17450.73,0.0,8.0,Yes
ORD-102057,2025-04-05,East,Kolkata,R204,P1053,Partner,SMB,3,30512.24,0.1,11.0,No
ORD-105792,2025-05-10,East,Kolkata,R208,P1054,Partner,Corporate,4,19090.02,0.0,7.0,No
ORD-103947,2025-07-17,South,Bengaluru,R219,P1014,Retail,Corporate,1,38528.38,0.0,3.0,No
ORD-102058,2024-04-27,West,Ahmedabad,R209,P1055,Partner,SMB,4,13506.3,0.05,2.0,No
ORD-103711,2024-08-07,West,Mumbai,R217,P1021,Online,SMB,1,17329.49,0.15,1.0,No
ORD-102904,2025-08-11,South,Chennai,R215,P1022,Online,Consumer,2,18769.4,0.05,11.0,No
ORD-104922,2024-01-17,East,Bhubaneswar,R200,P1054,Online,SMB,4,18532.4,0.0,11.0,No
ORD-103838,2024-10-05,West,Pune,R213,P1016,Online,SMB,9,24921.23,0.05,11.0,No
ORD-105410,2025-08-07,South,Bengaluru,R219,P1039,Online,Corporate,3,607.99,0.0,4.0,No
ORD-105985,2025-01-14,West,Surat,R217,P1021,Retail,SMB,3,16803.91,0.0,6.0,No
ORD-100284,2025-07-07,North,Jaipur,R202,P1036,Partner,Corporate,3,471.18,0.0,11.0,Yes
ORD-100095,2025-03-26,South,Kochi,R203,P1047,Online,Consumer,3,19818.94,0.05,2.0,No
ORD-105763,2025-07-05,East,Patna,R212,P1011,Online,Corporate,3,63327.11,0.0,10.0,No
ORD-102664,2024-12-13,South,Bengaluru,R215,P1019,Retail,Corporate,3,9219.54,0.0,1.0,No
ORD-103955,2025-03-05,East,Guwahati,R208,P1008,Retail,SMB,2,42551.44,0.0,1.0,No
ORD-103442,2025-09-11,East,Bhubaneswar,R204,P1046,Online,Consumer,3,14004.58,0.0,11.0,No
ORD-105131,2025-10-12,East,Bhubaneswar,R204,P1028,Partner,Corporate,4,22077.4,0.0,11.0,No
ORD-105936,2025-03-27,West,Ahmedabad,R217,P1024,Online,Consumer,2,12931.73,0.0,7.0,No
ORD-102649,2024-07-15,West,Ahmedabad,R209,P1052,Retail,SMB,3,19234.2,0.05,10.0,No
ORD-102280,2025-05-06,North,Lucknow,R210,P1019,Partner,Consumer,3,9505.06,0.0,4.0,No
ORD-102521,2024-11-26,South,Kochi,R203,P1013,Retail,Consumer,5,57367.18,0.0,7.0,No
ORD-103613,2025-04-28,West,Ahmedabad,R213,P1042,Partner,Consumer,2,829.04,0.0,5.0,No
ORD-101284,2025-05-21,East,Patna,R204,P1052,Partner,SMB,3,18839.5,0.0,10.0,No
ORD-104022,2025-10-08,South,Kochi,R207,P1036,Retail,SMB,6,465.89,0.0,11.0,No
ORD-102003,2024-12-05,North,Lucknow,R214,P1007,Online,Corporate,4,68547.0,0.0,7.0,No
ORD-102153,2024-05-03,South,Hyderabad,R203,P1038,Retail,SMB,2,336.73,0.1,4.0,No
ORD-103764,2024-03-02,West,Mumbai,R205,P1003,Retail,Consumer,7,33562.0,0.05,1.0,No
ORD-102239,2025-01-09,South,Chennai,R215,P1013,Partner,SMB,1,57941.43,0.0,3.0,No
ORD-103932,2025-11-10,North,Chandigarh,R210,P1024,Online,SMB,9,12902.38,0.0,3.0,No
ORD-105169,2024-12-22,North,Chandigarh,R218,P1019,Online,SMB,6,9597.09,0.0,4.0,No
ORD-104151,2024-10-22,West,Ahmedabad,R205,P1036,Partner,Corporate,8,468.63,0.0,9.0,No
ORD-104578,2024-01-06,South,Bengaluru,R203,P1055,Online,Consumer,1,13671.95,0.0,5.0,No
ORD-100043,2025-09-26,West,Mumbai,R201,P1004,Retail,Corporate,1,72710.04,0.0,10.0,No
ORD-103956,2025-07-06,South,Kochi,R219,P1017,Partner,Corporate,2,12493.6,0.0,6.0,No
ORD-104416,2025-09-01,South,Hyderabad,R203,P1037,Partner,Consumer,2,903.16,0.0,11.0,No
ORD-102802,2025-08-27,South,Hyderabad,R219,P1038,Partner,SMB,3,338.59,0.0,,No
ORD-103089,2025-10-12,West,Ahmedabad,R217,P1044,Retail,Consumer,5,878.03,0.05,10.0,No
ORD-105127,2025-01-05,South,Kochi,R219,P1023,Online,Corporate,3,25848.05,0.05,3.0,No
ORD-105509,2024-12-24,East,Bhubaneswar,R216,P1038,Retail,Corporate,3,324.51,0.0,11.0,No
ORD-105412,2024-08-21,South,Chennai,R219,P1023,Partner,Consumer,8,25858.81,0.0,3.0,No
ORD-104333,2024-02-02,South,Chennai,R203,P1027,Retail,SMB,2,23502.75,0.1,7.0,No
ORD-101809,2024-10-01,South,Hyderabad,R211,P1037,Partner,SMB,3,898.49,0.0,4.0,No
ORD-101003,2024-09-26,West,Mumbai,R213,P1002,Retail,SMB,1,74949.78,0.0,3.0,No
ORD-103859,2024-09-11,South,Bengaluru,R203,P1046,Retail,Consumer,2,13954.49,0.05,10.0,No
ORD-102393,2025-06-10,North,Jaipur,R202,P1008,Retail,Consumer,2,42361.08,0.0,2.0,Yes
ORD-101076,2025-06-05,South,Hyderabad,R207,P1012,Online,SMB,4,91805.45,0.0,7.0,No
ORD-105270,2025-03-29,South,Chennai,R203,P1020,Partner,SMB,2,12382.81,0.2,10.0,No
ORD-103855,2024-02-09,North,Lucknow,R202,P1020,Partner,Corporate,2,11699.7,0.0,8.0,No
ORD-103412,2025-06-04,West,Ahmedabad,R213,P1027,Partner,Corporate,2,22694.89,0.0,2.0,No
ORD-105150,2025-07-29,South,Hyderabad,R203,P1011,Retail,Consumer,3,63197.72,0.1,10.0,No
ORD-100300,2024-01-19,West,Pune,R213,P1030,Partner,Consumer,5,8195.92,0.0,5.0,No
ORD-102898,2024-03-22,West,Mumbai,R209,P1032,Online,SMB,1,860.77,0.2,1.0,Yes
ORD-102507,2025-11-15,South,Hyderabad,R203,P1005,Online,Corporate,5,28055.95,0.0,5.0,No
ORD-100942,2025-05-02,South,Bengaluru,R219,P1021,Online,Corporate,5,17639.6,0.15,5.0,No
ORD-105241,2024-04-06,South,Kochi,R207,P1015,Retail,SMB,2,32514.83,0.0,5.0,No
ORD-102370,2024-09-06,WEST,Pune,R201,P1046,Online,Consumer,4,13937.91,0.2,2.0,No
ORD-101259,2024-07-11,North,Lucknow,R218,P1052,Online,SMB,6,19423.67,0.05,8.0,Yes
ORD-105244,2024-12-04,East,Patna,R212,P1045,Online,SMB,4,436.28,0.1,2.0,No
ORD-102522,2024-01-16,NORTH,Chandigarh,R214,P1047,Retail,Consumer,5,19386.42,0.1,2.0,No
ORD-103156,2024-01-26,North,Delhi,R210,P1054,Retail,SMB,2,18902.06,0.0,1.0,Yes
ORD-104559,2025-09-24,North,Chandigarh,R202,P1011,Retail,Corporate,3,62817.88,0.05,1.0,No
ORD-104101,2024-03-26,West,Mumbai,R217,P1044,Retail,Corporate,4,897.29,0.0,2.0,No
ORD-100841,2024-07-27, East,Patna,R208,P1020,Online,Corporate,4,12349.41,0.0,8.0,No
ORD-101868,2024-05-12,East,Patna,R216,P1052,Retail,SMB,3,19210.85,0.0,,No
ORD-100326,2024-07-21,West,Mumbai,R217,P1002,Online,Corporate,2,77884.25,0.0,8.0,Yes
ORD-102436,2025-02-25,North,Lucknow,R218,P1025,Online,Corporate,1,16656.82,0.15,4.0,No
ORD-105261,2025-02-19,South,Hyderabad,R215,P1049,Partner,SMB,3,14968.15,0.0,9.0,No
ORD-103208,2025-03-09,East,Patna,R208,P1034,Partner,Corporate,4,718.34,0.2,9.0,No
ORD-105602,2024-06-29,North,Jaipur,R214,P1054,Retail,Consumer,3,19110.43,0.05,5.0,No
ORD-101464,2025-03-06,East,Patna,R204,P1053,Retail,SMB,3,30334.93,0.0,4.0,No
ORD-104988,2025-08-21,North,Delhi,R202,P1039,Retail,SMB,4,607.83,0.2,9.0,No
ORD-103131,2025-05-27,East,Guwahati,R204,P1012,Online,Corporate,4,88220.99,0.1,,No
ORD-102061,2025-03-16, South,Hyderabad,R207,P1052,Online,SMB,2,19172.22,0.0,5.0,No
ORD-104790,2025-08-18, West,Mumbai,R205,P1015,Retail,SMB,3,33646.18,0.0,9.0,No
ORD-104483,2024-12-16,South,Bengaluru,R207,P1017,Partner,SMB,6,12239.09,0.1,9.0,No
ORD-102571,2025-07-03,South,Kochi,R219,P1013,Partner,Consumer,2,56966.25,0.0,2.0,No
ORD-103103,2024-01-14,West,Ahmedabad,R201,P1052,Retail,SMB,3,19245.06,0.0,4.0,No
ORD-103333,2025-08-03,West,Ahmedabad,R209,P1012,Retail,Consumer,2,91729.53,0.0,10.0,Yes
ORD-100603,2025-01-02,West,Surat,R217,P1017,Online,SMB,3,12586.86,0.05,7.0,No
ORD-104938,2024-09-06,South,Kochi,R219,P1034,Online,Corporate,2,715.86,0.15,,No
ORD-104418,2024-04-11,South,Kochi,R211,P1029,Retail,Consumer,1,15720.7,0.1,1.0,No
ORD-100865,2025-05-21,East,Guwahati,R204,P1022,Online,SMB,4,18186.91,0.0,1.0,No
ORD-101890,2024-12-25,East,Kolkata,R208,P1005,Online,Corporate,7,28172.97,0.05,11.0,No
ORD-104042,2025-03-02,West,Ahmedabad,R213,P1042,Partner,Consumer,3,836.38,0.0,2.0,Yes
ORD-105544,2024-02-15,West,Ahmedabad,R205,P1032,Online,SMB,2,863.63,0.0,,No
ORD-105470,2024-07-07,East,Bhubaneswar,R208,P1008,Partner,Consumer,3,41968.84,0.0,3.0,No
ORD-103367,2024-05-13,West,Pune,R205,P1037,Online,Corporate,2,884.31,0.05,11.0,No
ORD-101280,2025-10-14,West,Mumbai,R217,P1037,Retail,Corporate,6,903.68,0.0,7.0,No
ORD-100830,2025-05-03,West,Pune,R209,P1039,Online,SMB,4,596.16,0.1,10.0,No
ORD-103149,2025-04-13,North,Chandigarh,R214,P1020,Online,Consumer,1,12165.25,0.0,4.0,No
ORD-103799,2025-06-29,South,Bengaluru,R203,P1037,Online,SMB,4,883.9,0.05,,Yes
ORD-101904,2024-08-03,West,Pune,R201,P1002,Retail,Consumer,4,76895.3,0.05,9.0,No
ORD-104551,2025-06-27,East,Guwahati,R200,P1028,Online,Consumer,2,22513.27,0.0,10.0,No
ORD-104403,2024-08-09,West,Mumbai,R201,P1001,Online,SMB,2,66561.67,0.1,9.0,No
ORD-102050,2024-08-15,West,Pune,R213,P1041,Retail,Consumer,2,826.56,0.0,3.0,No
ORD-101302,2025-09-21,East,Guwahati,R204,P1023,Online,Corporate,1,25246.93,0.05,4.0,No
ORD-100328,2025-07-28,North,Chandigarh,R218,P1037,Online,Consumer,2,876.13,0.0,6.0,No
ORD-104849,2025-06-06,West,Mumbai,R217,P1037,Partner,SMB,2,904.48,0.05,2.0,No
ORD-101704,2025-08-07,East,Kolkata,R212,P1002,Partner,SMB,3,77549.0,0.0,4.0,No
ORD-102493,2025-09-04,South,Chennai,R207,P1006,Retail,Consumer,7,51900.8,0.0,,No
ORD-105982,2024-02-11,East,Guwahati,R216,P1050,Retail,Consumer,5,14292.23,0.0,8.0,No
ORD-104025,2024-08-26,West,Ahmedabad,R213,P1028,Retail,Consumer,1,22470.39,0.0,7.0,No
ORD-100479,2025-12-04,West,Ahmedabad,R217,P1010,Retail,Consumer,3,74474.67,0.05,7.0,No
ORD-103629,2024-05-11,West,Surat,R213,P1014,Partner,SMB,2,38563.03,0.0,11.0,No
ORD-101175,2024-09-08,South,Kochi,R219,P1020,Partner,SMB,3,12037.98,0.0,3.0,Yes
ORD-105904,2024-07-02, South,Kochi,R215,P1043,Partner,Corporate,1,273.94,0.0,11.0,No
ORD-102957,2025-07-04,West,Pune,R217,P1019,Partner,Corporate,2,9525.26,0.05,5.0,No
ORD-104010,2024-09-18,North,Lucknow,R210,P1042,Retail,SMB,5,867.87,0.1,9.0,No
ORD-100117,2024-05-09,West,Ahmedabad,R205,P1026,Partner,SMB,1,8505.88,0.05,5.0,No
ORD-102862,2025-02-14,North,Jaipur,R202,P1008,Online,Corporate,3,43011.62,0.05,,No
ORD-100879,2024-05-27,East,Bhubaneswar,R204,P1042,Retail,Consumer,2,842.83,0.0,9.0,No
ORD-101029,2025-09-21,North,Lucknow,R218,P1012,Partner,Consumer,3,87970.65,0.0,1.0,No
ORD-100466,2024-08-20,North,Lucknow,R206,P1043,Partner,Consumer,4,282.12,0.2,3.0,No
ORD-105222,2025-09-29,East,Patna,R212,P1055,Partner,Corporate,4,13708.52,0.0,7.0,No
ORD-103083,2024-12-16,North,Chandigarh,R202,P1047,Retail,SMB,6,19872.72,0.05,11.0,No
ORD-101901,2025-01-30,East,Kolkata,R200,P1022,Retail,Consumer,2,18624.36,0.1,9.0,No
ORD-101975,2025-05-08,West,Surat,R201,P1009,Partner,Consumer,4,44676.08,0.0,2.0,No
ORD-100776,2025-02-27,West,Ahmedabad,R201,P1022,Retail,Corporate,1,18449.06,0.05,7.0,No
ORD-104664,2025-05-03,East,Bhubaneswar,R216,P1004,Partner,SMB,5,71390.54,0.15,11.0,No
ORD-101786,2024-07-16,South,Kochi,R211,P1038,Retail,SMB,3,323.02,0.0,7.0,No
ORD-105397,2025-03-15,West,Surat,R217,P1010,Online,Consumer,4,71760.13,0.05,6.0,No
ORD-105983,2024-11-17,East,Patna,R208,P1034,Retail,Consumer,6,716.83,0.0,1.0,No
ORD-105188,2025-07-16,East,Patna,R204,P1010,Online,Corporate,2,75320.04,0.0,5.0,No
ORD-100084,2025-12-18,North,Jaipur,R218,P1048,Online,SMB,6,18010.93,0.05,11.0,No
ORD-101665,2025-03-18,West,Ahmedabad,R201,P1052,Partner,Corporate,3,18686.73,0.0,9.0,No
ORD-103487,2025-05-09,North,Lucknow,R206,P1004,Partner,Corporate,5,75198.74,0.0,1.0,No
ORD-105184,2024-01-04,West,Ahmedabad,R201,P1004,Retail,Consumer,3,71991.92,0.05,1.0,Yes
ORD-102789,2024-11-28,East,Bhubaneswar,R212,P1008,Online,Corporate,6,43368.75,0.05,10.0,No
ORD-104851,2024-11-11,West,Pune,R217,P1054,Online,SMB,2,18986.69,0.0,6.0,No
ORD-102143,2025-01-09,East,Kolkata,R204,P1007,Partner,Consumer,3,66212.92,0.1,8.0,No
ORD-102199,2025-08-03,West,Mumbai,R205,P1022,Online,Consumer,3,18645.19,0.1,2.0,No
ORD-100511,2024-11-30,East,Bhubaneswar,R200,P1008,Partner,Corporate,5,43081.23,0.0,5.0,No
ORD-103209,2024-06-17,SOUTH,Chennai,R215,P1026,Online,SMB,-3,8833.56,0.0,7.0,No
ORD-100731,2025-03-22,East,Patna,R208,P1042,Partner,Corporate,3,831.6,0.2,2.0,No
ORD-102220,2024-10-20,West,Surat,R209,P1006,Partner,Consumer,5,52413.76,0.0,1.0,Yes
ORD-105304,2024-09-16, North,Delhi,R202,P1042,Retail,Corporate,3,826.17,0.0,2.0,No
ORD-104626,2024-11-19,North,Lucknow,R214,P1040,Partner,Consumer,9,878.89,0.0,11.0,No
ORD-105335,2025-07-21,East,Patna,R212,P1008,Online,Consumer,2,41398.9,0.0,8.0,No
ORD-104861,2025-10-13,West,Surat,R213,P1023,Online,SMB,4,25101.18,0.1,11.0,No
ORD-102783,2025-08-09,South,Kochi,R203,P1034,Partner,Consumer,1,730.26,0.0,1.0,No
ORD-102002,2024-06-15,North,Chandigarh,R202,P1001,Retail,Corporate,3,64501.95,0.0,4.0,No
ORD-105868,2024-01-30,West,Surat,R217,P1048,Retail,Consumer,2,18253.36,0.1,10.0,No
ORD-103666,2025-02-18,East,Guwahati,R216,P1053,Partner,Corporate,2,31379.23,0.0,2.0,No
ORD-105499,2025-12-17,South,Kochi,R207,P1025,Retail,Corporate,5,16422.71,0.1,2.0,No
ORD-104470,2024-10-08,West,Mumbai,R205,P1029,Retail,Consumer,4,15747.18,0.05,10.0,No
ORD-101633,2024-07-07,South,Hyderabad,R211,P1028,Retail,Corporate,2,22183.87,0.05,2.0,Yes
ORD-105402,2024-07-03,North,Chandigarh,R214,P1028,Partner,SMB,4,21989.84,0.0,4.0,No
ORD-102757,2024-09-08,South,Hyderabad,R211,P1047,Online,SMB,2,19214.4,0.05,6.0,No
ORD-102859,2024-08-20,West,Surat,R217,P1031,Online,Consumer,1,866.82,0.0,6.0,No
ORD-101184,2024-06-18,North,Delhi,R202,P1027,Partner,SMB,3,23200.77,0.1,4.0,No
ORD-103122,2025-11-27,East,Kolkata,R208,P1022,Partner,SMB,6,18234.4,0.2,3.0,No
ORD-103184,2024-03-10,South,Kochi,R207,P1011,Partner,Consumer,2,60852.2,0.2,9.0,No
ORD-102055,2024-08-05,North,Lucknow,R202,P1013,Online,Consumer,6,58236.48,0.05,10.0,No
ORD-104334,2025-03-29,East,Patna,R216,P1016,Online,Corporate,3,25403.6,0.15,8.0,No
ORD-104083,2025-08-25,West,Mumbai,R209,P1023,Partner,SMB,4,25889.76,0.0,4.0,No
ORD-100127,2025-09-08,East,Guwahati,R212,P1038,Retail,Consumer,1,337.84,0.0,1.0,No
ORD-104450,2024-05-22,West,Surat,R213,P1048,Online,SMB,3,17868.74,0.0,2.0,No
ORD-100164,2024-08-27,South,Hyderabad,R207,P1017,Partner,Corporate,4,12375.7,0.0,6.0,No
ORD-105722,2025-01-31,West,Surat,R217,P1014,Partner,SMB,5,38583.32,0.1,3.0,No
ORD-101510,2025-10-01,North,Jaipur,R206,P1006,Online,Corporate,7,49850.88,0.1,8.0,No
ORD-103199,2024-07-04,West,Pune,R201,P1034,Retail,SMB,1,714.61,0.0,5.0,No
ORD-101319,2025-11-08,North,Chandigarh,R210,P1036,Online,SMB,4,483.16,0.0,2.0,No
ORD-102540,2025-01-10,West,Mumbai,R213,P1038,Partner,Corporate,5,327.0,0.1,2.0,No
ORD-100472,2024-10-18,South,Kochi,R219,P1023,Online,Consumer,10,25586.3,0.15,6.0,No
ORD-101997,2024-01-17,East,Bhubaneswar,R208,P1023,Retail,Corporate,4,25615.79,0.1,7.0,No
ORD-100018,2025-07-26,East,Kolkata,R216,P1026,Online,SMB,3,8538.6,0.0,5.0,No
ORD-103952,2025-06-02,South,Bengaluru,R211,P1020,Online,Corporate,2,12128.33,0.0,,No
ORD-102956,2025-02-28,North,Delhi,R206,P1028,Online,Corporate,2,22233.56,0.05,4.0,Yes
ORD-102042,2025-08-27,West,Surat,R217,P1003,Partner,SMB,2,32319.16,0.0,11.0,No
ORD-105158,2025-01-04,West,Surat,R213,P1053,Online,SMB,2,31225.54,0.0,6.0,No
ORD-102137,2024-03-04,South,Hyderabad,R207,P1022,Online,SMB,1,18927.6,0.15,8.0,No
ORD-101025,2024-02-28,North,Lucknow,R218,P1023,Partner,SMB,2,25245.45,0.0,,No
ORD-100097,2024-08-27,East,Kolkata,R200,P1043,Partner,Corporate,4,270.93,0.0,6.0,No
ORD-105411,2024-07-19,West,Mumbai,R217,P1010,Retail,Corporate,4,72093.97,0.0,2.0,No
ORD-103114,2024-05-22,South,Kochi,R215,P1029,Online,Corporate,2,15894.95,0.0,3.0,No
ORD-105119,2024-09-16,East,Kolkata,R216,P1043,Online,SMB,-1,281.03,0.0,10.0,No
ORD-102835,2025-02-06,North,Lucknow,R206,P1030,Partner,SMB,1,8235.39,0.1,3.0,No
ORD-103161,2025-02-16,North,Jaipur,R202,P1036,Partner,SMB,3,474.01,0.05,8.0,No
ORD-100449,2025-02-22,East,Patna,R212,P1053,Partner,Consumer,2,30586.21,0.0,2.0,Yes
ORD-100550,2024-01-26,North,Jaipur,R214,P1043,Retail,Consumer,3,284.64,0.0,3.0,No
ORD-104372,2025-05-02,East,Kolkata,R208,P1029,Online,Corporate,1,16246.87,0.05,2.0,No
ORD-103744,2024-06-11,North,Lucknow,R218,P1009,Partner,Consumer,5,44484.98,0.0,2.0,No
ORD-100178,2024-06-22,East,Patna,R208,P1026,Online,Consumer,5,8393.48,0.0,4.0,No
ORD-104529,2025-08-26,North,Jaipur,R214,P1018,Online,SMB,3,13350.08,0.2,9.0,No
ORD-103654,2024-07-22,West,Surat,R201,P1036,Retail,Corporate,3,459.91,0.0,8.0,No
ORD-101340,2025-07-15,North,Delhi,R206,P1050,Online,Consumer,2,14682.37,0.0,8.0,No
ORD-105871,2024-02-28,South,Hyderabad,R211,P1041,Retail,Consumer,4,835.49,0.0,3.0,No
ORD-103548,2025-11-11,South,Kochi,R219,P1036,Retail,SMB,3,473.53,0.15,10.0,No
ORD-103520,2025-06-28,South,Kochi,R219,P1019,Retail,SMB,1,9545.98,0.0,1.0,No
ORD-101591,2025-07-18,South,Chennai,R215,P1037,Partner,Corporate,4,920.66,0.1,1.0,No
ORD-101516,2025-04-30,NORTH,Jaipur,R202,P1004,Online,Consumer,3,73051.4,0.0,2.0,No
ORD-100741,2024-09-18,East,Guwahati,R208,P1048,Online,SMB,7,17280.06,0.0,3.0,No
ORD-104963,2025-12-06,West,Pune,R201,P1032,Retail,Corporate,1,840.1,0.1,8.0,No
ORD-101769,2024-12-25,South,Kochi,R203,P1004,Partner,SMB,3,75385.12,0.0,8.0,No
ORD-105629,2025-01-25,South,Bengaluru,R215,P1050,Retail,Corporate,3,14643.15,0.0,10.0,No
ORD-100483,2024-12-29,North,Jaipur,R206,P1024,Retail,Corporate,8,13262.8,0.0,9.0,No
ORD-105661,2025-03-24, South,Hyderabad,R207,P1045,Partner,SMB,6,439.8,0.15,3.0,No
ORD-102810,2024-10-21,North,Chandigarh,R206,P1055,Partner,Corporate,5,14152.13,0.0,8.0,No
ORD-102021,2024-09-11,South,Bengaluru,R203,P1002,Retail,Consumer,2,75595.52,0.0,7.0,No
ORD-105979,2025-01-17,West,Surat,R217,P1039,Partner,Consumer,3,576.34,0.05,10.0,No
ORD-101910,2024-06-10,West,Mumbai,R217,P1012,Online,Corporate,5,87845.77,0.0,11.0,No
ORD-102485,2025-10-14,South,Kochi,R219,P1025,Retail,Consumer,5,17050.49,0.0,10.0,No
ORD-100780,2025-06-14,North,Jaipur,R202,P1006,Online,Corporate,2,49784.85,0.0,,No
ORD-104644,2025-02-02,South,Bengaluru,R215,P1050,Partner,Consumer,1,14675.02,0.0,2.0,No
ORD-100077,2025-04-26,North,Chandigarh,R214,P1010,Online,Corporate,5,71708.07,0.0,8.0,No
ORD-104878,2024-07-11,South,Hyderabad,R215,P1022,Retail,SMB,4,18653.2,0.15,3.0,No
ORD-101889,2025-04-14,West,Surat,R201,P1023,Retail,Consumer,6,25848.85,0.1,10.0,No
ORD-105103,2024-05-29,North,Chandigarh,R218,P1026,Partner,Corporate,2,8769.58,0.0,6.0,No
ORD-105957,2024-03-08,West,Mumbai,R213,P1045,Online,Consumer,4,447.35,0.2,9.0,No
ORD-105566,2024-01-03,East,Patna,R204,P1013,Retail,Corporate,4,57087.64,0.1,7.0,Yes
ORD-100673,2025-12-02,East,Patna,R208,P1030,Online,SMB,3,8109.16,0.1,1.0,No
ORD-102203,2024-05-31,East,Bhubaneswar,R204,P1007,Partner,SMB,2,65301.47,0.1,7.0,No
ORD-104782,2025-06-14,North,Delhi,R210,P1020,Partner,Consumer,5,11719.37,0.0,3.0,No
ORD-104971,2025-07-18,South,Kochi,R219,P1025,Retail,Consumer,5,16840.62,0.05,11.0,No
ORD-100458,2025-01-16,South,Bengaluru,R215,P1027,Retail,Corporate,2,23358.23,0.0,3.0,No
ORD-102865,2024-12-16,South,Chennai,R207,P1006,Retail,SMB,7,50877.59,0.05,6.0,Yes
ORD-100752,2025-11-10,South,Hyderabad,R211,P1025,Partner,Corporate,9,16683.96,0.05,8.0,No
ORD-100121,2024-02-01,West,Mumbai,R209,P1046,Partner,SMB,3,14264.75,0.1,2.0,No
ORD-103637,2025-06-22,West,Ahmedabad,R217,P1033,Online,Corporate,4,850.41,0.05,5.0,No
ORD-100699,2024-12-15,North,Lucknow,R210,P1022,Retail,Consumer,5,17890.71,0.1,3.0,Yes
ORD-102924,2024-02-21,South,Bengaluru,R203,P1008,Retail,SMB,1,42921.27,0.0,3.0,No
ORD-105344,2025-11-17,South,Chennai,R203,P1055,Retail,SMB,3,14025.74,0.0,2.0,No
ORD-101492,2024-05-20,West,Ahmedabad,R209,P1046,Retail,Consumer,1,14338.34,0.05,4.0,No
ORD-105964,2025-04-22,South,Hyderabad,R211,P1009,Partner,SMB,1,44317.35,0.0,3.0,No
ORD-101948,2025-08-18,West,Mumbai,R201,P1052,Online,SMB,5,19262.03,0.15,10.0,No
ORD-102086,2025-09-05,West,Pune,R217,P1001,Retail,SMB,3,65281.07,0.0,3.0,No
ORD-103365,2024-10-31,South,Bengaluru,R215,P1019,Online,Consumer,3,9202.06,0.0,10.0,No
ORD-100031,2025-09-15,West,Ahmedabad,R209,P1008,Retail,Corporate,3,40877.14,0.0,9.0,Yes
ORD-102154,2024-06-20,South,Kochi,R207,P1013,Retail,Consumer,4,58634.08,0.0,4.0,No
ORD-102758,2024-01-25,East,Kolkata,R208,P1018,Partner,SMB,4,14022.51,0.05,8.0,No
ORD-100069,2024-07-11,South,Bengaluru,R219,P1026,Partner,SMB,2,8521.92,0.0,6.0,No
ORD-101449,2025-09-30,North,Jaipur,R214,P1009,Retail,SMB,3,45353.01,0.0,2.0,No
ORD-105215,2025-08-10,East,Bhubaneswar,R200,P1002,Online,SMB,4,78418.04,0.0,2.0,No
ORD-105849,2024-07-14,East,Guwahati,R204,P1023,Partner,Corporate,2,25210.72,0.0,3.0,No
ORD-103175,2024-12-23,South,Chennai,R215,P1003,Online,Corporate,5,32003.3,0.05,5.0,No
ORD-103627,2024-06-10,South,Bengaluru,R203,P1006,Retail,Consumer,4,50831.26,0.0,11.0,No
ORD-103877,2025-01-26,South,Hyderabad,R207,P1050,Retail,Consumer,1,14858.27,0.1,11.0,No
ORD-105286,2024-08-27,North,Chandigarh,R214,P1047,Online,Corporate,5,19312.11,0.0,2.0,No
ORD-103959,2024-02-28,South,Kochi,R215,P1039,Online,Corporate,2,595.45,0.05,1.0,No
ORD-105734,2025-08-22,South,Hyderabad,R211,P1044,Partner,SMB,2,894.86,0.0,1.0,No
ORD-103221,2025-06-07,SOUTH,Kochi,R203,P1010,Partner,Corporate,5,72486.49,0.0,5.0,No
ORD-103146,2025-06-12,North,Chandigarh,R210,P1002,Retail,SMB,5,78826.78,0.15,1.0,No
ORD-101531,2024-02-01,West,Ahmedabad,R217,P1031,Partner,SMB,4,864.87,0.05,2.0,No
ORD-104501,2024-08-26,South,Kochi,R219,P1013,Partner,Corporate,2,58565.85,0.15,1.0,No
ORD-102432,2025-01-24,East,Kolkata,R212,P1053,Retail,SMB,2,31292.98,0.2,6.0,No
ORD-104361,2025-11-06,East,Guwahati,R212,P1021,Partner,SMB,6,17203.77,0.05,9.0,No
ORD-103574,2025-05-12,East,Guwahati,R208,P1019,Online,SMB,1,9337.21,0.1,3.0,No
ORD-103182,2024-05-11,North,Chandigarh,R202,P1025,Online,Consumer,6,17018.88,0.0,7.0,No
ORD-101912,2025-12-03,North,Lucknow,R218,P1044,Retail,SMB,3,874.48,0.0,4.0,No
ORD-100504,2025-10-22,South,Chennai,R211,P1007,Partner,SMB,4,68715.74,0.1,6.0,No
ORD-100339,2025-03-08,South,Kochi,R207,P1041,Retail,SMB,3,843.7,0.0,6.0,No
ORD-104910,2025-03-23,West,Ahmedabad,R201,P1025,Partner,SMB,2,16248.84,0.0,10.0,No
ORD-103580,2024-06-23,North,Jaipur,R202,P1027,Online,SMB,1,22544.21,0.0,6.0,No
ORD-105654,2025-09-06,West,Surat,R201,P1018,Online,SMB,3,13372.95,0.1,4.0,No
ORD-100798,2025-04-02,East,Bhubaneswar,R200,P1039,Retail,Corporate,4,596.05,0.05,11.0,Yes
ORD-105026,2025-12-25,East,Kolkata,R212,P1053,Online,SMB,8,31585.54,0.1,6.0,No
ORD-104840,2024-07-24,South,Kochi,R203,P1021,Retail,Corporate,6,17225.5,0.15,5.0,No
ORD-105074,2024-07-05,South,Bengaluru,R215,P1053,Retail,Consumer,3,31628.52,0.05,11.0,No
ORD-105662,2024-02-21,East,Bhubaneswar,R216,P1045,Retail,SMB,5,445.9,0.2,11.0,No
ORD-105807,2025-07-11,North,Lucknow,R210,P1043,Partner,Consumer,3,282.31,0.0,9.0,No
ORD-100061,2025-05-07,West,Surat,R213,P1005,Partner,Consumer,5,28922.23,0.0,4.0,No
ORD-101775,2024-03-16,West,Pune,R213,P1036,Online,SMB,5,478.83,0.0,4.0,No
ORD-102845,2024-03-14,East,Kolkata,R200,P1018,Retail,Consumer,5,13390.42,0.05,4.0,No
ORD-105963,2024-05-04,West,Ahmedabad,R205,P1053,Retail,Corporate,3,31255.12,0.15,9.0,No
ORD-102460,2024-07-09,West,Surat,R213,P1051,Online,Consumer,2,34566.07,0.1,2.0,Yes
ORD-104237,2025-01-06, East,Guwahati,R208,P1041,Retail,SMB,2,848.99,0.0,7.0,No
ORD-101567,2025-09-21,NORTH,Delhi,R202,P1034,Partner,SMB,2,727.91,0.0,7.0,No
ORD-104289,2025-08-31,West,Mumbai,R209,P1046,Online,Corporate,4,14591.32,0.0,3.0,No
ORD-104742,2024-04-26,West,Mumbai,R201,P1039,Partner,SMB,2,596.67,0.0,5.0,No
ORD-104456,2024-10-29,West,Pune,R201,P1046,Online,SMB,7,14466.53,0.1,3.0,No
ORD-102848,2025-01-05,North,Delhi,R206,P1039,Retail,Consumer,5,605.33,0.1,10.0,No
ORD-101689,2025-11-18,South,Hyderabad,R211,P1018,Online,Consumer,4,13396.72,0.0,3.0,No
ORD-104153,2025-10-09,East,Kolkata,R212,P1045,Online,Corporate,5,457.33,0.15,2.0,No
ORD-102986,2024-04-09,East,Kolkata,R200,P1054,Online,SMB,3,18761.55,0.2,1.0,No
ORD-102419,2025-09-09,West,Mumbai,R209,P1027,Partner,Corporate,5,22595.97,0.0,4.0,No
ORD-104454,2024-11-22,South,Kochi,R211,P1016,Retail,Corporate,5,24992.81,0.0,10.0,Yes
ORD-105705,2025-02-28,South,Kochi,R219,P1005,Retail,SMB,2,28486.15,0.1,2.0,Yes
ORD-101568,2024-04-23,East,Patna,R200,P1026,Retail,SMB,4,8408.83,0.2,9.0,No
ORD-103965,2024-05-15,West,Mumbai,R209,P1039,Retail,Corporate,3,605.66,0.0,7.0,No
ORD-102339,2024-08-16,East,Guwahati,R216,P1023,Retail,Corporate,3,24713.44,0.0,,No
ORD-102094,2025-01-21,East,Bhubaneswar,R212,P1002,Partner,SMB,2,78768.63,0.0,2.0,No
ORD-105019,2025-01-07,East,Guwahati,R216,P1017,Online,Consumer,2,12153.06,0.1,4.0,No
ORD-102041,2024-03-14,South,Chennai,R211,P1032,Online,SMB,3,884.26,0.0,2.0,No
ORD-104373,2025-03-12,West,Ahmedabad,R217,P1032,Retail,Consumer,4,872.94,0.0,11.0,No
ORD-102200,2024-10-22,South,Kochi,R203,P1030,Partner,Consumer,4,8263.78,0.05,9.0,No
ORD-102272,2024-05-25,West,Ahmedabad,R217,P1041,Online,Consumer,2,812.66,0.0,1.0,Yes
ORD-100381,2024-04-11,East,Guwahati,R200,P1016,Retail,Consumer,3,24899.97,0.05,10.0,No
ORD-103864,2024-06-22,West,Mumbai,R201,P1009,Retail,Consumer,3,44019.84,0.0,,No
ORD-102412,2025-06-10,North,Jaipur,R202,P1014,Online,SMB,1,40410.52,0.2,10.0,No
ORD-103912,2024-08-20,South,Kochi,R203,P1032,Online,Corporate,3,877.47,0.0,7.0,No
ORD-101390,2024-04-09,East,Guwahati,R208,P1043,Partner,Corporate,4,278.46,0.05,2.0,No
ORD-105120,2024-10-24,North,Lucknow,R218,P1030,Partner,SMB,5,8093.3,0.0,5.0,No
ORD-105441,2025-08-06,North,Chandigarh,R210,P1027,Retail,Consumer,3,23186.67,0.0,10.0,No
ORD-103914,2024-05-12,South,Chennai,R211,P1021,Retail,Consumer,4,16947.73,0.15,3.0,No
ORD-101952,2024-07-27,North,Jaipur,R218,P1045,Partner,SMB,2,444.77,0.0,2.0,No
ORD-104162,2025-06-27,North,Lucknow,R202,P1011,Retail,SMB,1,63130.08,0.0,5.0,No
ORD-105151,2025-11-14,East,Guwahati,R208,P1002,Retail,Consumer,5,79271.6,0.0,1.0,No
ORD-102915,2024-10-15,East,Bhubaneswar,R212,P1018,Online,Corporate,5,13731.0,0.15,2.0,No
ORD-102342,2025-02-11,South,Kochi,R219,P1015,Online,SMB,3,33497.63,0.05,1.0,No
ORD-104209,2024-02-15,West,Mumbai,R201,P1025,Retail,SMB,3,16873.77,0.0,7.0,No
ORD-100245,2024-08-17,South,Kochi,R215,P1026,Retail,Corporate,3,8802.6,0.0,10.0,No
ORD-101439,2025-01-20,West,Surat,R209,P1034,Retail,Corporate,2,718.59,0.1,9.0,No
ORD-101022,2024-04-16,North,Chandigarh,R202,P1002,Partner,Consumer,2,78359.57,0.0,6.0,Yes
ORD-103233,2025-10-29, West,Ahmedabad,R213,P1008,Retail,Corporate,6,42657.52,0.0,7.0,No
ORD-105076,2025-11-03,North,Delhi,R206,P1034,Retail,Corporate,2,712.4,0.0,2.0,No
ORD-100411,2024-07-22,West,Mumbai,R213,P1042,Online,Consumer,2,836.46,0.1,4.0,No
ORD-102261,2024-11-04,East,Kolkata,R208,P1050,Online,SMB,5,14326.53,0.0,5.0,No
ORD-101062,2025-12-05,West,Ahmedabad,R217,P1054,Partner,SMB,5,18062.46,0.05,11.0,No
ORD-104212,2025-03-09,East,Guwahati,R200,P1008,Partner,Corporate,3,42469.4,0.05,6.0,No
ORD-105927,2024-07-16,South,Bengaluru,R211,P1047,Retail,Corporate,2,18983.36,0.0,9.0,No
ORD-105725,2025-08-28,East,Guwahati,R216,P1042,Online,Corporate,3,826.96,0.05,5.0,No
ORD-104343,2025-03-03,East,Bhubaneswar,R208,P1053,Online,Corporate,3,30881.42,0.0,10.0,No
ORD-103561,2024-06-04,East,Guwahati,R216,P1035,Online,SMB,2,325.76,0.0,11.0,No
ORD-100665,2024-09-08,North,Delhi,R214,P1014,Retail,SMB,4,39735.71,0.05,6.0,No
ORD-105962,2024-06-30,East,Guwahati,R200,P1021,Retail,SMB,2,16890.55,0.1,11.0,No
ORD-105887,2025-03-14,East,Kolkata,R200,P1048,Online,Consumer,3,18195.54,0.0,10.0,No
ORD-104188,2025-02-02,South,Hyderabad,R215,P1025,Online,SMB,3,16885.73,0.0,5.0,No
ORD-105972,2024-09-14,West,Pune,R201,P1048,Partner,Consumer,4,18074.65,0.0,,No
ORD-100114,2024-01-20,North,Jaipur,R218,P1009,Retail,Consumer,4,44921.93,0.0,5.0,No
ORD-103989,2024-04-29,South,Bengaluru,R207,P1053,Partner,Corporate,6,31797.7,0.0,3.0,No
ORD-102302,2024-06-28,East,Guwahati,R208,P1034,Retail,Corporate,2,695.73,0.05,7.0,No
ORD-102477,2024-09-02,West,Mumbai,R201,P1003,Retail,Corporate,3,33711.03,0.05,10.0,No
ORD-103250,2024-04-17,South,Bengaluru,R203,P1039,Retail,SMB,3,604.11,0.0,6.0,No
ORD-100118,2025-10-23,West,Mumbai,R213,P1046,Partner,SMB,7,13915.56,0.15,10.0,No
ORD-101981,2025-02-12,East,Patna,R216,P1029,Retail,Corporate,1,16195.06,0.15,8.0,No
ORD-102180,2024-08-03,South,Bengaluru,R219,P1016,Retail,Corporate,4,24523.59,0.0,1.0,No
ORD-100162,2025-03-12,North,Delhi,R210,P1012,Partner,Corporate,1,90993.41,0.0,9.0,No
ORD-100263,2025-05-23,East,Patna,R208,P1018,Retail,SMB,2,14029.43,0.0,4.0,No
ORD-105409,2025-08-20,West,Mumbai,R209,P1014,Online,Consumer,2,38567.78,0.0,7.0,No
ORD-104342,2025-03-23,East,Bhubaneswar,R204,P1051,Retail,SMB,2,34974.11,0.1,11.0,No
ORD-100775,2024-02-09,North,Chandigarh,R218,P1054,Partner,Consumer,3,18813.06,0.0,6.0,No
ORD-104871,2025-02-01,North,Delhi,R206,P1014,Partner,SMB,1,40193.15,0.05,3.0,No
ORD-104648,2025-02-22,East,Kolkata,R204,P1039,Online,Corporate,3,597.52,0.0,7.0,No
ORD-105209,2025-05-18,West,Surat,R205,P1054,Online,Consumer,3,18420.35,0.0,4.0,Yes
ORD-105477,2024-12-28,West,Pune,R201,P1008,Retail,Corporate,3,42376.46,0.0,8.0,No
ORD-104676,2024-10-26,North,Jaipur,R214,P1026,Retail,SMB,4,8387.58,0.0,11.0,No
ORD-104940,2024-10-23,East,Guwahati,R200,P1015,Partner,Consumer,4,33354.55,0.15,9.0,No
ORD-104473,2025-01-24,East,Guwahati,R208,P1034,Retail,Consumer,3,698.75,0.0,10.0,Yes
ORD-100651,2025-08-12,West,Mumbai,R201,P1023,Partner,Consumer,2,25656.75,0.05,10.0,No
ORD-103723,2024-06-18,South,Hyderabad,R219,P1018,Partner,Consumer,3,14125.5,0.0,8.0,No
ORD-105447,2025-10-24,West,Ahmedabad,R201,P1025,Partner,Consumer,3,16864.66,0.0,,No
ORD-101170,2024-01-12,North,Chandigarh,R214,P1038,Online,SMB,2,327.09,0.0,6.0,No
ORD-105558,2024-09-14,East,Guwahati,R200,P1045,Partner,Consumer,2,445.18,0.15,11.0,No
ORD-103011,2024-09-19,West,Surat,R213,P1034,Partner,Corporate,3,723.35,0.1,9.0,No
ORD-105984,2024-06-05,North,Lucknow,R218,P1047,Online,Corporate,4,19765.68,0.0,3.0,No
ORD-103874,2024-04-03,North,Delhi,R210,P1049,Partner,Consumer,2,15125.68,0.0,7.0,No
ORD-105977,2024-08-04,North,Lucknow,R206,P1043,Retail,Consumer,1,276.24,0.0,2.0,No
ORD-101368,2025-10-04,North,Jaipur,R218,P1012,Partner,Consumer,7,92243.09,0.15,7.0,No
ORD-100897,2025-01-15,North,Delhi,R214,P1038,Partner,Consumer,3,331.79,0.0,9.0,No
ORD-100928,2024-05-24,East,Kolkata,R200,P1024,Retail,Consumer,2,12976.06,0.2,6.0,Yes
ORD-104772,2025-05-21,East,Patna,R216,P1041,Online,SMB,6,835.25,0.0,4.0,No
ORD-100014,2025-08-09,North,Chandigarh,R210,P1038,Partner,Consumer,4,323.72,0.0,5.0,No
ORD-102548,2024-11-12,North,Jaipur,R214,P1054,Partner,Corporate,5,18132.71,0.0,6.0,No
ORD-100967,2025-10-07,West,Surat,R217,P1055,Retail,SMB,7,14096.34,0.05,9.0,No
ORD-101106,2024-07-29,East,Bhubaneswar,R208,P1013,Retail,Corporate,2,58605.53,0.0,1.0,No
ORD-105537,2024-05-17,West,Surat,R213,P1055,Retail,SMB,1,13782.49,0.0,6.0,No
ORD-104336,2024-12-21,West,Ahmedabad,R217,P1002,Partner,Consumer,2,76958.83,0.15,1.0,No
ORD-103968,2024-03-21,East,Bhubaneswar,R200,P1036,Partner,Corporate,2,466.75,0.0,5.0,No
ORD-101254,2025-06-04,East,Guwahati,R208,P1031,Partner,Consumer,1,862.11,0.0,3.0,No
ORD-102648,2025-05-11,West,Ahmedabad,R201,P1012,Partner,Corporate,3,88721.65,0.15,5.0,No
ORD-102923,2025-09-19,South,Kochi,R203,P1054,Partner,Corporate,2,18329.22,0.0,4.0,No
ORD-104780,2025-05-29,West,Ahmedabad,R205,P1020,Partner,Consumer,4,11883.83,0.2,3.0,No
ORD-104264,2024-09-12,East,Bhubaneswar,R204,P1003,Online,Consumer,4,32437.26,0.0,4.0,No
ORD-105987,2025-10-01,South,Chennai,R215,P1050,Retail,Consumer,8,14881.82,0.0,5.0,No
ORD-101639,2025-08-27,WEST,Surat,R209,P1052,Retail,Corporate,4,19474.82,0.2,4.0,No
ORD-101133,2024-10-30,South,Hyderabad,R211,P1010,Online,SMB,6,73507.85,0.0,6.0,No
ORD-105643,2024-09-29,East,Guwahati,R208,P1048,Online,SMB,2,17787.67,0.0,11.0,No
ORD-103519,2025-11-20,South,Bengaluru,R211,P1051,Online,Corporate,4,35398.86,0.2,7.0,No
ORD-101878,2025-01-11,North,Chandigarh,R218,P1028,Partner,Consumer,1,22627.3,0.05,3.0,No
ORD-100271,2024-10-28,South,Chennai,R203,P1037,Retail,Consumer,5,906.48,0.0,5.0,Yes
ORD-101473,2025-04-27,North,Chandigarh,R218,P1055,Partner,Consumer,5,13848.93,0.0,4.0,No
ORD-105349,2025-07-16,East,Patna,R212,P1022,Online,Corporate,2,17953.73,0.1,5.0,No
ORD-101547,2024-10-21,East,Kolkata,R208,P1024,Retail,Corporate,2,13351.04,0.0,2.0,No
ORD-104310,2024-03-12,West,Surat,R205,P1029,Partner,Consumer,4,16250.84,0.05,5.0,Yes
ORD-105623,2024-09-18,West,Ahmedabad,R217,P1041,Retail,Corporate,1,841.86,0.1,4.0,No
ORD-104440,2024-09-03,North,Delhi,R210,P1003,Retail,Corporate,3,33442.87,0.0,5.0,No
ORD-100838,2025-02-11,East,Patna,R204,P1022,Retail,SMB,3,18852.31,0.0,4.0,No
ORD-102195,2024-04-24,South,Hyderabad,R207,P1010,Online,SMB,1,75412.21,0.0,6.0,No
ORD-101835,2025-11-29,North,Delhi,R210,P1024,Online,Consumer,6,13167.46,0.0,10.0,No
ORD-104891,2025-08-13,East,Bhubaneswar,R204,P1026,Partner,SMB,5,8482.74,0.0,3.0,No
ORD-100412,2025-01-29,North,Delhi,R218,P1018,Retail,Corporate,2,13654.75,0.0,3.0,No
ORD-101712,2025-11-11,North,Chandigarh,R214,P1016,Retail,Consumer,4,24452.09,0.1,8.0,No
ORD-104438,2024-01-19,North,Jaipur,R218,P1035,Retail,SMB,1,336.91,0.0,7.0,No
ORD-105043,2025-08-20,West,Surat,R201,P1049,Online,Consumer,6,15479.7,0.0,5.0,Yes
ORD-102795,2024-03-13,North,Delhi,R206,P1001,Partner,SMB,2,65708.37,0.05,8.0,No
ORD-102221,2024-03-21,South,Hyderabad,R215,P1007,Partner,SMB,2,67606.54,0.0,10.0,No
ORD-100377,2024-11-25,West,Pune,R213,P1028,Online,Corporate,5,21788.36,0.0,8.0,No
ORD-101491,2025-03-16,West,Surat,R209,P1048,Retail,Consumer,3,17714.42,0.15,11.0,No
ORD-100738,2025-04-02,West,Ahmedabad,R213,P1051,Partner,SMB,3,34327.88,0.05,10.0,No
ORD-103377,2025-05-10,East,Bhubaneswar,R204,P1009,Partner,Corporate,5,45185.34,0.0,4.0,No
ORD-103615,2024-08-20,South,Chennai,R219,P1042,Retail,Corporate,4,849.72,0.0,10.0,Yes
ORD-105557,2024-02-01,West,Ahmedabad,R205,P1014,Online,Corporate,2,39822.56,0.0,11.0,No
ORD-100052,2025-12-29,East,Bhubaneswar,R200,P1022,Online,Corporate,4,18916.59,0.0,11.0,No
ORD-104114,2024-10-08,West,Ahmedabad,R209,P1053,Online,Consumer,2,30970.08,0.0,3.0,No
ORD-105405,2025-03-10,West,Pune,R217,P1035,Online,Corporate,1,322.22,0.0,4.0,No
ORD-102269,2025-03-16,North,Delhi,R202,P1011,Partner,Corporate,3,61796.94,0.1,8.0,No
ORD-105094,2024-06-07,West,Pune,R209,P1038,Partner,SMB,3,325.31,0.0,3.0,No
ORD-103094,2024-09-27,West,Surat,R209,P1044,Partner,Corporate,3,907.17,0.0,3.0,No
ORD-101389,2025-05-01,South,Chennai,R215,P1002,Partner,SMB,4,75666.93,0.0,8.0,No
ORD-103188,2024-03-17,West,Mumbai,R213,P1026,Retail,Consumer,3,8463.59,0.0,5.0,No
ORD-103478,2025-04-12,West,Mumbai,R217,P1009,Online,Corporate,2,44839.34,0.0,4.0,No
ORD-103433,2025-12-24,East,Patna,R208,P1037,Online,Consumer,4,906.37,0.0,11.0,No
ORD-104191,2024-09-14,East,Patna,R216,P1041,Online,Corporate,3,843.31,0.0,6.0,No
ORD-102309,2025-08-12,South,Chennai,R211,P1048,Retail,SMB,4,17851.59,0.0,6.0,No
ORD-103222,2025-04-26,West,Surat,R205,P1040,Retail,SMB,4,880.38,0.1,6.0,No
ORD-102590,2025-04-06,West,Pune,R217,P1016,Online,SMB,4,25570.23,0.05,7.0,No
ORD-101632,2024-12-03,South,Chennai,R211,P1041,Partner,SMB,6,822.34,0.0,8.0,No
ORD-104275,2024-04-06,East,Bhubaneswar,R212,P1053,Retail,SMB,3,30327.01,0.0,4.0,No
ORD-103174,2025-12-22,East,Bhubaneswar,R200,P1012,Online,SMB,4,90380.58,0.0,8.0,No
ORD-104812,2024-07-30,North,Chandigarh,R210,P1005,Partner,Corporate,3,28461.4,0.0,8.0,No
ORD-102976,2024-07-09,South,Bengaluru,R211,P1037,Partner,SMB,3,881.96,0.0,11.0,No
ORD-104280,2025-08-15,East,Guwahati,R212,P1003,Partner,SMB,5,33370.1,0.0,3.0,No
ORD-100467,2024-11-04,East,Guwahati,R208,P1022,Retail,SMB,7,18454.99,0.0,11.0,No
ORD-105765,2025-01-04,East,Guwahati,R200,P1002,Retail,Corporate,3,77318.82,0.0,2.0,No
ORD-100903,2025-06-24,West,Surat,R205,P1014,Partner,Corporate,3,39618.02,0.0,10.0,No
ORD-105738,2024-12-28,South,Chennai,R211,P1036,Partner,SMB,3,471.48,0.0,6.0,No
ORD-100071,2024-07-19,North,Delhi,R202,P1028,Online,SMB,3,22086.34,0.1,6.0,No
ORD-103217,2024-12-31,West,Surat,R205,P1011,Partner,SMB,8,62033.05,0.15,10.0,No
ORD-101898,2024-02-11,North,Delhi,R218,P1048,Online,SMB,3,17925.81,0.0,1.0,No
ORD-105052,2024-11-15,South,Kochi,R207,P1039,Retail,Consumer,7,594.69,0.15,10.0,No
ORD-103995,2024-11-06,North,Lucknow,R210,P1041,Partner,Consumer,5,820.27,0.0,4.0,No
ORD-105528,2024-03-24,South,Hyderabad,R207,P1020,Partner,SMB,4,11709.33,0.0,1.0,No
ORD-101207,2025-07-12,North,Jaipur,R218,P1022,Online,Corporate,3,18167.86,0.05,7.0,No
ORD-102077,2024-12-28,South,Kochi,R215,P1010,Retail,Consumer,6,71888.07,0.2,11.0,No
ORD-101590,2025-04-10,North,Jaipur,R202,P1005,Partner,SMB,3,29643.53,0.1,6.0,No
ORD-102844,2024-07-18,West,Pune,R209,P1036,Retail,SMB,4,468.07,0.15,6.0,No
ORD-105159,2024-04-17,East,Kolkata,R200,P1024,Retail,SMB,1,13152.24,0.0,4.0,No
ORD-102205,2025-10-05,East,Patna,R216,P1019,Retail,Consumer,6,9372.3,0.15,6.0,No
ORD-102980,2025-03-09,South,Hyderabad,R207,P1054,Retail,Consumer,2,18255.53,0.05,8.0,No
ORD-100658,2025-05-14,East,Guwahati,R216,P1026,Online,SMB,3,8736.53,0.05,5.0,No
ORD-100063,2024-08-08,South,Kochi,R211,P1001,Online,SMB,3,65724.26,0.2,5.0,No
ORD-101838,2025-10-26,West,Mumbai,R205,P1050,Online,Corporate,6,14839.0,0.2,9.0,No
ORD-104000,2025-09-21,West,Ahmedabad,R217,P1006,Retail,Consumer,3,49841.52,0.0,4.0,No
ORD-105172,2024-06-06,West,Mumbai,R217,P1006,Online,Corporate,4,51497.68,0.0,,No
ORD-103036,2024-07-10,West,Ahmedabad,R209,P1004,Online,SMB,4,72458.15,0.1,10.0,No
ORD-100454,2024-10-25,South,Bengaluru,R215,P1009,Partner,SMB,5,44279.59,0.0,2.0,No
ORD-105479,2025-07-15,East,Kolkata,R200,P1032,Online,Consumer,7,859.45,0.05,3.0,No
ORD-100402,2025-02-16,East,Kolkata,R200,P1027,Retail,Consumer,3,22982.23,0.0,10.0,No
ORD-105085,2024-01-08,West,Pune,R201,P1008,Online,Consumer,2,41215.51,0.05,7.0,No
ORD-101472,2024-10-24,North,Chandigarh,R218,P1007,Partner,Corporate,5,68261.27,0.0,10.0,No
ORD-100677,2025-09-15,East,Bhubaneswar,R212,P1014,Retail,SMB,2,38999.63,0.0,4.0,No
ORD-103356,2025-10-06,West,Surat,R201,P1013,Partner,SMB,6,56559.29,0.2,3.0,No
ORD-101616,2024-02-06,North,Chandigarh,R218,P1031,Partner,SMB,4,861.99,0.0,7.0,No
ORD-101251,2024-07-02,North,Delhi,R218,P1040,Online,SMB,3,882.55,0.0,9.0,No
ORD-101983,2025-06-29,South,Bengaluru,R219,P1004,Partner,SMB,2,73811.96,0.0,6.0,No
ORD-103425,2025-10-16,South,Bengaluru,R211,P1028,Partner,Consumer,2,22916.13,0.05,9.0,No
ORD-104918,2024-11-10,South,Hyderabad,R207,P1055,Partner,SMB,3,14064.23,0.0,7.0,Yes
ORD-105059,2024-03-13,East,Bhubaneswar,R204,P1051,Partner,SMB,2,34454.85,0.0,10.0,No
ORD-103843,2025-05-08,West,Ahmedabad,R217,P1023,Partner,Consumer,2,25444.75,0.0,10.0,No
ORD-104931,2024-04-16,South,Bengaluru,R219,P1042,Online,Corporate,1,822.3,0.0,10.0,No
ORD-101033,2025-09-17,West,Pune,R209,P1048,Partner,Consumer,2,17314.96,0.0,5.0,Yes
ORD-100174,2025-05-25,South,Kochi,R219,P1024,Partner,Consumer,5,13040.32,0.0,3.0,No
ORD-100939,2024-08-11,South,Kochi,R203,P1013,Retail,Consumer,5,59896.91,0.0,3.0,No
ORD-103102,2025-07-07,West,Surat,R201,P1044,Partner,Consumer,1,873.8,0.05,4.0,No
ORD-104787,2024-05-17,South,Kochi,R203,P1034,Online,Consumer,1,711.53,0.0,1.0,No
ORD-102587,2025-09-13,North,Jaipur,R206,P1007,Partner,Corporate,2,66778.07,0.0,8.0,No
ORD-100334,2025-06-08,North,Lucknow,R214,P1006,Partner,SMB,1,49592.93,0.0,7.0,No
ORD-100873,2024-10-31,East,Kolkata,R200,P1029,Online,Consumer,5,16242.52,0.15,7.0,No
ORD-102853,2024-02-24,West,Surat,R217,P1046,Retail,SMB,1,14051.38,0.2,2.0,No
ORD-101486,2025-06-19,North,Jaipur,R210,P1052,Retail,Corporate,2,19417.01,0.0,3.0,Yes
ORD-104293,2025-04-21,East,Patna,R208,P1034,Online,Consumer,4,722.33,0.0,2.0,No
ORD-100296,2025-03-19,South,Hyderabad,R207,P1050,Partner,Corporate,4,14678.69,0.0,1.0,No
ORD-105869,2024-10-19,West,Surat,R217,P1051,Retail,Corporate,5,35302.08,0.0,3.0,No
ORD-105784,2025-04-21,East,Guwahati,R200,P1039,Online,SMB,5,589.1,0.2,4.0,No
ORD-103845,2024-04-18,South,Bengaluru,R207,P1042,Partner,Corporate,1,823.66,0.0,1.0,No
ORD-104218,2024-07-06,West,Ahmedabad,R205,P1010,Partner,Consumer,4,71926.47,0.0,7.0,No
ORD-103760,2025-07-01,South,Kochi,R215,P1041,Partner,Consumer,1,808.0,0.0,11.0,No
ORD-100378,2024-08-06,East,Patna,R204,P1028,Partner,Corporate,4,22201.78,0.0,4.0,No
ORD-103110,2024-05-11,South,Hyderabad,R219,P1037,Partner,Consumer,3,919.83,0.0,3.0,No
ORD-102770,2025-05-22,SOUTH,Kochi,R211,P1025,Retail,SMB,1,16550.93,0.0,4.0,No
ORD-103918,2025-04-14,West,Surat,R205,P1039,Online,Consumer,4,584.68,0.0,10.0,No
ORD-104138,2025-11-29,North,Jaipur,R218,P1027,Retail,Consumer,5,23233.05,0.0,2.0,No
ORD-102210,2024-10-13,South,Kochi,R207,P1037,Retail,Consumer,6,917.26,0.0,9.0,No
ORD-102172,2024-04-15,West,Ahmedabad,R209,P1025,Online,Consumer,5,16399.0,0.0,1.0,No
ORD-102599,2025-07-03,East,Kolkata,R200,P1041,Online,Consumer,4,827.27,0.0,2.0,No
ORD-102052,2025-09-17,South,Chennai,R207,P1024,Partner,Consumer,4,13219.72,0.0,5.0,No
ORD-100915,2024-07-26,West,Ahmedabad,R213,P1034,Partner,Consumer,-1,718.03,0.1,10.0,No
ORD-105996,2025-07-30,EAST,Bhubaneswar,R208,P1037,Retail,Corporate,2,914.31,0.15,6.0,No
ORD-105780,2024-12-01,East,Guwahati,R200,P1007,Partner,SMB,3,65469.21,0.0,6.0,No
ORD-104707,2024-03-15,West,Surat,R209,P1020,Partner,SMB,2,11840.83,0.05,9.0,No
ORD-102335,2024-01-28,South,Kochi,R203,P1038,Partner,Consumer,4,326.78,0.0,3.0,No
ORD-103820,2024-01-17,North,Jaipur,R214,P1025,Retail,Corporate,5,16482.75,0.0,7.0,No
ORD-100956,2024-05-03,North,Jaipur,R206,P1002,Partner,SMB,-2,78791.59,0.15,4.0,No
ORD-101887,2024-08-24,North,Lucknow,R206,P1029,Retail,Consumer,3,16128.0,0.0,1.0,No
ORD-105073,2025-10-08,East,Bhubaneswar,R212,P1002,Online,Consumer,2,79136.67,0.0,7.0,No
ORD-103717,2025-04-26,East,Bhubaneswar,R212,P1036,Retail,SMB,3,462.23,0.0,7.0,No
ORD-104027,2024-10-31,North,Chandigarh,R202,P1016,Retail,Corporate,5,25108.85,0.0,1.0,No
ORD-101182,2025-04-02,East,Kolkata,R216,P1003,Partner,Consumer,6,32661.32,0.15,11.0,No
ORD-103272,2025-08-31,East,Guwahati,R208,P1042,Partner,Corporate,3,859.93,0.0,5.0,No
ORD-105004,2024-03-21,South,Bengaluru,R207,P1048,Partner,Corporate,3,18205.82,0.05,7.0,No
ORD-104602,2025-07-29,East,Kolkata,R216,P1035,Online,Corporate,1,323.02,0.0,,No
ORD-104452,2024-05-15,East,Patna,R216,P1042,Retail,Corporate,3,869.42,0.0,10.0,No
ORD-101423,2025-02-08,East,Kolkata,R200,P1027,Retail,SMB,4,23006.01,0.1,8.0,No
ORD-105559,2024-10-24,North,Lucknow,R202,P1039,Retail,Consumer,4,576.0,0.0,5.0,No
ORD-102400,2025-05-28,West,Surat,R201,P1002,Online,Consumer,4,78373.69,0.0,3.0,No
ORD-102892,2024-04-03,South,Kochi,R211,P1021,Partner,Corporate,4,17535.1,0.05,11.0,No
ORD-105250,2024-02-14,South,Chennai,R215,P1008,Online,SMB,4,41418.67,0.15,4.0,No
ORD-103596,2024-11-18,West,Surat,R213,P1022,Online,Corporate,2,18716.32,0.0,8.0,No
ORD-101722,2024-05-05,North,Jaipur,R206,P1038,Retail,SMB,2,328.84,0.0,4.0,Yes
ORD-101667,2024-04-11,South,Kochi,R203,P1034,Retail,SMB,3,693.43,0.05,10.0,Yes
ORD-102884,2024-08-09,East,Guwahati,R216,P1014,Partner,SMB,4,38454.42,0.1,2.0,No
ORD-102994,2025-03-15,North,Delhi,R214,P1025,Retail,Corporate,4,16287.33,0.0,4.0,No
ORD-104763,2024-12-28,West,Ahmedabad,R209,P1003,Retail,SMB,5,32895.09,0.0,7.0,No
ORD-100886,2025-06-15,South,Hyderabad,R207,P1043,Retail,Corporate,2,277.82,0.0,5.0,No
ORD-104056,2025-05-25,North,Jaipur,R210,P1002,Partner,Consumer,2,75618.61,0.0,5.0,No
ORD-105380,2025-04-22,West,Mumbai,R201,P1008,Retail,Corporate,4,42751.54,0.0,2.0,No
ORD-105775,2024-12-25,North,Delhi,R218,P1024,Retail,Corporate,6,13300.93,0.0,9.0,No
ORD-100333,2024-07-04,South,Chennai,R203,P1036,Retail,SMB,6,475.43,0.15,2.0,No
ORD-100153,2024-10-06,East,Patna,R216,P1013,Online,Consumer,4,56745.49,0.0,6.0,No
ORD-105516,2025-05-27, South,Kochi,R219,P1044,Online,Corporate,2,870.23,0.2,8.0,No
ORD-100721,2024-11-13,South,Kochi,R215,P1016,Partner,Corporate,4,24214.58,0.05,11.0,No
ORD-100373,2024-03-25,North,Jaipur,R206,P1004,Retail,SMB,4,74487.3,0.0,11.0,No
ORD-100312,2025-03-20,East,Guwahati,R200,P1028,Retail,Consumer,2,22178.34,0.0,1.0,No
ORD-101849,2024-12-22,East,Bhubaneswar,R216,P1016,Partner,SMB,5,25405.29,0.0,3.0,No
ORD-101622,2024-04-09,West,Mumbai,R209,P1004,Partner,Corporate,3,73695.67,0.0,11.0,No
ORD-100042,2025-02-11,East,Bhubaneswar,R216,P1041,Partner,Corporate,5,825.59,0.1,10.0,No
ORD-102693,2025-10-09,South,Hyderabad,R207,P1053,Retail,SMB,4,30791.41,0.0,5.0,No
ORD-105067,2025-01-08,West,Ahmedabad,R209,P1038,Retail,SMB,3,339.0,0.0,2.0,No
ORD-104618,2025-03-18,South,Bengaluru,R203,P1030,Online,SMB,6,8102.59,0.0,9.0,Yes
ORD-100417,2025-05-15,South,Chennai,R207,P1021,Retail,SMB,2,17482.56,0.0,1.0,No
ORD-104858,2024-09-01,East,Bhubaneswar,R216,P1008,Retail,Consumer,4,43088.85,0.05,9.0,No
ORD-104753,2024-06-18,West,Mumbai,R209,P1018,Retail,Consumer,2,13828.98,0.05,6.0,No
ORD-105920,2025-07-11,East,Kolkata,R204,P1051,Online,Corporate,4,33458.38,0.0,4.0,No
ORD-105627,2024-06-07,South,Bengaluru,R215,P1003,Online,SMB,5,31991.78,0.0,4.0,No
ORD-100704,2025-09-07,North,Delhi,R218,P1016,Online,Corporate,1,24146.46,0.0,5.0,Yes
ORD-100732,2025-12-20,North,Chandigarh,R210,P1035,Partner,SMB,5,337.6,0.0,4.0,No
ORD-105768,2024-09-13,West,Mumbai,R209,P1002,Online,SMB,2,75758.77,0.0,10.0,No
ORD-100944,2025-10-23,North,Jaipur,R214,P1033,Partner,Corporate,6,861.88,0.2,4.0,No
ORD-105839,2024-04-22,SOUTH,Bengaluru,R211,P1039,Online,Corporate,2,579.34,0.1,2.0,No
ORD-103614,2024-07-18,West,Surat,R201,P1012,Partner,Corporate,6,91771.15,0.05,6.0,No
ORD-101806,2025-01-04,West,Surat,R213,P1042,Online,Consumer,3,844.8,0.0,6.0,No
ORD-101018,2024-08-04,East,Bhubaneswar,R212,P1011,Retail,Corporate,3,61162.14,0.0,10.0,No
ORD-105565,2025-04-04,West,Surat,R205,P1017,Retail,Consumer,3,12698.61,0.05,9.0,No
ORD-100907,2025-08-01,West,Mumbai,R213,P1020,Partner,SMB,3,12355.82,0.0,4.0,No
ORD-101693,2024-09-05,South,Chennai,R215,P1001,Partner,SMB,2,62978.18,0.1,4.0,No
ORD-102791,2025-04-13,West,Pune,R209,P1033,Online,Corporate,3,853.47,0.1,5.0,No
ORD-104368,2024-04-27,West,Ahmedabad,R201,P1042,Retail,SMB,3,854.94,0.1,2.0,No
ORD-105589,2024-03-11,West,Pune,R217,P1033,Online,Consumer,3,858.41,0.0,9.0,No
ORD-100519,2025-08-26,West,Pune,R201,P1049,Retail,Corporate,3,14834.39,0.1,2.0,No
ORD-100814,2025-11-10,East,Kolkata,R208,P1009,Online,SMB,8,43884.58,0.05,11.0,Yes
ORD-100818,2024-09-13,North,Jaipur,R206,P1043,Partner,SMB,6,283.08,0.05,9.0,No
ORD-103449,2025-06-05,East,Bhubaneswar,R208,P1026,Retail,Corporate,3,8486.68,0.0,5.0,No
ORD-104830,2024-09-17,East,Bhubaneswar,R216,P1032,Retail,SMB,3,853.69,0.0,3.0,No
ORD-101522,2024-11-28,North,Delhi,R214,P1029,Partner,Corporate,9,15527.46,0.0,3.0,No
ORD-101638,2024-08-09,East,Patna,R216,P1038,Retail,Corporate,2,330.96,0.0,4.0,No
ORD-105945,2024-05-22,South,Bengaluru,R211,P1014,Online,Corporate,5,40416.02,0.0,6.0,No
ORD-103557,2024-04-21,West,Pune,R213,P1045,Online,Corporate,4,450.41,0.1,6.0,Yes
ORD-105682,2025-04-23,South,Kochi,R219,P1023,Online,SMB,2,24689.0,0.0,2.0,No
ORD-101700,2024-01-11,North,Delhi,R218,P1007,Online,Corporate,2,66659.26,0.0,3.0,No
ORD-103526,2024-02-13,East,Bhubaneswar,R204,P1049,Partner,SMB,1,14870.46,0.0,1.0,No
ORD-105217,2024-03-02,North,Jaipur,R214,P1051,Retail,Consumer,3,34825.67,0.0,1.0,No
ORD-103734,2024-03-05,South,Hyderabad,R215,P1011,Partner,Corporate,2,61467.1,0.0,4.0,No
ORD-103046,2024-04-23,East,Bhubaneswar,R200,P1040,Retail,SMB,5,871.78,0.0,3.0,No
ORD-101883,2025-10-29,East,Kolkata,R200,P1045,Retail,Consumer,4,450.48,0.0,2.0,No
ORD-102592,2024-09-27,North,Delhi,R206,P1023,Retail,Corporate,2,24665.37,0.0,4.0,No
ORD-100379,2024-04-01,West,Surat,R217,P1033,Partner,Corporate,4,873.4,0.0,4.0,Yes
ORD-103775,2025-12-22,South,Kochi,R215,P1002,Online,Corporate,4,78349.35,0.0,4.0,No
ORD-104003,2025-05-21,North,Delhi,R218,P1006,Retail,Consumer,-5,51389.77,0.0,11.0,No
ORD-102251,2025-08-27,East,Patna,R216,P1049,Online,Corporate,5,15117.32,0.0,7.0,No
ORD-104439,2024-05-11,East,Bhubaneswar,R208,P1024,Partner,Corporate,3,13042.27,0.05,11.0,No
ORD-102148,2025-01-07,East,Patna,R200,P1054,Online,Corporate,2,19036.75,0.0,8.0,No
ORD-103726,2025-09-25,South,Kochi,R219,P1028,Retail,SMB,3,21836.14,0.0,6.0,No
ORD-102144,2025-09-04,East,Guwahati,R212,P1013,Retail,Consumer,2,56564.48,0.15,7.0,No
ORD-102566,2025-11-24,East,Guwahati,R200,P1045,Partner,SMB,4,434.93,0.05,6.0,No
ORD-101803,2025-08-01,East,Patna,R212,P1039,Online,SMB,4,605.61,0.0,8.0,No
ORD-105859,2024-03-05,South,Hyderabad,R207,P1015,Retail,Corporate,3,34086.7,0.0,1.0,No
ORD-105357,2025-03-29,North,Lucknow,R202,P1047,Partner,Consumer,3,19278.34,0.0,9.0,No
ORD-103621,2025-08-08,South,Bengaluru,R207,P1040,Online,SMB,2,883.04,0.15,1.0,No
ORD-105520,2024-05-01,West,Pune,R209,P1004,Retail,SMB,2,72784.17,0.0,11.0,No
ORD-103967,2024-02-27,South,Kochi,R211,P1010,Online,Corporate,4,74594.16,0.0,4.0,No
ORD-101594,2025-01-23,South,Chennai,R215,P1006,Online,Corporate,4,50801.5,0.0,4.0,No
ORD-104328,2024-02-11,East,Patna,R212,P1054,Retail,SMB,3,19044.12,0.0,11.0,No
ORD-104890,2025-04-18,East,Patna,R212,P1031,Retail,SMB,2,872.43,0.0,9.0,No
ORD-101706,2025-02-07,South,Hyderabad,R215,P1019,Online,SMB,3,9522.69,0.0,10.0,No
ORD-105939,2024-10-14,South,Kochi,R211,P1043,Retail,SMB,8,274.85,0.0,4.0,No
ORD-103790,2024-02-10,North,Lucknow,R214,P1044,Online,Corporate,4,911.12,0.1,2.0,No
ORD-101820,2025-08-09,North,Lucknow,R206,P1052,Partner,SMB,3,19621.98,0.05,4.0,No
ORD-102562,2024-12-06,South,Bengaluru,R215,P1049,Online,Corporate,3,15435.7,0.05,2.0,No
ORD-102559,2024-06-17,West,Surat,R217,P1022,Online,Corporate,2,17977.93,0.1,4.0,No
ORD-104208,2025-06-10,West,Surat,R213,P1054,Online,Consumer,2,18404.63,0.05,6.0,No
ORD-105095,2025-12-09,West,Mumbai,R213,P1024,Partner,Corporate,3,13070.82,0.15,,No
ORD-101582,2024-03-02,East,Guwahati,R200,P1010,Retail,SMB,2,73200.14,0.2,5.0,No
ORD-102547,2025-04-16,North,Chandigarh,R218,P1009,Retail,Corporate,4,43340.94,0.0,1.0,No
ORD-100319,2024-05-25,South,Bengaluru,R219,P1024,Retail,Consumer,3,12676.54,0.0,9.0,No
ORD-104321,2025-02-01,East,Patna,R204,P1030,Retail,Consumer,2,8044.16,0.0,9.0,No
ORD-105138,2025-02-25,South,Kochi,R219,P1029,Partner,Consumer,2,15878.63,0.0,7.0,No
ORD-105288,2024-03-10,West,Surat,R217,P1029,Partner,SMB,3,15761.68,0.0,7.0,Yes
ORD-103364,2025-08-25,West,Surat,R201,P1005,Online,SMB,2,28184.06,0.0,1.0,Yes
ORD-105545,2025-01-15,East,Guwahati,R200,P1010,Retail,SMB,4,75116.18,0.0,1.0,No
ORD-101763,2024-07-12,West,Mumbai,R213,P1043,Retail,SMB,4,281.35,0.1,3.0,No
ORD-102843,2025-08-22,South,Chennai,R203,P1030,Retail,Consumer,4,8115.6,0.1,1.0,No
ORD-104944,2025-10-31,South,Hyderabad,R215,P1045,Retail,SMB,7,442.14,0.1,8.0,No
ORD-104717,2025-10-12,West,Pune,R209,P1049,Partner,Consumer,5,15397.06,0.0,4.0,No
ORD-105941,2025-06-19,East,Patna,R200,P1007,Retail,Corporate,1,67302.77,0.0,1.0,No
ORD-102141,2024-11-28,South,Chennai,R211,P1022,Online,Consumer,5,18352.12,0.1,4.0,No
ORD-100213,2025-01-23,East,Kolkata,R212,P1052,Retail,SMB,3,19615.27,0.1,1.0,No
ORD-104866,2025-06-29,North,Delhi,R218,P1045,Online,SMB,2,443.22,0.05,4.0,No
ORD-104433,2025-03-20,East,Guwahati,R216,P1053,Partner,Consumer,6,30747.94,0.0,5.0,No
ORD-103497,2025-04-20,North,Lucknow,R218,P1055,Partner,SMB,4,13430.32,0.05,1.0,No
ORD-100803,2025-01-05,North,Chandigarh,R210,P1055,Retail,Consumer,3,13864.43,0.0,11.0,No
ORD-105278,2025-09-10,West,Ahmedabad,R209,P1049,Retail,Consumer,4,15353.44,0.15,4.0,No
ORD-105264,2024-05-20,South,Bengaluru,R211,P1009,Partner,Consumer,3,42893.12,0.0,11.0,No
ORD-104132,2025-01-16,East,Guwahati,R204,P1029,Partner,Corporate,2,15900.99,0.0,11.0,No
ORD-100105,2024-10-14,North,Delhi,R214,P1041,Partner,Consumer,7,822.91,0.0,5.0,No
ORD-104458,2024-12-02,North,Lucknow,R202,P1049,Partner,SMB,5,15615.22,0.0,8.0,No
ORD-104946,2024-09-18,East,Kolkata,R200,P1010,Online,Corporate,4,71553.01,0.0,4.0,No
ORD-103805,2024-10-10,WEST,Pune,R209,P1010,Online,Corporate,8,74848.23,0.0,10.0,No
ORD-102806,2024-06-11,North,Chandigarh,R206,P1014,Online,Corporate,2,40435.61,0.2,8.0,No
ORD-104952,2025-12-30,South,Chennai,R219,P1019,Online,Consumer,8,9506.63,0.0,6.0,No
ORD-101465,2024-09-08,East,Kolkata,R204,P1023,Online,Consumer,3,24953.25,0.05,10.0,No
ORD-102953,2024-02-10,North,Delhi,R202,P1024,Partner,SMB,3,12902.97,0.0,6.0,No
ORD-100565,2025-07-14,North,Jaipur,R202,P1051,Online,Consumer,2,34047.57,0.0,3.0,No
ORD-103213,2025-03-24,East,Bhubaneswar,R212,P1003,Partner,SMB,4,33471.8,0.0,5.0,No
ORD-104345,2024-10-28,West,Surat,R205,P1018,Partner,Corporate,5,13615.21,0.0,3.0,No
ORD-102524,2024-07-04,West,Ahmedabad,R205,P1047,Partner,SMB,4,18946.89,0.15,11.0,No
ORD-101474,2025-05-22,East,Kolkata,R216,P1005,Online,SMB,3,28155.05,0.15,10.0,No
ORD-103236,2024-02-19,South,Hyderabad,R215,P1053,Retail,Consumer,2,31790.19,0.0,1.0,No
ORD-102829,2025-08-03,West,Surat,R201,P1034,Online,Consumer,3,727.68,0.0,7.0,No
ORD-102502,2024-09-21,West,Ahmedabad,R205,P1004,Retail,SMB,3,72100.71,0.0,1.0,Yes
ORD-100317,2025-07-07, North,Chandigarh,R210,P1025,Partner,Corporate,2,16302.91,0.0,3.0,No
ORD-101200,2025-11-16,SOUTH,Chennai,R211,P1052,Retail,Corporate,4,19273.78,0.1,2.0,No
ORD-105203,2024-04-27,East,Kolkata,R216,P1006,Partner,SMB,2,50513.94,0.0,10.0,No
ORD-102278,2025-11-02,North,Delhi,R218,P1031,Online,Corporate,5,877.5,0.2,10.0,No
ORD-100652,2025-12-04,North,Chandigarh,R206,P1055,Partner,Corporate,3,13449.84,0.2,8.0,No
ORD-100070,2024-11-23,West,Pune,R217,P1039,Partner,Consumer,4,605.47,0.0,3.0,Yes
ORD-102658,2024-07-04,North,Delhi,R214,P1045,Online,SMB,2,450.81,0.0,4.0,No
ORD-101174,2024-08-17,South,Bengaluru,R211,P1049,Retail,Consumer,2,14843.28,0.0,7.0,No
ORD-101088,2024-12-05,East,Patna,R212,P1045,Retail,Consumer,3,449.6,0.0,8.0,No
ORD-104320,2024-11-18,North,Lucknow,R214,P1031,Retail,Consumer,5,832.8,0.0,1.0,No
ORD-100410,2025-04-16,North,Lucknow,R210,P1030,Partner,Corporate,1,7968.54,0.1,4.0,Yes
ORD-104064,2024-03-07,NORTH,Lucknow,R214,P1041,Retail,Consumer,6,832.79,0.0,10.0,No
ORD-105919,2024-12-19,East,Guwahati,R212,P1004,Online,Consumer,8,71988.08,0.0,1.0,No
ORD-102386,2024-05-16,North,Delhi,R206,P1047,Retail,Consumer,4,19203.14,0.0,1.0,No
ORD-105121,2024-12-22,South,Chennai,R207,P1009,Partner,SMB,2,44414.9,0.05,1.0,No
ORD-102091,2025-06-10,East,Bhubaneswar,R200,P1010,Retail,SMB,4,72945.51,0.15,7.0,Yes
ORD-104635,2024-06-21,East,Bhubaneswar,R204,P1018,Partner,Consumer,2,13972.88,0.0,6.0,No
ORD-100601,2024-04-12,North,Lucknow,R202,P1051,Retail,Consumer,7,33727.68,0.05,6.0,No
ORD-105428,2024-04-07,North,Jaipur,R206,P1050,Retail,Consumer,2,14276.3,0.2,11.0,No
ORD-103013,2024-04-25,South,Kochi,R203,P1051,Online,Consumer,5,34499.92,0.0,9.0,No
ORD-104792,2025-03-24,East,Patna,R200,P1001,Retail,Corporate,1,66167.81,0.0,2.0,No
ORD-105530,2025-12-05,North,Jaipur,R214,P1038,Partner,Corporate,3,325.42,0.05,2.0,No
ORD-102219,2024-06-06,East,Bhubaneswar,R208,P1046,Partner,Consumer,1,14378.45,0.0,3.0,No
ORD-102465,2025-01-02,East,Kolkata,R208,P1044,Retail,Corporate,2,874.44,0.0,9.0,No
ORD-100837,2024-10-18,East,Bhubaneswar,R212,P1050,Online,Consumer,7,14373.92,0.1,8.0,No
ORD-103325,2024-09-25,East,Guwahati,R208,P1030,Online,Consumer,4,8073.12,0.0,8.0,No
ORD-100624,2025-05-05,North,Lucknow,R218,P1029,Online,Corporate,2,15704.82,0.15,2.0,No
ORD-101627,2024-03-12,East,Bhubaneswar,R200,P1042,Partner,SMB,3,856.23,0.0,5.0,No
ORD-100806,2024-04-22,South,Hyderabad,R219,P1053,Retail,SMB,3,30621.55,0.2,5.0,No
ORD-104978,2025-01-12,West,Mumbai,R205,P1017,Online,Consumer,2,12085.77,0.0,9.0,No
ORD-105580,2025-02-02,West,Mumbai,R209,P1042,Partner,Consumer,1,856.98,0.15,2.0,No
ORD-103115,2024-12-17,West,Surat,R217,P1040,Online,SMB,3,859.61,0.0,6.0,No
ORD-100637,2024-03-19,East,Kolkata,R200,P1008,Partner,Corporate,5,42675.62,0.0,11.0,No
ORD-100423,2024-03-22,East,Patna,R200,P1005,Online,Corporate,3,28075.69,0.0,8.0,No
ORD-104823,2025-12-17,West,Ahmedabad,R217,P1046,Retail,Corporate,1,13987.26,0.1,,No
ORD-101996,2025-07-09,North,Jaipur,R206,P1024,Retail,SMB,2,13151.28,0.0,9.0,No
ORD-104472,2025-03-21,West,Surat,R205,P1028,Partner,Consumer,4,21803.92,0.05,6.0,No
ORD-104620,2025-12-24,North,Chandigarh,R218,P1037,Retail,Corporate,4,898.5,0.0,3.0,No
ORD-102486,2024-10-18,West,Mumbai,R217,P1046,Retail,Corporate,4,13992.86,0.0,2.0,No
ORD-100150,2025-01-29,North,Lucknow,R202,P1039,Online,Corporate,4,594.19,0.1,,No
ORD-103109,2025-12-24,West,Ahmedabad,R213,P1040,Online,Consumer,6,835.73,0.1,8.0,No
ORD-101580,2024-05-10,East,Bhubaneswar,R200,P1001,Online,SMB,2,65674.09,0.0,3.0,No
ORD-100626,2024-07-08,East,Guwahati,R200,P1049,Retail,Corporate,2,15443.27,0.0,11.0,No
ORD-103002,2025-08-30,East,Bhubaneswar,R204,P1032,Online,Corporate,1,869.03,0.0,6.0,No
ORD-104601,2024-01-05,North,Jaipur,R214,P1051,Retail,SMB,3,35338.68,0.15,8.0,No
ORD-103796,2024-01-10,West,Ahmedabad,R209,P1046,Online,Corporate,5,14022.58,0.0,2.0,No
ORD-103481,2024-06-18,East,Kolkata,R216,P1037,Retail,SMB,3,896.55,0.05,3.0,No
ORD-100143,2024-02-20,East,Guwahati,R204,P1047,Partner,SMB,3,19367.48,0.0,4.0,No
ORD-104813,2024-04-07,North,Lucknow,R218,P1013,Partner,Corporate,3,57734.53,0.0,1.0,No
ORD-102574,2024-04-01,East,Kolkata,R200,P1011,Online,Corporate,1,61407.11,0.0,11.0,No
ORD-104662,2024-09-07,South,Bengaluru,R219,P1039,Online,Corporate,7,601.35,0.0,4.0,No
ORD-104014,2024-11-05,South,Chennai,R219,P1052,Online,Corporate,5,19619.79,0.0,9.0,No
ORD-101880,2024-04-27,West,Mumbai,R217,P1024,Retail,Consumer,4,12738.15,0.1,11.0,No
ORD-105251,2024-12-09,East,Guwahati,R204,P1045,Partner,Consumer,8,443.79,0.0,2.0,No
ORD-103452,2024-03-07,East,Kolkata,R208,P1005,Online,Consumer,7,29428.74,0.05,3.0,No
ORD-103605,2025-04-11,South,Bengaluru,R219,P1016,Online,Consumer,4,25053.92,0.0,10.0,No
ORD-103342,2025-02-18,West,Mumbai,R205,P1025,Retail,Corporate,3,16256.89,0.0,2.0,No
ORD-105527,2024-04-14,West,Pune,R209,P1031,Retail,SMB,3,861.78,0.2,3.0,No
ORD-105793,2025-10-20,South,Hyderabad,R207,P1012,Partner,SMB,5,92726.42,0.15,8.0,Yes
ORD-102171,2024-11-22,West,Ahmedabad,R217,P1052,Online,Consumer,4,19419.14,0.15,3.0,No
ORD-104975,2025-08-07,East,Guwahati,R204,P1045,Retail,SMB,4,448.47,0.2,4.0,No
ORD-105171,2024-07-28,South,Bengaluru,R211,P1018,Partner,Consumer,6,13573.59,0.0,9.0,No
ORD-102780,2024-05-27,South,Bengaluru,R219,P1020,Online,Consumer,6,12184.92,0.05,7.0,No
ORD-104720,2024-04-04,South,Chennai,R215,P1004,Retail,Corporate,1,71966.41,0.15,10.0,No
ORD-102832,2025-09-02,South,Hyderabad,R215,P1047,Online,SMB,1,18975.19,0.05,3.0,No
ORD-101178,2025-01-13,East,Kolkata,R200,P1039,Online,SMB,1,603.34,0.05,1.0,No
ORD-105462,2024-05-01, West,Pune,R201,P1040,Retail,Consumer,2,877.33,0.05,10.0,No
ORD-102230,2024-04-16,East,Bhubaneswar,R212,P1042,Online,SMB,3,821.51,0.1,6.0,No
ORD-100617,2025-01-01,South,Kochi,R215,P1013,Online,Corporate,3,59066.99,0.0,9.0,No
ORD-101324,2025-05-12,East,Patna,R212,P1016,Partner,Corporate,3,25209.93,0.1,10.0,No
ORD-100690,2025-07-25,East,Kolkata,R216,P1055,Retail,SMB,3,13783.74,0.0,6.0,No
ORD-105845,2025-01-01,West,Surat,R209,P1018,Retail,Consumer,1,13582.63,0.0,1.0,No
ORD-102288,2025-10-28,West,Ahmedabad,R209,P1009,Online,SMB,4,43950.11,0.0,10.0,No
ORD-103302,2024-08-04,North,Delhi,R214,P1010,Retail,SMB,3,73645.09,0.05,10.0,No
ORD-101350,2024-04-30,West,Mumbai,R209,P1025,Online,Consumer,3,16536.17,0.0,8.0,No
ORD-102729,2024-03-26,South,Bengaluru,R219,P1032,Online,Corporate,3,842.44,0.2,2.0,Yes
ORD-105782,2024-07-07,West,Ahmedabad,R217,P1035,Retail,Consumer,3,332.84,0.15,1.0,No
ORD-104561,2024-01-14,North,Lucknow,R210,P1018,Online,SMB,5,13925.25,0.0,9.0,No
ORD-101187,2024-05-14,North,Lucknow,R210,P1007,Retail,Corporate,4,67776.97,0.05,4.0,No
ORD-101191,2024-09-12,East,Kolkata,R216,P1032,Online,Consumer,1,847.11,0.0,3.0,No
ORD-100145,2025-02-23,East,Kolkata,R208,P1008,Retail,Consumer,2,41887.09,0.15,3.0,No
ORD-103572,2025-11-29,North,Delhi,R202,P1049,Online,Corporate,3,15516.66,0.05,3.0,No
ORD-104420,2024-05-22,North,Delhi,R202,P1015,Retail,SMB,5,33544.35,0.0,10.0,No
ORD-103742,2025-06-07,East,Patna,R216,P1008,Partner,SMB,2,42791.24,0.15,6.0,No
ORD-101762,2024-03-26,West,Surat,R217,P1052,Online,Corporate,2,18929.14,0.0,2.0,No
ORD-103800,2024-01-16,South,Chennai,R211,P1009,Retail,Consumer,5,44406.26,0.0,7.0,No
ORD-104802,2024-07-17,West,Mumbai,R209,P1014,Partner,Corporate,4,38783.86,0.0,6.0,No
ORD-104810,2024-07-31,South,Hyderabad,R203,P1002,Online,Consumer,3,78551.93,0.0,9.0,No
ORD-101834,2025-08-06,West,Pune,R213,P1002,Partner,Corporate,3,76466.77,0.05,9.0,No
ORD-105921,2025-07-22,East,Patna,R200,P1018,Retail,Corporate,3,13902.28,0.0,9.0,No
ORD-101111,2025-01-03,North,Chandigarh,R206,P1009,Retail,Corporate,4,43875.92,0.15,8.0,No
ORD-102127,2025-05-11,East,Guwahati,R208,P1041,Online,Corporate,3,821.24,0.0,3.0,No
ORD-104997,2025-03-12,South,Chennai,R219,P1027,Online,Corporate,5,23150.26,0.15,1.0,No
ORD-104783,2024-05-08,South,Chennai,R211,P1021,Partner,Consumer,2,17398.24,0.05,6.0,No
ORD-105726,2024-07-04,South,Hyderabad,R211,P1007,Online,Consumer,4,67246.47,0.0,9.0,No
ORD-102277,2024-04-24,South,Bengaluru,R211,P1008,Partner,SMB,3,41622.69,0.2,3.0,No
ORD-103795,2025-05-06,East,Patna,R216,P1038,Partner,Corporate,5,332.75,0.0,10.0,No
ORD-102499,2025-01-05,North,Chandigarh,R202,P1006,Retail,SMB,7,51055.83,0.0,4.0,No
ORD-101824,2025-10-22,South,Chennai,R215,P1020,Online,SMB,4,12137.92,0.1,11.0,No
ORD-102788,2025-01-02,East,Bhubaneswar,R212,P1044,Online,Consumer,4,881.71,0.0,4.0,No
ORD-104196,2024-08-31,North,Jaipur,R214,P1041,Partner,Corporate,2,832.58,0.1,8.0,No
ORD-104386,2025-08-16,West,Surat,R201,P1034,Partner,Corporate,3,698.13,0.05,11.0,No
ORD-103827,2025-02-21,South,Hyderabad,R203,P1031,Online,SMB,1,839.14,0.0,4.0,No
ORD-102492,2024-05-06,North,Delhi,R214,P1041,Online,Corporate,2,826.66,0.1,10.0,No
ORD-100878,2024-09-07,West,Pune,R209,P1004,Partner,SMB,4,71416.65,0.0,5.0,No
ORD-101455,2024-08-05,West,Mumbai,R201,P1034,Partner,Consumer,3,710.63,0.0,9.0,No
ORD-100391,2024-10-09,North,Delhi,R206,P1001,Retail,Corporate,7,64948.75,0.0,4.0,No
ORD-104182,2025-06-01,West,Pune,R213,P1022,Retail,SMB,4,18473.16,0.0,8.0,No
ORD-102283,2024-05-28,East,Guwahati,R204,P1048,Partner,SMB,3,17396.35,0.0,5.0,Yes
ORD-102714,2024-02-10,EAST,Bhubaneswar,R204,P1050,Online,SMB,1,14662.89,0.0,1.0,No
ORD-105371,2024-07-27,East,Guwahati,R204,P1015,Retail,SMB,2,33108.62,0.05,3.0,No
ORD-105619,2024-02-03,North,Jaipur,R214,P1016,Partner,Consumer,2,25438.88,0.15,5.0,No
ORD-102958,2024-03-20,East,Guwahati,R204,P1007,Partner,Corporate,1,64878.02,0.05,4.0,No
ORD-100475,2024-02-21,West,Pune,R213,P1012,Retail,SMB,1,91640.12,0.05,9.0,No
ORD-101694,2025-02-04,East,Patna,R212,P1040,Online,SMB,2,886.48,0.0,5.0,No
ORD-101295,2025-01-17,East,Kolkata,R216,P1043,Retail,SMB,2,270.45,0.0,5.0,No
ORD-102092,2025-04-22,North,Jaipur,R206,P1030,Retail,Consumer,3,8158.16,0.15,7.0,No
ORD-103050,2024-05-13,East,Guwahati,R204,P1024,Online,SMB,4,12925.26,0.1,8.0,No
ORD-101137,2025-11-06,East,Guwahati,R216,P1003,Partner,Consumer,4,33550.3,0.1,10.0,No
ORD-102072,2025-07-27,South,Kochi,R219,P1030,Online,Corporate,3,8024.76,0.05,6.0,No
ORD-105331,2024-12-16,South,Hyderabad,R211,P1011,Online,SMB,6,59943.12,0.0,10.0,No
ORD-100832,2025-07-05,South,Kochi,R207,P1003,Retail,Corporate,3,31959.6,0.0,10.0,No
ORD-100591,2024-08-28,North,Chandigarh,R202,P1048,Partner,Consumer,5,17951.02,0.0,1.0,No
ORD-104658,2025-08-07,South,Hyderabad,R203,P1017,Partner,Consumer,2,12733.26,0.0,4.0,No
ORD-105716,2025-05-03,North,Chandigarh,R210,P1019,Online,SMB,5,9476.35,0.15,1.0,No
ORD-103592,2025-09-13,West,Ahmedabad,R205,P1001,Retail,Corporate,2,65491.46,0.05,11.0,No
ORD-105731,2025-09-13,East,Kolkata,R200,P1038,Retail,SMB,6,320.64,0.0,7.0,No
ORD-100109,2024-11-17,North,Chandigarh,R210,P1022,Online,SMB,2,18565.54,0.15,8.0,No
ORD-105256,2025-07-27,West,Pune,R201,P1050,Online,Corporate,2,14916.88,0.15,10.0,No
ORD-104318,2025-08-23,South,Kochi,R219,P1007,Partner,Consumer,2,67956.64,0.0,8.0,No
ORD-101052,2025-07-01,East,Guwahati,R216,P1035,Retail,Corporate,-2,325.95,0.15,4.0,No
ORD-101311,2025-06-20,East,Guwahati,R200,P1026,Partner,Corporate,3,8748.87,0.0,2.0,No
ORD-100668,2025-12-02,North,Delhi,R202,P1002,Retail,Corporate,4,75934.03,0.0,3.0,No
ORD-100253,2024-12-22,South,Hyderabad,R215,P1036,Partner,Consumer,4,483.2,0.0,5.0,No
ORD-105168,2024-10-04,West,Surat,R205,P1053,Partner,SMB,4,31247.67,0.0,11.0,No
ORD-105715,2025-06-01,East,Patna,R216,P1054,Partner,SMB,3,18235.46,0.0,4.0,No
ORD-105588,2024-03-04,West,Pune,R201,P1045,Online,Corporate,2,447.66,0.0,7.0,No
ORD-102690,2024-12-04,North,Chandigarh,R210,P1015,Partner,SMB,5,32232.84,0.05,5.0,No
ORD-104641,2025-02-25,North,Delhi,R210,P1001,Partner,Corporate,2,65843.58,0.05,10.0,No
ORD-105045,2025-10-09,North,Chandigarh,R206,P1027,Retail,SMB,3,22693.63,0.1,8.0,No
ORD-105667,2024-10-10,East,Guwahati,R204,P1033,Retail,Corporate,7,842.19,0.0,2.0,No
ORD-100843,2025-02-14,North,Delhi,R214,P1027,Partner,Corporate,1,22583.69,0.0,3.0,No
ORD-104159,2024-10-05,West,Mumbai,R209,P1021,Retail,SMB,5,17040.87,0.0,9.0,No
ORD-104509,2025-10-02,East,Guwahati,R216,P1028,Partner,Consumer,4,22454.14,0.0,7.0,No
ORD-103374,2025-04-14,North,Lucknow,R202,P1025,Retail,Consumer,1,16349.62,0.0,8.0,No
ORD-103394,2024-03-12,West,Surat,R217,P1051,Online,Corporate,4,33852.42,0.0,5.0,No
ORD-100884,2024-08-14,West,Surat,R205,P1033,Online,SMB,2,835.89,0.0,4.0,No
ORD-104547,2025-03-03,South,Bengaluru,R203,P1031,Retail,Corporate,3,857.96,0.0,10.0,No
ORD-105354,2024-01-22,South,Chennai,R203,P1047,Retail,SMB,3,19092.24,0.0,2.0,No
ORD-103996,2024-05-13,West,Ahmedabad,R201,P1001,Online,Consumer,3,63727.24,0.15,7.0,No
ORD-104752,2025-04-22,WEST,Surat,R209,P1005,Partner,SMB,4,28613.72,0.0,8.0,No
ORD-101879,2025-03-15,South,Chennai,R215,P1025,Online,Consumer,3,17065.7,0.0,8.0,No
ORD-105677,2024-07-28,North,Delhi,R202,P1045,Retail,SMB,4,444.12,0.0,6.0,No
ORD-105582,2025-03-01,North,Lucknow,R210,P1038,Retail,Consumer,4,330.29,0.0,2.0,No
ORD-101485,2025-10-01,West,Mumbai,R205,P1009,Retail,SMB,4,44328.27,0.2,3.0,No
ORD-105423,2024-10-06,East,Bhubaneswar,R208,P1051,Retail,Consumer,5,33930.82,0.2,4.0,No
ORD-102417,2025-11-25,East,Guwahati,R212,P1055,Retail,Consumer,6,13928.55,0.0,11.0,No
ORD-102737,2024-02-29,East,Kolkata,R216,P1021,Retail,SMB,2,17196.12,0.0,2.0,No
ORD-102267,2025-11-22,West,Surat,R217,P1019,Retail,Corporate,4,9656.15,0.0,5.0,No
ORD-104173,2024-01-31,East,Kolkata,R204,P1039,Retail,Consumer,1,606.63,0.0,9.0,No
ORD-103368,2024-01-15,West,Pune,R213,P1023,Partner,Consumer,1,25387.56,0.0,1.0,No
ORD-102808,2024-07-30,South,Kochi,R215,P1004,Online,Corporate,2,74421.01,0.2,4.0,No
ORD-100869,2025-04-27,North,Delhi,R218,P1003,Retail,Corporate,5,31869.22,0.0,7.0,No
ORD-102468,2024-07-18,West,Surat,R201,P1004,Partner,SMB,2,74585.78,0.0,7.0,No
ORD-103893,2024-06-30,South,Bengaluru,R207,P1055,Retail,Corporate,2,13761.72,0.0,11.0,Yes
ORD-100450,2025-05-16,West,Mumbai,R213,P1008,Online,Corporate,2,42332.59,0.0,6.0,No
ORD-105115,2025-01-13,South,Hyderabad,R203,P1027,Retail,Corporate,1,22809.84,0.0,1.0,No
ORD-105656,2024-04-15,South,Kochi,R203,P1026,Online,SMB,1,8691.7,0.0,3.0,No
ORD-101979,2025-07-29,East,Patna,R212,P1055,Online,SMB,1,13706.23,0.0,3.0,No
ORD-100696,2025-09-12,North,Chandigarh,R202,P1014,Retail,Consumer,2,39894.48,0.0,4.0,No
ORD-101741,2025-06-07,East,Patna,R208,P1002,Online,Consumer,7,77822.1,0.0,4.0,No
ORD-103718,2024-11-07,North,Lucknow,R210,P1054,Partner,Corporate,9,18886.93,0.0,11.0,No
ORD-100811,2025-10-05,South,Chennai,R207,P1044,Online,SMB,5,891.27,0.0,3.0,No
ORD-103284,2025-09-12,South,Kochi,R203,P1046,Partner,Consumer,5,13935.45,0.0,10.0,No
ORD-102189,2025-06-25,North,Lucknow,R210,P1039,Retail,SMB,4,600.1,0.1,9.0,No
ORD-105006,2025-06-10,North,Delhi,R206,P1016,Partner,Corporate,3,24347.37,0.05,1.0,No
ORD-105617,2024-07-28,North,Lucknow,R210,P1012,Retail,Consumer,3,91362.63,0.1,5.0,No
ORD-105145,2025-07-08,North,Delhi,R202,P1003,Partner,Corporate,4,33067.64,0.0,9.0,No
ORD-100505,2024-08-28,West,Ahmedabad,R217,P1037,Online,Corporate,2,877.96,0.0,6.0,No
ORD-103303,2024-05-02,East,Kolkata,R204,P1051,Online,Consumer,3,34209.4,0.1,8.0,No
ORD-100405,2025-02-18,WEST,Ahmedabad,R209,P1055,Partner,Corporate,4,13782.98,0.0,10.0,No
ORD-103640,2025-06-19,North,Lucknow,R218,P1046,Retail,Consumer,4,14634.49,0.15,7.0,No
ORD-100183,2024-07-30,South,Kochi,R215,P1041,Retail,Corporate,2,848.71,0.1,8.0,No
ORD-105926,2024-03-12,East,Kolkata,R212,P1039,Retail,Corporate,2,604.23,0.0,2.0,No
ORD-101876,2025-03-11,South,Bengaluru,R203,P1043,Online,Consumer,3,273.78,0.0,6.0,No
ORD-105813,2025-07-23,South,Hyderabad,R219,P1041,Online,Corporate,2,816.71,0.05,3.0,No
ORD-100609,2025-06-09,North,Delhi,R206,P1039,Retail,Consumer,3,605.68,0.0,8.0,No
ORD-102674,2025-12-16,West,Pune,R217,P1009,Partner,Consumer,4,44081.78,0.1,6.0,No
ORD-102033,2025-07-31,NORTH,Chandigarh,R206,P1028,Partner,Consumer,5,22228.12,0.0,7.0,No
ORD-103981,2025-05-01, East,Bhubaneswar,R216,P1025,Retail,Consumer,1,17169.48,0.0,7.0,Yes
ORD-101968,2024-02-08,North,Jaipur,R206,P1042,Online,Corporate,4,850.92,0.0,10.0,No
ORD-100020,2025-09-15,West,Pune,R213,P1051,Online,Corporate,4,34460.11,0.1,6.0,No
ORD-102218,2024-02-29,West,Ahmedabad,R209,P1035,Retail,SMB,1,334.57,0.0,8.0,No
ORD-105521,2025-12-18,North,Delhi,R218,P1053,Retail,Consumer,3,30372.85,0.0,3.0,No
ORD-105686,2025-03-30,South,Chennai,R211,P1048,Partner,Consumer,2,18073.21,0.0,3.0,Yes
ORD-102224,2024-03-10,South,Kochi,R219,P1020,Online,SMB,3,12411.38,0.05,2.0,No
ORD-100327,2024-07-05,South,Chennai,R203,P1033,Retail,Corporate,4,856.52,0.0,8.0,No
ORD-103270,2024-03-11,West,Surat,R205,P1015,Online,Corporate,1,32725.64,0.05,2.0,No
ORD-102518,2024-10-01,NORTH,Lucknow,R214,P1012,Online,Corporate,4,92305.15,0.0,6.0,No
ORD-101874,2024-03-15,North,Chandigarh,R218,P1041,Online,Corporate,5,803.44,0.0,8.0,Yes
ORD-104362,2024-10-27,North,Lucknow,R206,P1033,Partner,Corporate,5,864.85,0.1,2.0,No
ORD-101756,2024-10-15,North,Lucknow,R202,P1053,Online,SMB,3,31770.16,0.2,11.0,No
ORD-102178,2024-06-13,West,Mumbai,R209,P1015,Partner,SMB,2,32831.4,0.05,3.0,No
ORD-104961,2025-07-23,North,Chandigarh,R218,P1053,Partner,SMB,3,31467.15,0.0,11.0,No
ORD-105989,2025-09-23,North,Lucknow,R218,P1016,Partner,Corporate,4,24747.67,0.0,11.0,No
ORD-103410,2024-11-13,West,Mumbai,R213,P1050,Retail,SMB,4,14989.36,0.15,2.0,Yes
ORD-105923,2025-07-10,North,Lucknow,R210,P1003,Online,Corporate,3,32866.31,0.0,7.0,No
ORD-100489,2025-10-12,East,Kolkata,R216,P1012,Retail,Corporate,5,87963.42,0.15,7.0,No
ORD-100606,2024-07-27,South,Bengaluru,R219,P1020,Retail,Corporate,3,11991.25,0.15,8.0,No
ORD-103212,2024-01-29,South,Bengaluru,R203,P1013,Partner,Corporate,2,59058.41,0.0,2.0,Yes
ORD-102464,2024-06-09,East,Guwahati,R216,P1039,Partner,SMB,2,600.81,0.05,3.0,No
ORD-101738,2024-04-22,East,Kolkata,R200,P1049,Online,SMB,1,15544.76,0.0,7.0,No
ORD-100152,2025-02-18, North,Chandigarh,R214,P1005,Partner,SMB,4,28284.66,0.0,9.0,No
ORD-100889,2024-02-21,East,Guwahati,R212,P1014,Retail,Consumer,3,39476.7,0.0,10.0,No
ORD-105980,2025-05-07,South,Hyderabad,R219,P1030,Online,Corporate,3,8224.33,0.0,4.0,No
ORD-103082,2025-06-16,West,Ahmedabad,R205,P1008,Partner,Corporate,2,43264.75,0.1,1.0,No
ORD-100269,2025-07-10,West,Ahmedabad,R217,P1052,Online,Consumer,3,19335.41,0.15,2.0,No
ORD-100096,2025-01-25,North,Lucknow,R214,P1019,Online,Consumer,2,9634.38,0.0,6.0,No
ORD-103824,2025-10-26,South,Bengaluru,R203,P1039,Partner,SMB,5,588.69,0.0,4.0,No
ORD-105060,2025-11-02,South,Hyderabad,R211,P1044,Retail,SMB,6,871.5,0.0,10.0,No
ORD-103885,2025-04-10,West,Surat,R217,P1047,Retail,Consumer,3,19447.92,0.0,5.0,No
ORD-101799,2024-12-20,West,Ahmedabad,R213,P1009,Retail,Corporate,5,43954.9,0.05,3.0,No
ORD-104967,2024-11-15,South,Kochi,R219,P1015,Retail,Corporate,4,33399.76,0.0,7.0,No
ORD-101572,2024-09-19,South,Chennai,R219,P1041,Retail,SMB,2,817.51,0.15,5.0,No
ORD-104628,2025-12-25,North,Chandigarh,R210,P1005,Partner,Corporate,9,28319.65,0.1,4.0,No
ORD-101067,2024-10-13,East,Patna,R204,P1047,Online,SMB,6,19900.69,0.1,2.0,No
ORD-105195,2024-05-09,West,Surat,R205,P1007,Retail,Corporate,5,67031.82,0.0,5.0,No
ORD-102760,2025-05-09,North,Jaipur,R202,P1023,Retail,SMB,3,25022.86,0.0,4.0,No
ORD-100715,2025-04-05,West,Mumbai,R205,P1052,Online,Corporate,4,18913.41,0.0,11.0,No
ORD-104059,2024-12-11,East,Bhubaneswar,R208,P1047,Retail,Consumer,5,19384.69,0.0,2.0,No
ORD-105708,2024-05-15,West,Mumbai,R217,P1044,Retail,Consumer,6,874.3,0.0,3.0,No
ORD-105634,2024-08-05,South,Hyderabad,R211,P1015,Online,Corporate,2,33871.31,0.1,1.0,No
ORD-103346,2025-02-06,North,Lucknow,R214,P1028,Retail,Consumer,3,22544.62,0.05,9.0,No
ORD-104565,2025-09-11,North,Chandigarh,R202,P1014,Partner,Corporate,4,38631.92,0.0,7.0,No
ORD-104660,2024-01-17,West,Mumbai,R209,P1006,Online,Consumer,2,52354.7,0.05,3.0,Yes
ORD-101798,2025-01-20,South,Kochi,R203,P1007,Online,Corporate,1,68813.9,0.05,4.0,No
ORD-100461,2025-08-19,North,Chandigarh,R214,P1039,Online,Consumer,2,589.71,0.05,11.0,No
ORD-105373,2025-07-08, South,Chennai,R219,P1044,Partner,Corporate,3,915.96,0.0,1.0,No
ORD-102944,2025-02-26,West,Pune,R217,P1012,Online,SMB,1,92484.67,0.1,11.0,No
ORD-101795,2024-02-08,South,Hyderabad,R219,P1007,Online,Corporate,2,66223.53,0.05,2.0,No
ORD-101869,2024-04-03,West,Ahmedabad,R217,P1049,Retail,Consumer,3,15070.78,0.1,4.0,No
ORD-105489,2025-09-07,West,Ahmedabad,R209,P1048,Retail,Consumer,6,17587.35,0.0,8.0,No
ORD-101345,2024-01-23,South,Chennai,R211,P1038,Retail,SMB,2,330.25,0.0,6.0,No
ORD-104791,2024-03-23,West,Mumbai,R213,P1011,Retail,SMB,3,60570.78,0.05,10.0,No
ORD-105271,2025-06-18,North,Chandigarh,R214,P1026,Online,SMB,3,8580.46,0.0,11.0,No
ORD-105848,2024-07-06,East,Guwahati,R208,P1036,Online,SMB,1,485.8,0.0,3.0,No
ORD-105024,2025-07-13,West,Pune,R201,P1003,Online,Consumer,4,32514.37,0.0,7.0,No
ORD-101214,2024-09-09,West,Surat,R213,P1004,Online,Consumer,5,75186.35,0.0,8.0,No
ORD-101372,2024-10-21,North,Lucknow,R210,P1038,Retail,Corporate,4,332.41,0.0,1.0,No
ORD-100243,2024-05-11,North,Jaipur,R206,P1033,Retail,Consumer,1,840.93,0.0,9.0,No
ORD-104039,2024-08-01,East,Bhubaneswar,R212,P1029,Online,Consumer,3,16216.07,0.0,11.0,No
ORD-102799,2024-05-20,East,Patna,R212,P1029,Partner,Corporate,6,16029.07,0.0,4.0,No
ORD-101679,2025-05-26,East,Kolkata,R204,P1047,Retail,SMB,3,19190.22,0.1,4.0,No
ORD-103850,2025-08-10,North,Chandigarh,R202,P1030,Retail,SMB,2,7928.5,0.0,10.0,No
ORD-101312,2024-04-06,East,Guwahati,R212,P1049,Partner,Consumer,3,15338.84,0.1,4.0,No
ORD-100648,2025-01-17,East,Bhubaneswar,R216,P1048,Partner,Corporate,2,17247.82,0.0,5.0,No
ORD-103238,2025-10-16,East,Patna,R200,P1008,Partner,Consumer,10,42227.6,0.1,9.0,Yes
ORD-102643,2025-05-23,West,Mumbai,R213,P1030,Retail,Consumer,5,8280.79,0.05,5.0,No
ORD-104409,2024-10-20,South,Kochi,R203,P1007,Partner,SMB,4,68522.72,0.0,7.0,No
ORD-100155,2024-04-03,East,Patna,R212,P1053,Online,Consumer,1,31026.31,0.0,4.0,No
ORD-103428,2024-02-17,West,Surat,R205,P1047,Partner,Corporate,5,19139.65,0.0,6.0,No
ORD-103453,2025-01-02,South,Bengaluru,R203,P1043,Retail,SMB,4,272.98,0.0,6.0,No
ORD-101303,2025-07-13,West,Surat,R213,P1048,Retail,Consumer,4,17616.72,0.1,4.0,No
ORD-101150,2024-09-26,South,Hyderabad,R207,P1055,Online,Corporate,5,13609.76,0.0,7.0,No
ORD-103047,2024-08-12,North,Delhi,R218,P1015,Online,SMB,2,34005.99,0.0,2.0,No
ORD-105897,2025-06-07,East,Bhubaneswar,R200,P1037,Online,Consumer,2,907.58,0.0,2.0,No
ORD-101046,2025-11-10,North,Chandigarh,R214,P1002,Partner,SMB,4,75196.97,0.0,4.0,No
ORD-101640,2025-04-18,East,Guwahati,R204,P1040,Partner,Consumer,4,844.87,0.0,6.0,No
ORD-101306,2024-05-16,East,Bhubaneswar,R200,P1001,Retail,SMB,2,64791.41,0.0,8.0,No
ORD-101927,2024-08-25,East,Kolkata,R204,P1007,Partner,Corporate,1,64892.06,0.0,1.0,No
ORD-105591,2025-01-06,East,Bhubaneswar,R216,P1005,Retail,Consumer,2,27961.48,0.05,11.0,No
ORD-103439,2024-09-25,East,Bhubaneswar,R216,P1014,Online,Corporate,6,40453.63,0.0,9.0,Yes
ORD-104121,2025-08-12,South,Chennai,R203,P1006,Online,Consumer,2,51827.35,0.05,11.0,No
ORD-102244,2024-04-12,East,Patna,R212,P1046,Retail,SMB,3,13969.53,0.0,9.0,No
ORD-103136,2024-08-17,West,Mumbai,R201,P1022,Partner,SMB,2,18809.67,0.0,5.0,No
ORD-100015,2025-04-14,East,Guwahati,R204,P1014,Online,SMB,2,39674.58,0.0,7.0,No
ORD-103538,2024-12-02,North,Lucknow,R218,P1049,Retail,Consumer,7,14878.47,0.05,9.0,No
ORD-105417,2024-10-21,South,Bengaluru,R203,P1054,Partner,Consumer,4,18844.16,0.05,2.0,No
ORD-104979,2024-09-25,South,Hyderabad,R211,P1023,Partner,Corporate,1,24522.51,0.0,7.0,No
ORD-102669,2024-04-03,West,Surat,R205,P1051,Retail,Consumer,2,33406.34,0.0,7.0,No
ORD-101360,2024-12-06,North,Lucknow,R218,P1027,Partner,SMB,3,23409.5,0.0,1.0,Yes
ORD-101844,2025-09-25,East,Bhubaneswar,R208,P1024,Partner,Consumer,3,12641.41,0.2,11.0,No
ORD-103098,2024-02-01,East,Bhubaneswar,R216,P1036,Retail,SMB,3,482.33,0.0,5.0,No
ORD-101612,2025-02-12,West,Pune,R201,P1038,Retail,SMB,2,328.28,0.15,8.0,No
ORD-100497,2024-03-30,North,Chandigarh,R210,P1012,Partner,Consumer,3,88574.19,0.0,9.0,No
ORD-102840,2024-07-19,North,Jaipur,R202,P1040,Partner,SMB,2,863.3,0.0,1.0,No
ORD-104611,2025-11-02,North,Chandigarh,R218,P1046,Retail,SMB,10,14294.46,0.0,5.0,No
ORD-102604,2025-11-01,East,Guwahati,R200,P1003,Retail,Consumer,5,32092.2,0.1,10.0,No
ORD-103633,2024-08-30,South,Chennai,R219,P1003,Online,Consumer,3,32625.0,0.0,5.0,No
ORD-101478,2024-07-20,North,Chandigarh,R206,P1001,Retail,SMB,2,65072.53,0.05,6.0,No
ORD-105507,2024-07-11,North,Chandigarh,R218,P1019,Retail,Consumer,1,9377.32,0.0,1.0,No
ORD-101095,2025-11-02,North,Delhi,R206,P1017,Online,SMB,3,12083.8,0.0,2.0,No
ORD-100542,2024-12-07,West,Surat,R209,P1024,Retail,SMB,9,12701.93,0.05,1.0,No
ORD-104729,2025-01-08,North,Jaipur,R214,P1039,Retail,Consumer,4,607.55,0.0,10.0,No
ORD-104074,2024-02-19,South,Hyderabad,R215,P1050,Partner,Consumer,2,14576.52,0.05,11.0,No
ORD-100431,2025-09-05,North,Jaipur,R218,P1032,Retail,Consumer,2,857.32,0.0,2.0,No
ORD-100728,2025-09-01,North,Chandigarh,R202,P1028,Online,SMB,3,22904.95,0.0,6.0,No
ORD-105384,2024-11-17,East,Patna,R216,P1049,Online,Corporate,5,15365.83,0.0,5.0,No
ORD-104412,2025-02-21,West,Surat,R205,P1014,Retail,Corporate,2,39879.91,0.05,2.0,No
ORD-102561,2025-11-01,West,Surat,R205,P1053,Online,Consumer,6,31095.83,0.05,9.0,No
ORD-101337,2024-04-26,North,Lucknow,R214,P1041,Retail,Consumer,6,817.66,0.0,5.0,No
ORD-103606,2025-08-18,West,Ahmedabad,R213,P1054,Retail,Consumer,2,18141.0,0.0,7.0,No
ORD-102877,2025-07-25,North,Chandigarh,R202,P1014,Online,Corporate,3,40522.08,0.0,1.0,No
ORD-104415,2024-11-02,North,Lucknow,R218,P1034,Online,Corporate,3,714.5,0.0,4.0,No
ORD-101031,2024-05-08,West,Pune,R209,P1019,Partner,Corporate,3,9106.34,0.05,11.0,No
ORD-101110,2025-01-06,South,Bengaluru,R215,P1028,Online,Consumer,2,22878.75,0.0,5.0,No
ORD-101888,2025-08-09,South,Bengaluru,R215,P1024,Partner,Consumer,3,13143.14,0.0,2.0,No
ORD-103550,2025-12-18,North,Delhi,R218,P1015,Online,Consumer,6,33169.61,0.0,3.0,No
ORD-101527,2024-12-10,South,Kochi,R219,P1048,Partner,SMB,1,18114.11,0.0,10.0,Yes
ORD-100753,2024-01-11,East,Patna,R208,P1054,Partner,Corporate,4,18294.44,0.0,11.0,Yes
ORD-103049,2025-01-23,North,Jaipur,R210,P1028,Online,SMB,2,22819.32,0.0,10.0,No
ORD-102628,2025-07-29,South,Kochi,R207,P1011,Retail,SMB,3,60594.39,0.0,6.0,No
ORD-100562,2025-01-15,East,Patna,R208,P1048,Online,SMB,3,17750.03,0.0,3.0,No
ORD-104764,2025-02-10,East,Patna,R212,P1034,Partner,Corporate,2,709.16,0.0,2.0,Yes
ORD-103562,2024-06-13,North,Delhi,R206,P1053,Online,SMB,2,30257.79,0.05,4.0,No
ORD-100252,2025-03-12,East,Patna,R216,P1048,Retail,Corporate,5,17462.15,0.0,7.0,No
ORD-102516,2024-12-21,East,Patna,R216,P1027,Online,Consumer,5,22537.52,0.0,10.0,No
ORD-102962,2025-12-04,SOUTH,Kochi,R207,P1054,Online,Consumer,5,19058.35,0.0,8.0,No
ORD-104453,2025-07-13,West,Mumbai,R213,P1027,Partner,SMB,3,23316.23,0.05,1.0,No
ORD-105374,2024-09-11,South,Hyderabad,R215,P1047,Retail,SMB,3,19596.21,0.2,3.0,No
ORD-105396,2024-09-18,North,Chandigarh,R206,P1052,Retail,SMB,1,18713.54,0.1,7.0,No
ORD-101202,2025-12-27,East,Patna,R212,P1054,Online,Consumer,2,18198.87,0.05,6.0,No
ORD-103462,2025-05-12,North,Chandigarh,R218,P1033,Partner,Consumer,1,877.93,0.1,3.0,No
ORD-102797,2025-04-08,East,Guwahati,R212,P1038,Online,Consumer,4,321.46,0.0,3.0,No
ORD-104225,2025-02-19,East,Guwahati,R216,P1034,Retail,Consumer,3,700.34,0.0,3.0,No
ORD-100144,2025-04-02,South,Chennai,R211,P1009,Retail,Consumer,3,44210.67,0.0,8.0,No
ORD-105056,2025-01-06,North,Delhi,R218,P1022,Online,SMB,5,18161.08,0.0,10.0,No
ORD-102895,2025-03-18,West,Ahmedabad,R201,P1015,Partner,Consumer,2,32964.45,0.0,6.0,No
ORD-102763,2025-02-15,North,Jaipur,R210,P1031,Retail,Corporate,3,834.62,0.0,1.0,No
ORD-100905,2025-09-09,South,Kochi,R219,P1015,Online,Consumer,2,33782.1,0.05,1.0,No
ORD-105192,2024-02-15,West,Surat,R209,P1053,Retail,SMB,4,31937.15,0.05,6.0,No
ORD-103980,2024-07-10,West,Surat,R209,P1042,Retail,SMB,2,856.32,0.05,11.0,No
ORD-100235,2025-12-16,East,Bhubaneswar,R208,P1022,Online,SMB,3,18727.57,0.0,4.0,No
ORD-105157,2025-04-12,South,Kochi,R219,P1021,Partner,Corporate,1,17674.27,0.0,2.0,No
